pair,metric,n_cross,mean,sd,min,q25,median,q75,max
P1,nominal_chars_in_token,211,1.052132701421801,0.22282323000595475,1.0,1.0,1.0,1.0,2.0
P1,particle_chars_in_token,211,1.04739336492891,0.2129840855971895,1.0,1.0,1.0,1.0,2.0
P1,nominal_total_chars,211,2.2369668246445498,0.5696768456045623,1.0,2.0,2.0,3.0,4.0
P1,particle_total_chars,211,1.04739336492891,0.2129840855971895,1.0,1.0,1.0,1.0,2.0
P1,nominal_fraction_covered,211,0.50434439178515,0.18188702052899947,0.25,0.3333333333333333,0.5,0.5,1.0
P1,particle_fraction_covered,211,1.0,0.0,1.0,1.0,1.0,1.0,1.0
P2,nominal_chars_in_token,197,1.0101522842639594,0.1005011785765009,1.0,1.0,1.0,1.0,2.0
P2,particle_chars_in_token,197,1.0203045685279188,0.14139937876722358,1.0,1.0,1.0,1.0,2.0
P2,nominal_total_chars,197,2.4111675126903553,0.5963127837654053,1.0,2.0,2.0,3.0,4.0
P2,particle_total_chars,197,1.0203045685279188,0.14139937876722358,1.0,1.0,1.0,1.0,2.0
P2,nominal_fraction_covered,197,0.44881556683587137,0.14169670087861602,0.25,0.3333333333333333,0.5,0.5,1.0
P2,particle_fraction_covered,197,1.0,0.0,1.0,1.0,1.0,1.0,1.0
P3,nominal_chars_in_token,201,1.0049751243781095,0.07053456158585983,1.0,1.0,1.0,1.0,2.0
P3,particle_chars_in_token,201,1.0199004975124377,0.14000710714014217,1.0,1.0,1.0,1.0,2.0
P3,nominal_total_chars,201,2.4079601990049753,0.5939160870088974,1.0,2.0,2.0,3.0,4.0
P3,particle_total_chars,201,1.0199004975124377,0.14000710714014217,1.0,1.0,1.0,1.0,2.0
P3,nominal_fraction_covered,201,0.4465174129353234,0.13517079669295054,0.25,0.3333333333333333,0.5,0.5,1.0
P3,particle_fraction_covered,201,1.0,0.0,1.0,1.0,1.0,1.0,1.0
