pair,particle_category,n_cross,n_split,n_prompts,n_cross_prompts,n_split_prompts,raw_cross_rejection,raw_split_rejection,mean_draft_entropy,mean_target_entropy,median_token_frequency
P1,CASE_SUBJECT,32,3709,396,15,396,0.375,0.16149905634942033,1.250451948939394,1.0421519449567778,4630.0
P1,CASE_OBJECT,86,3962,447,38,447,0.22093023255813954,0.14235234729934376,1.211769492280676,1.0546718546390061,3467.0
P1,CASE_ADVERBIAL,25,5719,573,15,568,0.32,0.14687882496940025,1.342800014309289,1.1842901108409707,4603.0
P1,CASE_GENITIVE,18,5416,461,7,461,0.16666666666666666,0.10561299852289513,1.1773915441780805,1.0601658927860986,5135.5
P1,OTHER_CASE,0,0,0,0,0,,,,,
P1,AUXILIARY_PARTICLE,50,2857,351,23,350,0.28,0.08785439271963598,1.0841313721408452,0.9868585595532696,3896.0
P1,CONJUNCTIVE_PARTICLE,0,548,94,0,94,,0.1843065693430657,1.3123697033739106,1.12297956837106,4213.0
P2,CASE_SUBJECT,34,3875,460,16,459,0.11764705882352941,0.16464516129032258,1.2084082926134512,1.084023094552002,4609.0
P2,CASE_OBJECT,72,3872,516,41,515,0.2777777777777778,0.1725206611570248,1.2361211705068886,1.1225497503550623,3604.5
P2,CASE_ADVERBIAL,8,4856,597,7,595,0.0,0.16227347611202636,1.2553113230606285,1.1313993132185178,4603.0
P2,CASE_GENITIVE,26,5303,515,10,515,0.23076923076923078,0.13558363190646805,1.2704599786892246,1.177003181877343,5123.0
P2,OTHER_CASE,0,0,0,0,0,,,,,
P2,AUXILIARY_PARTICLE,57,3439,384,29,384,0.24561403508771928,0.07298633323640594,0.9475458312982924,0.922319224460754,3709.0
P2,CONJUNCTIVE_PARTICLE,0,668,112,0,112,,0.17065868263473055,1.272843405132302,1.2039835012620603,4062.0
P3,CASE_SUBJECT,34,3844,457,17,456,0.5,0.2354318418314256,1.5086498722898916,1.0781405913500774,4609.0
P3,CASE_OBJECT,74,3854,511,40,510,0.2702702702702703,0.21484172288531395,1.4615475292349396,1.12202938335967,3709.0
P3,CASE_ADVERBIAL,7,4859,601,6,599,0.2857142857142857,0.20930232558139536,1.4617273202603371,1.1185151559114257,4603.0
P3,CASE_GENITIVE,26,5206,511,10,511,0.23076923076923078,0.15981559738762965,1.4072533366956115,1.1806838991080297,5123.0
P3,OTHER_CASE,0,0,0,0,0,,,,,
P3,AUXILIARY_PARTICLE,60,3399,383,30,383,0.43333333333333335,0.0959105619299794,1.0653064980659683,0.9225051976991444,3722.0
P3,CONJUNCTIVE_PARTICLE,0,666,112,0,112,,0.22972972972972974,1.4486207380527836,1.1974916924016004,4062.0
