workload,pair,variant,prompt_id,prompt_hash,prompt_wall_seconds,output_tokens,reference_tokens,exact_output_match,exact_stopping_position_match,eos_terminated,output_token_ids_json,reused_target_reference,target_reference_source,timing_measured
FLORES,P1,TARGET_ONLY,6,fdb150c947bebcde2738a83d1676df7af78860b73635abadf31cf928b8ad1bf6,,128,128,True,True,False,"[23084,65865,19391,5140,253,105,144262,20401,12156,11,62071,93701,24897,44518,56039,127121,126445,19969,98005,55054,19969,54825,20401,129392,31079,144094,12802,54825,20401,129392,17380,56475,35509,57801,19391,129900,125476,26698,93721,133381,34395,126254,128836,382,8304,220,16,25,64547,279,1887,6813,315,279,11652,624,12,17450,25,21525,594,12156,11,35757,4467,258,1847,198,12,59214,25,60314,198,12,3002,25,279,2813,3855,198,12,23208,1995,25,979,806,6006,17250,5710,944,79315,504,806,8061,304,806,19277,271,8304,220,17,25,37740,1817,3692,1119,16134,624,12,17450,25,5140,253,105,144262,20401,12156,11,62071,93701,24897,44518,56039,127121,126445,198,12,59214]",True,runs/flores200_en_ko_replication/token_tables/p1_06b_to_17b/continuations.parquet,False
FLORES,P1,TARGET_ONLY,10,0f502bec677764c22745a977d66bfcd44dc6e52056439cf7817a1dd2dac3f411,,24,24,True,True,True,"[5140,253,105,144262,33704,43115,131833,42905,63332,126246,98005,55054,31328,9630,51,13034,53680,126291,127105,17877,138327,133240,13,151643]",True,runs/flores200_en_ko_replication/token_tables/p1_06b_to_17b/continuations.parquet,False
FLORES,P1,TARGET_ONLY,21,d75e8732e17661a0054180871f961411e0a1430b12fc683c41e79a8fd3b4cf41,,39,39,True,True,True,"[137116,16560,129304,55673,35711,90711,112,130229,34395,28002,19391,128753,125118,17877,83596,126002,38231,13,320,125144,56290,16560,129304,55673,35711,90711,112,130229,34395,28002,19391,128753,125118,17877,83596,126002,38231,6138,151643]",True,runs/flores200_en_ko_replication/token_tables/p1_06b_to_17b/continuations.parquet,False
FLORES,P1,TARGET_ONLY,26,6139c0ee7d7d551497463db450e7a5b15c9427d96383ba9af5e1fda3019962ba,,33,33,True,True,True,"[127819,116,125894,126445,136774,12802,10764,226,108,126896,136774,56983,144440,74361,222,12802,129262,19391,125548,19391,56419,56290,125206,56290,18411,61298,94315,142234,19969,73518,141438,13,151643]",True,runs/flores200_en_ko_replication/token_tables/p1_06b_to_17b/continuations.parquet,False
FLORES,P1,TARGET_ONLY,31,0479cc20c720d91cf98cf514499cbcb147a13683f61fd8345ece9b70063b75df,,128,128,True,True,False,"[126322,126251,124632,25715,128901,54116,130999,20401,126322,126251,20401,73986,124528,20487,141966,19969,73986,124528,17877,95002,28733,64521,143861,98,135818,143143,132526,21329,129293,125580,20487,129147,11,73986,124528,20487,141966,19969,73986,124528,17877,95002,28733,64521,143861,98,135818,143143,132526,21329,129293,125580,20487,129147,11,73986,124528,17877,95002,28733,64521,143861,98,135818,143143,132526,21329,129293,125580,20487,129147,11,73986,124528,17877,95002,28733,64521,143861,98,135818,143143,132526,21329,129293,125580,20487,129147,11,73986,124528,17877,95002,28733,64521,143861,98,135818,143143,132526,21329,129293,125580,20487,129147,11,73986,124528,17877,95002,28733,64521,143861,98,135818,143143,132526,21329,129293,125580,20487,129147,11,73986,124528,17877,95002,28733]",True,runs/flores200_en_ko_replication/token_tables/p1_06b_to_17b/continuations.parquet,False
FLORES,P1,TARGET_ONLY,39,ef760ab4de7624991923b6553437ba968a18fc6e9c1b3cda4f007bf74b470977,,29,29,True,True,True,"[71015,24897,130271,12802,28733,19969,68232,17877,23259,49664,11,131823,63757,65865,19391,128605,30520,226,20401,140968,57089,137032,53989,226,31079,81676,13146,13,151643]",True,runs/flores200_en_ko_replication/token_tables/p1_06b_to_17b/continuations.parquet,False
FLORES,P1,TARGET_ONLY,40,80d32a4428ea5100e56be6f86be0e2420f45d66b51a8c5dcb8d27b1850c8815a,,17,17,True,True,True,"[23084,130271,126896,16560,142815,70943,127296,84621,124685,125476,133914,17877,23894,103,127750,13,151643]",True,runs/flores200_en_ko_replication/token_tables/p1_06b_to_17b/continuations.parquet,False
FLORES,P1,TARGET_ONLY,41,c3a7ef6a7a992499e1625f36faa0e444d8d3eedb62906b7ab7f8249d3a4ba3a1,,66,66,True,True,True,"[54825,16560,60716,80968,126327,37195,254,129616,17380,130109,26698,129413,37087,17380,5140,117,120,144367,144141,34395,11,5140,109,222,20401,95996,12802,5140,223,251,129378,53618,128878,10764,251,231,131777,3315,237,246,52959,145238,34395,11,65553,44680,234,242,56475,82619,132557,17877,32985,231,126002,34395,11,58677,47985,56475,48364,112,128808,133381,13,151643]",True,runs/flores200_en_ko_replication/token_tables/p1_06b_to_17b/continuations.parquet,False
FLORES,P1,TARGET_ONLY,50,cf8f10c43d176757cee9dc9ff7c78cdf56dcdadd97168148b59cfcbb7bdf20fa,,42,42,True,True,True,"[54825,16560,330,48606,128901,129400,21329,54825,129360,73523,126835,129400,124781,11,138002,53680,143861,98,28754,19391,61298,124781,19969,64521,71108,19391,131978,133552,119,21329,126254,52959,89659,129112,1,34395,126365,100,141142,139836,13,151643]",True,runs/flores200_en_ko_replication/token_tables/p1_06b_to_17b/continuations.parquet,False
FLORES,P1,TARGET_ONLY,53,dd4467074d212ff8437d1f82e1a112ebd39e61fd5ae5a81128c1078884877826,,36,36,True,True,True,"[63332,34395,26698,16560,132662,56475,70943,57089,19391,128605,36055,126712,19391,128605,130847,129807,60960,56290,80573,70943,57089,56475,20401,20136,102,20401,141965,32831,19391,128605,135797,18411,93721,60838,13,151643]",True,runs/flores200_en_ko_replication/token_tables/p1_06b_to_17b/continuations.parquet,False
FLORES,P1,TARGET_ONLY,62,7b247e73460d99e2ddd83ed9615e42c285db50607d4df0958435bc668870bd7c,,36,36,True,True,True,"[36978,229,73523,20401,132182,56419,25715,126673,134039,19969,71015,125544,20401,127296,45130,111,19391,134739,128993,124889,129125,36330,243,37087,18411,63332,16560,5140,41902,10764,245,230,26699,133240,13,151643]",True,runs/flores200_en_ko_replication/token_tables/p1_06b_to_17b/continuations.parquet,False
FLORES,P1,TARGET_ONLY,69,e90ad98d75a7b76708a55a2895f98de4418b11efbc1f64c2cb3eaf1c6b3364c8,,39,39,True,True,True,"[132662,136774,134014,5140,117,234,63332,140017,16560,220,16,16,128514,220,16,21,32077,73077,65865,19391,28927,109,19969,128808,125548,19391,129392,135375,82190,48408,29326,52959,143802,126321,17877,93721,133240,13,151643]",True,runs/flores200_en_ko_replication/token_tables/p1_06b_to_17b/continuations.parquet,False
FLORES,P1,TARGET_ONLY,82,f653fa952db1d0d8106d4c313407824814b07d4578e4acb583fa190d51957d43,,31,31,True,True,True,"[133152,60960,20487,143802,65238,27767,120,33861,8204,22455,8,16560,132270,62071,12802,31079,19969,60716,126246,42039,45710,129640,17877,35509,87425,127728,131042,126254,60838,13,151643]",True,runs/flores200_en_ko_replication/token_tables/p1_06b_to_17b/continuations.parquet,False
FLORES,P1,TARGET_ONLY,86,0f858ce76159b817e27dde523214977116f105f1eb6f10944ec29f0e347a35f2,,39,39,True,True,True,"[125466,26699,92751,28002,25715,48408,125786,3315,123,254,31079,144402,33704,133146,34143,105,85413,242,35711,32077,19391,42105,258,27744,80573,60960,56290,132537,76592,19391,128605,126488,72553,17877,139052,79632,128836,13,151643]",True,runs/flores200_en_ko_replication/token_tables/p1_06b_to_17b/continuations.parquet,False
FLORES,P1,TARGET_ONLY,88,1955f672032a62370248444b608bed41af011bc5bf62d373077f08a4b283084e,,62,62,True,True,True,"[89095,97,144102,83036,131131,20401,126488,129027,77953,12802,132270,136541,28626,19969,28733,127421,72553,73523,20401,142209,242,230,5140,45881,12802,127601,24897,125714,89235,31079,18411,91043,24897,138694,42905,136541,28626,19391,131978,128677,80968,130213,129985,36055,126712,17877,140174,42905,139495,17877,132876,42905,5140,41902,126440,129321,17877,125714,144172,13146,13,151643]",True,runs/flores200_en_ko_replication/token_tables/p1_06b_to_17b/continuations.parquet,False
FLORES,P1,TARGET_ONLY,90,6b4af0583643a68a9a9b8f3d6e033bd692751ddc16c7b50c4419a85dbae301e1,,44,44,True,True,True,"[10764,39834,12802,138037,34395,25715,10764,244,230,125615,141541,16560,30520,226,124781,20401,23872,242,144391,126251,128732,53680,124830,16751,222,16186,20401,23872,242,144391,126251,128732,136541,20401,74361,226,28754,19391,136009,133396,47836,130882,13,151643]",True,runs/flores200_en_ko_replication/token_tables/p1_06b_to_17b/continuations.parquet,False
FLORES,P1,TARGET_ONLY,96,617e3c75f1fb407486bfa90d3e44d33f05c8808a12e9b1940ccbe3a0596fbcf7,,43,43,True,True,True,"[136293,20401,129093,25715,28754,92751,28002,125118,19391,125686,125548,32290,11,142509,234,136499,28626,56475,74808,55054,66019,3315,227,230,125086,144860,53680,23084,43590,126445,17380,129262,129807,12802,142300,133381,34395,22042,251,144472,13146,13,151643]",True,runs/flores200_en_ko_replication/token_tables/p1_06b_to_17b/continuations.parquet,False
FLORES,P1,TARGET_ONLY,106,af4ad2e13e6e53d7e825325dc09ffb48020fc1cca06425c60230eebb9a0056a1,,27,27,True,True,True,"[132662,56419,138279,80968,32129,126691,63089,16560,132662,124973,126321,63089,20401,32129,125054,125086,56475,16235,242,33883,18411,57835,80968,126204,128472,13,151643]",True,runs/flores200_en_ko_replication/token_tables/p1_06b_to_17b/continuations.parquet,False
FLORES,P1,TARGET_ONLY,107,77a13421d04f3b7a69da2a1b42825a7ac46eb0fe1e0affb62101e67d10140d92,,18,18,True,True,True,"[128618,129150,98801,16560,125466,59761,85413,117,133415,19391,98927,29326,131396,95617,29281,78952,13,151643]",True,runs/flores200_en_ko_replication/token_tables/p1_06b_to_17b/continuations.parquet,False
FLORES,P1,TARGET_ONLY,114,5bc954d8c3a9d3d2c2497da5e1fd22a9d39aaa79d67ee96976a1369aacc21820,,25,25,True,True,True,"[138519,127148,33704,64805,120,21329,19969,56419,126793,130705,11,54825,94315,126377,47665,234,126673,19969,124889,126327,23084,57089,60838,13,151643]",True,runs/flores200_en_ko_replication/token_tables/p1_06b_to_17b/continuations.parquet,False
FLORES,P1,TARGET_ONLY,121,58f30e5b8d8ac1f233ddfd7525034b6400747f7168cfe29d679a9f4886db5292,,72,72,True,True,True,"[54825,20401,220,16,11,15,15,15,137104,126322,65865,33704,220,17,15,15,15,126216,19391,49367,12802,13146,81133,17380,131973,24485,246,144062,53189,50340,32077,20401,364,24897,144025,144402,20401,74884,243,129360,60960,125068,23573,140692,6,131411,60960,125068,23573,143586,12802,125199,34395,11,54825,16560,54825,18411,133196,54116,49664,22042,109,53680,55054,65865,19391,77002,57132,133240,13,151643]",True,runs/flores200_en_ko_replication/token_tables/p1_06b_to_17b/continuations.parquet,False
FLORES,P1,TARGET_ONLY,133,b3b700d482c6f3844e6f06910acda5410ae60ad4df2504d52aeb0ee80d22b3c8,,54,54,True,True,True,"[56419,129924,19969,56419,131833,33861,56475,90711,246,125522,52300,85403,55902,25715,129125,30520,239,54321,42039,23084,127105,23573,94315,11,73518,132125,21329,129624,33704,58677,88259,70943,23872,121,220,19,15,79632,33704,54825,129360,3315,227,222,17380,137844,19969,20487,130039,126352,63089,133240,13,151643]",True,runs/flores200_en_ko_replication/token_tables/p1_06b_to_17b/continuations.parquet,False
FLORES,P1,TARGET_ONLY,141,29477586bf2e06fa9905bcb6b729da26031599bd92cdaead9d2c26cb54519d92,,128,128,True,True,False,"[133553,28733,80901,19969,10764,229,112,23259,94315,130612,28733,127421,142510,28626,131219,73077,18411,71108,125866,125590,11,92751,124781,132343,23084,17380,58677,33883,53900,97929,19391,90711,101,76337,52300,27767,251,61741,135350,81718,80901,18411,30520,113,54321,47836,28733,130689,71108,130939,54116,66845,126204,90686,382,8304,14319,29208,14468,1882,1447,16,13,330,15802,1,481,330,126251,126605,1,320,83,460,372,340,17,13,330,1782,3015,2188,1,481,330,126251,28733,80901,1,320,24160,913,16632,340,18,13,330,14387,1172,10000,1,481,330,57268,18411,71108,125866,125590,1,320,460,360,342,554,360,342,39210,340,19,13,330,64,2421,7541,1,481,330,23259]",True,runs/flores200_en_ko_replication/token_tables/p1_06b_to_17b/continuations.parquet,False
FLORES,P1,TARGET_ONLY,146,1f35e9e8a1a2595179e1345f00e3c564e363fccf4c3989f73efd2140c0309e2c,,52,52,True,True,True,"[129624,52959,126445,28002,129616,125466,56290,124785,136774,128355,124973,134379,54321,129296,92192,98801,56475,11,50282,136774,10764,251,238,129262,136133,144072,126730,98869,16186,130271,125544,19969,132182,18585,238,23259,129882,17380,129242,125519,19391,128677,78125,128836,16560,98801,19969,135513,138097,13146,13,151643]",True,runs/flores200_en_ko_replication/token_tables/p1_06b_to_17b/continuations.parquet,False
FLORES,P1,TARGET_ONLY,150,598dea6dbbc808583ab60d4919df377eb378a9ccaeb268556b24a72e05804837,,28,28,True,True,True,"[74361,250,139139,53680,137601,23573,20401,10764,240,235,65306,42039,58677,33883,58777,92817,139495,33704,124685,125476,133914,17877,23894,103,34395,128472,13,151643]",True,runs/flores200_en_ko_replication/token_tables/p1_06b_to_17b/continuations.parquet,False
FLORES,P1,TARGET_ONLY,154,18eb237d0826adb5f800c11dc0b4921c1ba33fa685023ac935828af0831e466d,,52,52,True,True,True,"[10764,228,254,127085,141893,28626,20401,81173,55902,80901,129296,23259,125068,31328,129624,52959,126445,28002,129616,19969,220,20,80901,129296,23259,125068,31328,16235,254,70582,52959,80573,20401,220,17,21,12,15,15,20401,79207,117,133886,131582,132968,93721,17877,10764,244,19946,13,151643]",True,runs/flores200_en_ko_replication/token_tables/p1_06b_to_17b/continuations.parquet,False
FLORES,P1,TARGET_ONLY,167,081fe7341372ecae7673a0723c782bc7b989f1d64d22d69f8afc18dbdad6d79f,,52,52,True,True,True,"[127969,19969,25715,128901,129304,45130,120,29281,17877,137352,92751,132297,47836,28733,64521,60960,126414,135184,141836,34395,125569,144290,126377,65510,55054,54321,126253,22042,222,127302,23573,129423,129502,136646,26698,65510,55054,19969,132876,64119,124905,11,142976,18585,230,125625,19391,126629,132876,130885,13,151643]",True,runs/flores200_en_ko_replication/token_tables/p1_06b_to_17b/continuations.parquet,False
FLORES,P1,TARGET_ONLY,168,0d4bb192b57cdb21b8a4fe89df6f62bf05fa9e225370a4e1c51c91d7c90e5e8e,,51,51,True,True,True,"[74670,468,2127,6673,11,23084,65865,19391,133196,128552,35509,126614,18585,230,129567,53680,54116,66019,32831,85997,31328,19391,126629,36330,250,29326,133245,125615,11,220,17,15,15,22,126216,96345,8700,19397,56475,5140,250,101,92192,93672,55673,37087,19969,97143,127750,13,151643]",True,runs/flores200_en_ko_replication/token_tables/p1_06b_to_17b/continuations.parquet,False
FLORES,P1,TARGET_ONLY,172,ae878a6fa6263c644415f4618598e7760c332cdf6d5ab77f234ff457b1ea77cd,,128,128,True,True,False,"[220,17,15,16,20,126216,126254,19391,350,63877,6954,33704,64129,6954,13484,18411,53900,80901,79207,117,124781,74808,127105,124785,42039,57852,126702,128836,382,69769,510,16,13,330,641,3309,220,17,15,16,20,1,374,24531,438,330,17,15,16,20,126216,126254,19391,1,892,3363,330,258,279,3309,949,315,220,17,15,16,20,22956,17,13,330,51,63877,6954,1,8458,279,1852,438,432,374,264,6169,36921,624,18,13,330,33400,291,1,374,24531,438,330,125624,126702,128836,1,892,3363,330,33400,291,22956,19,13,330,61052,299,6954,13484,1,374,24531,438,330,61052,299,6954,13484,1,438,432,374,264,6169,36921]",True,runs/flores200_en_ko_replication/token_tables/p1_06b_to_17b/continuations.parquet,False
FLORES,P1,TARGET_ONLY,175,0409903042cca36b525e9399df3808ec9998bb40fd2d64770cb0c276b70254dd,,57,57,True,True,True,"[73986,144018,126896,16560,128772,92751,132297,25715,126327,330,131893,20487,1,17380,5140,244,101,31079,130974,137619,129254,133552,246,55054,133381,13,124889,129360,54825,145426,12802,129392,17380,18411,5140,249,108,31079,13146,83036,34395,126291,70582,25715,133553,125678,17877,129413,136068,42905,129337,30520,120,28733,137046,13,151643]",True,runs/flores200_en_ko_replication/token_tables/p1_06b_to_17b/continuations.parquet,False
FLORES,P1,TARGET_ONLY,179,286eee812a63e9a53de4799ef4df3ddb8a9b2f6442678cb5060840b5e1674cad,,15,15,True,True,True,"[1752,279,12252,65,34222,11,432,9482,264,4236,45704,13188,29214,13,151643]",True,runs/flores200_en_ko_replication/token_tables/p1_06b_to_17b/continuations.parquet,False
FLORES,P1,TARGET_ONLY,191,6d6336c606e7cdabc604479be43f02c9fc0c97f5af90ce754ae433975632b407,,40,40,True,True,True,"[98801,128552,11,77353,54330,25715,128901,125149,66845,56475,95577,125535,17877,142510,40281,16560,3315,121,97,125544,18411,142510,40281,34395,11,134312,117,40853,136751,19969,92751,127906,132812,138098,18411,129359,125476,60838,13,151643]",True,runs/flores200_en_ko_replication/token_tables/p1_06b_to_17b/continuations.parquet,False
FLORES,P1,TARGET_ONLY,193,a70ed0d8f6c096bc94e6cbfaffa57e1ff4036bd46b9b197e5572296dfc409b8e,,128,128,True,True,False,"[98801,19969,73518,127621,17877,53618,11,86393,16560,22896,33006,17877,90711,255,138143,125580,125590,11,25318,19391,128605,85403,29281,128533,8620,112,239,34395,19969,58677,89235,52959,80573,5140,96,101,12802,21329,126898,60315,56475,86393,17877,60960,82528,96137,41987,128993,127353,86393,126327,124685,125476,93672,126254,17877,10764,244,19946,382,8304,220,16,25,64547,279,1887,6813,315,279,11652,304,6364,624,12,4636,279,3059,3697,304,198,12,86393,1187,37377,22896,33006,198,12,714,1030,11045,4244,369,25318,198,12,389,6693,17522,8225,4796,42649,1033,41987,304,20700,2348,86393,271,8304,220,17,25,37740,1817,3692,1119,16134,624,12,98801,19969,73518,127621,17877,53618,320]",True,runs/flores200_en_ko_replication/token_tables/p1_06b_to_17b/continuations.parquet,False
FLORES,P1,TARGET_ONLY,194,45604f3e588987ef4a5cdceb006801904d24a30093bc88ea938f786276400de0,,76,76,True,True,True,"[142510,31079,132920,330,57268,127478,22042,97,20401,3315,118,57160,62544,56475,98801,18411,69441,231,19969,126204,11,23084,129296,92192,56475,73518,20401,43115,125519,43115,17380,18411,135763,47836,71108,1,130939,22042,251,144472,125590,11,136331,126377,43115,125519,19391,129624,52959,26698,220,16,128514,220,17,16,32077,3315,118,242,55054,24897,55673,56475,43115,125519,19391,127969,19969,47836,71108,130939,126254,128836,13,151643]",True,runs/flores200_en_ko_replication/token_tables/p1_06b_to_17b/continuations.parquet,False
FLORES,P1,TARGET_ONLY,197,df33b3c5c342e4c50be740f9949df1d4939dee404deadc119325dbec7fd410c9,,128,128,True,True,False,"[54825,16560,63332,34395,26698,19391,125686,125548,32290,220,17,15,66845,19391,127166,34395,137046,13,63332,12802,70582,16560,95996,129709,56475,10545,60315,16560,60,23084,44518,125747,128533,32129,34395,19391,137352,128552,92751,57026,87425,133995,34395,11,32129,130472,131958,35509,129704,20401,131766,17877,16751,239,54321,130705,128646,126204,90686,1,34395,126254,128836,382,8304,220,16,25,37740,279,1156,949,315,279,11652,624,12,330,1519,572,17828,19749,304,806,220,17,15,82,1,1464,330,48606,16560,63332,34395,26698,19391,125686,125548,32290,220,17,15,66845,19391,127166,34395,137046,1837,8304,220,17,25,37740,279,2086,949,315,279,11652,624,12,330,641,264,5114,11,76220]",True,runs/flores200_en_ko_replication/token_tables/p1_06b_to_17b/continuations.parquet,False
FLORES,P1,TARGET_ONLY,198,4655c03f267f1b9120bbf782413dd9326b2ea81e260ac5bfe7b9b4c096137df6,,80,80,True,True,True,"[131565,57132,54321,33704,17449,360,2066,64,47440,20401,128772,3315,103,121,56475,129882,18411,48108,230,145063,34395,11,43115,132297,129882,131837,17877,129882,125068,66425,130039,139764,17877,62099,235,33509,125476,34395,44518,47985,125580,125590,11,129392,17380,18411,130270,127085,125476,34395,53900,25715,43115,132297,125625,131837,17877,129882,125068,23573,9183,6610,43115,132297,124780,12802,54825,18411,131170,129392,17380,18411,130270,127085,126054,130345,126691,128836,13,151643]",True,runs/flores200_en_ko_replication/token_tables/p1_06b_to_17b/continuations.parquet,False
FLORES,P1,TARGET_ONLY,204,357b3a509718c587ea1a503e932ef7632fb62517f166aba8f255f1e423f984ea,,90,90,True,True,True,"[69441,112,129804,29346,20401,44518,126317,129359,126898,31328,129624,25715,79207,44680,92120,135152,125932,95577,136133,12802,81133,143230,126673,144520,53680,35509,12802,29346,95170,60315,73077,19969,125548,85251,24897,129616,16560,7297,12010,56475,220,16,18,80901,18411,54116,49664,133240,13,130092,20401,98358,128747,129624,25715,44518,80901,7297,12010,56475,220,17,19,80901,18411,54116,49664,23573,65510,27767,251,129471,33704,129624,25715,44518,80901,7297,12010,56475,220,17,19,80901,18411,54116,49664,133240,13,151643]",True,runs/flores200_en_ko_replication/token_tables/p1_06b_to_17b/continuations.parquet,False
FLORES,P1,TARGET_ONLY,208,eed5c59815a68ee88ed6e39c4358f5f32ee095f0dc4bd7b2eae976b0b82c9b5a,,60,60,True,True,True,"[60716,28002,131131,126246,58677,33861,95218,135607,139287,16235,231,21329,21329,76497,242,129439,81133,50340,131131,52959,16560,64805,227,126702,128533,131698,18411,58677,26699,82190,11,65553,44680,234,242,6643,69441,231,56290,41671,126246,66845,19969,60716,28002,131131,126246,19391,138519,127148,17877,83544,11307,88846,127621,131042,140200,60838,13,151643]",True,runs/flores200_en_ko_replication/token_tables/p1_06b_to_17b/continuations.parquet,False
FLORES,P1,TARGET_ONLY,216,704a438c57ae600019dc17f7b830c7bb72fa1979f25eb3816b840299024d6965,,44,44,True,True,True,"[220,16,24,24,18,126216,19391,84255,81650,127483,17877,5140,244,254,60315,131611,47985,62071,67511,25715,135979,20401,130345,127027,18411,139871,125580,34395,11,126932,44518,144393,28733,127421,127475,129093,20401,28733,131870,17877,83596,137750,13,151643]",True,runs/flores200_en_ko_replication/token_tables/p1_06b_to_17b/continuations.parquet,False
FLORES,P1,TARGET_ONLY,218,a251c7d78ba57050c732be9c9b31f503d66358b7b103b729146c08ba65f1ed86,,50,50,True,True,True,"[136331,63332,34395,26698,16560,73986,124528,136125,69441,255,135356,125466,126614,19391,128605,43115,34395,18411,83596,34395,48408,95741,105,83036,24897,135356,42039,137843,125476,41671,95218,34395,11,90711,112,13146,16186,125548,56475,62099,102,144399,128836,34395,22042,251,144472,13146,13,151643]",True,runs/flores200_en_ko_replication/token_tables/p1_06b_to_17b/continuations.parquet,False
FLORES,P1,TARGET_ONLY,222,eb7a52a32900ab6d74cd4b496ef5a8063a32eeefed834fc147b622af37409547,,31,31,True,True,True,"[23084,65865,55673,127452,19391,11,43115,132297,73986,124528,20487,32129,34395,17380,220,18,79632,12802,32129,130472,126204,220,18,79632,12802,85403,55902,64795,133240,13,151643]",True,runs/flores200_en_ko_replication/token_tables/p1_06b_to_17b/continuations.parquet,False
FLORES,P1,TARGET_ONLY,223,c078f1071a7eb348c54c8e82e8961c53d52002284514117a6a443372a0db9703,,128,128,True,True,False,"[133146,34143,105,23084,129804,33704,69441,255,40281,17380,58677,33883,69441,255,126835,23573,142654,78125,20487,32129,34395,17380,58677,33883,220,16,21,23,79632,12802,32129,130472,128836,382,69769,25,715,16,13,330,5842,2254,1,374,24531,438,330,21329,126588,34143,105,1,304,16134,624,17,13,330,61719,1,374,24531,438,330,12802,129804,1,304,16134,624,18,13,330,50,672,1181,11785,3720,20763,304,1635,1,374,24531,438,330,135257,40281,17380,58677,33883,69441,255,126835,23573,142654,78125,20487,32129,34395,17380,58677,33883,1,304,16134,624,19,13,330,4498,458,82657,10453,14496,311,71530,33753,1,374,24531,438,330,16,21,23,79632,12802]",True,runs/flores200_en_ko_replication/token_tables/p1_06b_to_17b/continuations.parquet,False
FLORES,P1,TARGET_ONLY,224,7cde7ef8d2d7810b5c6a3f9e71b970bd8a915bcc28012c2ef640a20faef06155,,42,42,True,True,True,"[126322,32077,23573,34143,105,126377,95577,29326,29346,56475,142654,78125,136125,10764,226,108,142793,17877,143836,43115,17380,18411,90711,101,130765,126204,47665,121,19391,125466,126614,82190,220,16,22,79632,12802,32129,130472,133240,13,151643]",True,runs/flores200_en_ko_replication/token_tables/p1_06b_to_17b/continuations.parquet,False
FLORES,P1,TARGET_ONLY,225,d7cef41601c6c1561e37417b7526d8ad28ae2ef1fff74f289f348ccc538e5547,,22,22,True,True,True,"[124685,17380,29326,56039,16560,54825,129360,10764,230,105,31079,56475,129624,33704,125466,125568,17877,131565,43590,133240,13,151643]",True,runs/flores200_en_ko_replication/token_tables/p1_06b_to_17b/continuations.parquet,False
FLORES,P1,TARGET_ONLY,229,6db311d576ff15dd4087cf3255ba4932f71e18c160cbc0cd9efc035dcc3211fd,,46,46,True,True,True,"[55838,250,17380,28626,17380,16560,129419,84621,83666,125674,28626,56475,23084,20487,34395,132236,125590,11,220,21,12,21,56475,220,22,12,21,42039,23084,133507,94315,130612,220,22,12,21,42039,5140,223,251,60315,57801,97143,125761,13,151643]",True,runs/flores200_en_ko_replication/token_tables/p1_06b_to_17b/continuations.parquet,False
FLORES,P1,TARGET_ONLY,240,e5815d3707b5a42e285f104cc39e5f794da8a091172047b8b0b99ae2b2dbcc16,,33,33,True,True,True,"[78604,6918,385,434,285,713,6842,20401,129882,19969,62071,31079,18411,16235,225,34395,11,43115,20487,93721,94315,36978,229,83315,62107,19391,5140,223,251,138097,13146,13,151643]",True,runs/flores200_en_ko_replication/token_tables/p1_06b_to_17b/continuations.parquet,False
FLORES,P1,TARGET_ONLY,242,beacb24de21a1d1504b4c86b385226045672f4fbe7b714a980dd126401493c4e,,58,58,True,True,True,"[95577,12802,134644,142067,105,125544,125625,16560,125214,17380,83036,57268,19969,5140,249,108,125615,5140,240,97,19391,130737,5140,249,108,125199,34395,11,54825,16560,60960,61741,56475,127296,84621,20401,36330,102,133485,17380,58677,33883,129875,77596,238,136854,38150,125199,20487,129147,5140,249,108,21329,133995,38231,13,151643]",True,runs/flores200_en_ko_replication/token_tables/p1_06b_to_17b/continuations.parquet,False
FLORES,P1,TARGET_ONLY,246,efe1c5c6e7ea0a092aa987ff2d701419344e6ddc7ec6f62ba28553d364aef39d,,128,128,True,True,False,"[130549,11,74361,250,126345,124781,20401,128772,126174,32831,128901,74361,250,126345,53680,20401,126352,28002,19969,137768,74361,250,126345,124781,20401,128772,126174,32831,128901,74361,250,126345,124781,20401,128772,126174,32831,128901,74361,250,126345,124781,20401,128772,126174,32831,128901,74361,250,126345,124781,20401,128772,126174,32831,128901,74361,250,126345,124781,20401,128772,126174,32831,128901,74361,250,126345,124781,20401,128772,126174,32831,128901,74361,250,126345,124781,20401,128772,126174,32831,128901,74361,250,126345,124781,20401,128772,126174,32831,128901,74361,250,126345,124781,20401,128772,126174,32831,128901,74361,250,126345,124781,20401,128772,126174,32831,128901,74361,250,126345,124781,20401,128772,126174,32831,128901,74361,250,126345,124781,20401,128772,126174,32831,128901]",True,runs/flores200_en_ko_replication/token_tables/p1_06b_to_17b/continuations.parquet,False
FLORES,P1,TARGET_ONLY,257,531a1e75f2f87f322199f2455b8e50772441560d38c6757c04552f7159caaea9,,38,38,True,True,True,"[79302,239,12802,77226,85057,53680,51391,135356,125086,85057,12802,27767,255,137237,23573,73077,137284,52300,126322,126251,76337,125678,19391,136009,32129,130472,23573,126322,126251,20401,73669,126667,126251,56475,142300,141167,13,151643]",True,runs/flores200_en_ko_replication/token_tables/p1_06b_to_17b/continuations.parquet,False
FLORES,P1,TARGET_ONLY,266,3ed80d3c0dfa60d81b8a519a0393034e40ee7d94f211b7c70cdaa013b72527ac,,70,70,True,True,True,"[126785,126246,33704,3315,118,246,28002,128808,83036,52959,54330,56475,140568,129865,128841,69441,255,28754,128533,73986,89235,57268,98927,93701,19391,330,16,23,1,129615,139052,29326,18411,62740,247,57026,89659,53900,124905,11,125714,32831,126216,25715,126327,140568,129865,42905,129337,47665,234,135092,42039,220,16,15,15,15,129062,60294,20401,47665,234,125052,17877,85403,53680,60838,13,151643]",True,runs/flores200_en_ko_replication/token_tables/p1_06b_to_17b/continuations.parquet,False
FLORES,P1,TARGET_ONLY,268,e09ab4fc32fe95e7741ac498686a788c5819ae639270073a5827e8942b114e50,,76,76,True,True,True,"[10764,245,101,126730,16560,60716,93701,133245,34395,11,3315,112,251,28002,125086,19391,23084,31079,85251,24485,246,129392,131196,12802,9412,16560,10764,245,101,126730,19969,60716,93701,23573,140210,19391,127048,49543,131396,95617,29281,125489,13,127042,141893,5140,45881,135032,9412,16560,129392,131196,12802,9412,19969,16235,226,79632,23573,73986,134133,83036,24897,129359,124780,140210,19391,127048,49543,131396,132091,95617,55902,132306,13,151643]",True,runs/flores200_en_ko_replication/token_tables/p1_06b_to_17b/continuations.parquet,False
FLORES,P1,TARGET_ONLY,275,1dfa2105f5a8ba773439ea198659180b400638f3daa63de7fadcdf384fba0227,,57,57,True,True,True,"[54825,132751,20401,48364,104,84621,83666,16560,79207,105,17380,84667,12802,131973,124982,34395,11,54825,132751,20401,48364,104,84621,83666,44518,47985,56475,5140,223,251,95218,21329,133995,13146,13,220,16,16,21,79632,20401,129296,23259,70943,220,18,21,79632,12802,129381,98801,18411,79302,119,125761,13,151643]",True,runs/flores200_en_ko_replication/token_tables/p1_06b_to_17b/continuations.parquet,False
FLORES,P1,TARGET_ONLY,278,0139b443fd52519341c871ad6ee951e893806ff353a6938256afe79c4950ba9a,,25,25,True,True,True,"[9483,86223,42358,43115,132297,33704,10764,249,242,131344,127042,28626,131226,53680,54070,130271,32077,56419,56290,18411,98005,23259,133240,13,151643]",True,runs/flores200_en_ko_replication/token_tables/p1_06b_to_17b/continuations.parquet,False
FLORES,P1,TARGET_ONLY,280,2b70bcb1951df603b600a6e0d79266c5e59c1677b9dcbbc721899dbd80e1a2c6,,43,43,True,True,True,"[126429,43590,31328,33704,81718,130271,144394,25715,125548,11,85403,126923,144394,25715,125548,11,5140,252,234,126445,17380,144394,25715,125548,11,35509,25715,144394,25715,125548,11,73986,144018,131903,144394,25715,125548,17380,130345,79632,141167,13,151643]",True,runs/flores200_en_ko_replication/token_tables/p1_06b_to_17b/continuations.parquet,False
FLORES,P1,TARGET_ONLY,283,b89ce25ed35ade891bebb65304c2ef59417e985486056a249dc36365207292d9,,19,19,True,True,True,"[130549,132028,65865,130427,137767,116,28002,19391,28927,105,126317,23573,77596,238,136854,38150,127750,13,151643]",True,runs/flores200_en_ko_replication/token_tables/p1_06b_to_17b/continuations.parquet,False
FLORES,P1,TARGET_ONLY,284,a351256b6dfcf80f4e2d4550109139e59ac729930e610b3b9cc25b45e87582da,,39,39,True,True,True,"[36330,102,133485,12802,133396,23573,129392,17380,16560,40771,112,128911,130778,19969,5140,117,101,62275,39828,32744,20401,132028,134064,18411,60716,126321,23573,126322,126246,16235,226,29326,17380,69441,238,144165,141167,13,151643]",True,runs/flores200_en_ko_replication/token_tables/p1_06b_to_17b/continuations.parquet,False
FLORES,P1,TARGET_ONLY,308,bcdbb0155e358a2b1b15b2590d53c19b570a6377c58d5e899ae821ceedb9e900,,32,32,True,True,True,"[139963,125544,28002,52959,60315,62071,47985,20401,40771,112,128911,92751,28002,54116,124780,33704,137449,19391,77596,238,125086,12802,63332,34395,52300,128584,130671,34395,126254,128836,13,151643]",True,runs/flores200_en_ko_replication/token_tables/p1_06b_to_17b/continuations.parquet,False
FLORES,P1,TARGET_ONLY,312,dda3caecb01fc086a731e35c5ad85ea986333e6041faf972609be4df46e6d855,,27,27,True,True,True,"[36978,229,132651,58677,128732,126253,58777,69923,133245,34395,11,129082,128878,81173,43590,83518,144191,130345,12802,32129,130472,128836,34395,73859,141167,13,151643]",True,runs/flores200_en_ko_replication/token_tables/p1_06b_to_17b/continuations.parquet,False
FLORES,P1,TARGET_ONLY,328,56bba0928a2661c9d71bd067059d03e79e82b64b63560ebfd7484821139b1057,,32,32,True,True,True,"[54825,16560,98927,93701,56475,10764,245,230,26699,132553,127728,23872,121,17877,135839,126253,21329,129293,82190,45130,57160,89179,17877,134312,117,97834,47836,28733,46682,127750,13,151643]",True,runs/flores200_en_ko_replication/token_tables/p1_06b_to_17b/continuations.parquet,False
FLORES,P1,TARGET_ONLY,329,428846ef1931e79bd4ca64f7eba8a4c1afff5fdd0160a0a51abeb593c274d74f,,49,49,True,True,True,"[3315,123,254,28002,24897,3315,65291,136275,16560,70943,128205,125714,29326,54330,60960,124632,20401,28733,124632,25715,80573,143522,45130,120,124632,142220,12802,25715,11,220,16,128514,220,17,20,32077,19391,142300,23573,81173,66845,20401,126291,23259,18411,142300,133240,13,151643]",True,runs/flores200_en_ko_replication/token_tables/p1_06b_to_17b/continuations.parquet,False
FLORES,P1,TARGET_ONLY,334,a1fb9b5596ef145b7a229db105f85134e929466d81dc089abbe750d00652d601,,28,28,True,True,True,"[54825,16560,330,29281,59698,80968,126291,57089,53680,10764,245,230,80901,126291,76337,1,130939,85403,125548,16560,126291,51588,17877,139957,128911,128836,13,151643]",True,runs/flores200_en_ko_replication/token_tables/p1_06b_to_17b/continuations.parquet,False
FLORES,P1,TARGET_ONLY,336,1f6ccd746eb00fb0e50d3e5ac2c177c250cb693c1b0b24a3f720cdbc8b1c3201,,57,57,True,True,True,"[9295,9967,33704,65936,19969,140200,42905,44518,24897,127649,42039,11,73986,124528,136125,47911,100,33704,43115,17380,18411,126563,47836,28733,142161,53900,57026,126932,126216,28733,127421,72553,35509,127457,20401,77353,63256,18411,18585,230,125535,126204,74361,226,43590,73669,69923,131837,17877,53989,226,32077,28733,137119,130650,13,151643]",True,runs/flores200_en_ko_replication/token_tables/p1_06b_to_17b/continuations.parquet,False
FLORES,P1,TARGET_ONLY,350,58ef68ce76dae5bec972b61c6c2722ed9894d4891486e3800a844cd4f406a7f2,,36,36,True,True,True,"[77596,238,19391,64521,28733,79716,12802,74884,116,63089,137812,53680,63757,131518,82190,126488,144318,129567,17877,143862,142063,34395,11,98358,126337,3315,116,113,17877,141965,32831,128555,72344,48458,13,151643]",True,runs/flores200_en_ko_replication/token_tables/p1_06b_to_17b/continuations.parquet,False
FLORES,P1,TARGET_ONLY,351,80c31f4ea74e276ab42f04c219fb33dd99837c6bdea77f8cd7911ff4ffd333ce,,47,47,True,True,True,"[53900,50340,126793,80573,54070,16186,127121,47985,17380,129615,129392,29326,128901,138313,129304,130263,19391,28927,251,23259,18411,40720,42905,46832,242,40853,125086,12802,132236,34395,11,30520,113,132499,23573,69441,238,23259,44518,24897,127649,53680,141819,128993,137046,13,151643]",True,runs/flores200_en_ko_replication/token_tables/p1_06b_to_17b/continuations.parquet,False
FLORES,P1,TARGET_ONLY,364,b90521d0205cc76a546623d3b00c34156131bfaba0b98dcf541fc3451fd48744,,36,36,True,True,True,"[5140,109,222,132466,128901,61298,95577,28002,130408,20401,129985,52300,128677,31328,129624,32831,53680,81173,66845,220,18,15,125544,28002,20401,83518,137032,80573,134583,142063,19969,129676,136239,130885,13,151643]",True,runs/flores200_en_ko_replication/token_tables/p1_06b_to_17b/continuations.parquet,False
FLORES,P1,TARGET_ONLY,380,18cc84991b67425302be5e34b421cc14f8752092efc2c8ad5d5d812057f006c7,,34,34,True,True,True,"[28927,251,126251,33704,74361,250,126345,90486,127085,133120,126563,82190,28927,251,126251,128677,137471,64805,243,34395,11,54825,126365,243,79716,19391,54825,131293,25715,47985,130094,60838,13,151643]",True,runs/flores200_en_ko_replication/token_tables/p1_06b_to_17b/continuations.parquet,False
FLORES,P1,TARGET_ONLY,387,16f67c65994fdf85fbcee693fac3122f508b4002c38a93b15ad570640c54048c,,62,62,True,True,True,"[125640,128772,129882,132044,11,22042,243,136068,25715,134771,83518,137032,124970,25715,19391,23872,231,52959,137767,117,17877,53618,80573,34143,105,28002,11,85403,125522,23573,129624,137032,129676,125569,144290,17877,137767,117,17877,53618,32290,54825,128901,137767,117,17877,53618,10764,236,116,126246,128555,138659,130109,26698,137767,117,125761,16560,128900,13,151643]",True,runs/flores200_en_ko_replication/token_tables/p1_06b_to_17b/continuations.parquet,False
FLORES,P1,TARGET_ONLY,392,2f8b28a69b5ddd1536b4f5ce6f78eef2a1f0a7276df91e6c063308093b2768ec,,45,45,True,True,True,"[126804,126317,20401,32129,132297,33704,130847,129807,32129,132297,8620,112,239,40853,53680,66136,63089,128677,65865,42039,136239,128993,132931,11,23084,128677,65865,33704,129400,21329,32129,132297,20401,128753,55054,19969,129901,131498,28733,64521,45130,111,78952,13,151643]",True,runs/flores200_en_ko_replication/token_tables/p1_06b_to_17b/continuations.parquet,False
FLORES,P1,TARGET_ONLY,411,967f3e99e88721692a10181b128d4125f3ca2f74c04052138900b7fa80a74bbe,,32,32,True,True,True,"[53435,79632,33704,132182,130263,125068,20401,131508,53680,129676,140429,42039,47818,125991,126204,83556,42905,128584,127820,135946,12802,97143,16560,129400,32077,53435,56290,18411,132989,60838,13,151643]",True,runs/flores200_en_ko_replication/token_tables/p1_06b_to_17b/continuations.parquet,False
FLORES,P1,TARGET_ONLY,415,5f768818ae3690861d6b7264408d21d8ac4827ed0b47caac78c8845178756f4b,,43,43,True,True,True,"[64805,227,126702,56419,131833,126322,126246,11,130847,125674,73523,20401,55673,16560,23872,121,23573,70943,128205,36055,63089,18411,141965,32831,125580,127378,11,23084,16560,65510,125535,42039,134314,52300,71108,19391,124970,96137,72553,139647,141798,13,151643]",True,runs/flores200_en_ko_replication/token_tables/p1_06b_to_17b/continuations.parquet,False
FLORES,P1,TARGET_ONLY,421,8a27cb0c3bde1137f9b2ce30a69a924a44087bf582268e6ee17558eea51ec89d,,44,44,True,True,True,"[23894,101,126893,79207,44680,237,105,142852,16560,139963,63089,131937,56475,130887,58677,20487,64521,79207,44680,237,105,142852,17380,11,23084,136068,28002,52959,31328,128901,138249,60960,61741,128355,38523,105,131293,144074,56475,43115,131833,51876,13,151643]",True,runs/flores200_en_ko_replication/token_tables/p1_06b_to_17b/continuations.parquet,False
FLORES,P1,TARGET_ONLY,428,93d436ce4bfa30f7cfb7e4c4e56bee17361a94f9e01cb2c12264a5702a0f9401,,36,36,True,True,True,"[95577,81133,144072,59698,59698,16560,55673,35711,58777,92817,126251,17380,58677,131131,125511,40281,125166,60315,11,74361,250,126345,20401,128677,65865,11,128719,125674,62099,121,20401,74808,12802,128472,13,151643]",True,runs/flores200_en_ko_replication/token_tables/p1_06b_to_17b/continuations.parquet,False
FLORES,P1,TARGET_ONLY,430,8ba8a4a818349eafd530854cc3b77eb00177588cdaa19885f1cdebeb34dab20d,,36,36,True,True,True,"[220,16,24,22,21,126216,126377,95577,81133,129262,59698,59698,20401,220,18,15,4,19969,30520,113,54321,133245,34395,11,133857,129378,128878,30520,113,54321,12802,133788,130357,128472,13,151643]",True,runs/flores200_en_ko_replication/token_tables/p1_06b_to_17b/continuations.parquet,False
FLORES,P1,TARGET_ONLY,434,92220a23e46390c02a2d335e46664bc697d5b26c01841ce166491041e167b410,,34,34,True,True,True,"[23084,141965,76337,20401,73986,132841,320,16,17,17380,73518,131903,31079,130887,143416,36055,23259,73986,132841,17380,135513,95218,20487,130039,8,16560,220,18,25,17,129254,130650,13,151643]",True,runs/flores200_en_ko_replication/token_tables/p1_06b_to_17b/continuations.parquet,False
FLORES,P1,TARGET_ONLY,435,cc9beee9bd5ab3e8860520dbbb5a55e470ad69de303e37745a727c1b69b65ad4,,38,38,True,True,True,"[129875,134664,141965,76337,320,47945,35509,129704,20401,141965,76337,11,95617,18411,129901,8,33704,23084,73986,132841,53680,78374,127451,23084,73986,132841,17877,134312,120,55054,42905,132091,16778,226,54330,130885,13,151643]",True,runs/flores200_en_ko_replication/token_tables/p1_06b_to_17b/continuations.parquet,False
FLORES,P1,TARGET_ONLY,438,346633b96d6fd56d3c5e0155b9a06158df5b08edfddc5dd436c51c899b559b3d,,37,37,True,True,True,"[23084,44518,20487,126322,126246,126310,134798,136608,56475,11,54116,129502,124546,16560,64805,230,12802,126735,34395,129413,28754,33883,128036,125590,11,128753,25715,132812,126488,82528,17877,83596,57801,97143,125761,13,151643]",True,runs/flores200_en_ko_replication/token_tables/p1_06b_to_17b/continuations.parquet,False
FLORES,P1,TARGET_ONLY,442,0b9f218e9d6760dd412df65f79010bc078fc7de75214eaa6d736001f9b72b850,,61,61,True,True,True,"[127048,61741,56475,70943,128205,142452,28754,12802,220,16,15,15,15,126216,130408,71015,125544,19391,132236,34395,11,23084,142452,28754,53680,64805,230,20401,130263,126402,12802,129875,23084,126253,127048,61741,19969,23084,10764,72509,126923,133886,36330,102,129704,135298,34395,64521,21329,83518,63089,19391,131978,124970,51588,17877,62071,20487,128836,13,151643]",True,runs/flores200_en_ko_replication/token_tables/p1_06b_to_17b/continuations.parquet,False
FLORES,P1,TARGET_ONLY,444,9cd1b755253fa4253f49bc26f85db088d3d603d6bcf6265a61ffac8d02f89dd2,,54,54,True,True,True,"[56419,138279,33704,141541,133864,125199,34395,11,124459,108,55054,128355,125713,120,62275,133553,135184,129882,125068,82190,11,23084,16560,220,17,15,15,126216,126322,126246,127296,138249,47455,239,125535,42039,3315,65291,89235,126730,12802,131131,29346,52300,134664,128533,138249,126270,17877,45710,126641,133240,13,151643]",True,runs/flores200_en_ko_replication/token_tables/p1_06b_to_17b/continuations.parquet,False
FLORES,P1,TARGET_ONLY,447,157285df65624272982a66797b50d35122a94d315d41934736a1a152ff78d520,,34,34,True,True,True,"[220,16,24,17,15,126216,66845,126377,140094,20401,44518,125496,53680,133152,19969,69441,231,56290,130788,80573,23894,102,28002,130788,129615,55673,97929,20401,92751,126333,12802,127750,13,151643]",True,runs/flores200_en_ko_replication/token_tables/p1_06b_to_17b/continuations.parquet,False
FLORES,P1,TARGET_ONLY,455,9708ce5aaa8905cc40733cb4778de72b85a8ff1568c7564a77c7ce9fd6bb7c6b,,71,71,True,True,True,"[130592,80968,128355,136994,80968,126440,129321,42039,135660,11,125714,33861,124781,20401,40720,11,18585,230,66845,130788,56475,125713,120,54330,130788,17380,20401,56419,65238,11,125713,120,129704,130788,80573,133152,19969,135138,126327,77596,235,136305,125713,123,48431,11,128719,61298,126799,20401,55673,31328,78125,12802,134808,135138,137138,19969,133152,20401,126291,125522,25715,129615,125713,123,48431,12802,128472,13,151643]",True,runs/flores200_en_ko_replication/token_tables/p1_06b_to_17b/continuations.parquet,False
FLORES,P1,TARGET_ONLY,456,7b4bc85acdfb6093897728c394afa424ef134af9e41974640b9b512e44a28461,,44,44,True,True,True,"[130005,47455,223,79632,94315,126377,129304,129624,32831,16751,239,29326,130427,60960,55902,12802,97143,125199,127378,11,130887,10764,251,98,56039,139844,34395,128677,78125,128533,64577,126253,128677,78125,47836,28733,136303,10764,245,230,26699,141167,13,151643]",True,runs/flores200_en_ko_replication/token_tables/p1_06b_to_17b/continuations.parquet,False
FLORES,P1,TARGET_ONLY,472,908c6d4a727def8c7e81a92cd4334f9e6f92de4061c2f94f8499f822962a2203,,111,111,True,True,True,"[220,16,22,23,24,126216,220,16,15,128514,220,21,32077,11,129419,125476,133914,19391,5140,244,101,125615,5140,96,101,12802,220,16,21,41429,74884,243,11,95577,28002,52959,95170,129283,83036,126730,28626,74884,243,70582,11,129419,130902,7,125544,28002,52959,10764,72509,126673,55054,220,16,16,41429,80573,71015,40281,24897,12,125625,125548,220,19,41429,8,128719,74884,243,20401,126322,76435,11,95577,125932,5140,254,230,12802,145154,28002,24897,19969,86831,55054,125548,19391,64521,86831,55054,125548,56475,54969,28002,17380,36978,108,52959,133847,26698,22042,222,125476,138097,38231,13,151643]",True,runs/flores200_en_ko_replication/token_tables/p1_06b_to_17b/continuations.parquet,False
FLORES,P1,TARGET_ONLY,475,32c8937c3e12ac2f0103d18bd22b5c3ce3674e96e5e670ce8d943d139cb5c731,,128,128,True,True,False,"[61298,84621,144234,33704,54070,125341,19969,19969,5140,240,97,56475,5140,240,97,18411,3315,111,238,13146,41671,124905,11,5140,240,97,56475,5140,240,97,18411,3315,111,238,13146,41671,124905,11,5140,240,97,56475,5140,240,97,18411,3315,111,238,13146,41671,124905,11,5140,240,97,56475,5140,240,97,18411,3315,111,238,13146,41671,124905,11,5140,240,97,56475,5140,240,97,18411,3315,111,238,13146,41671,124905,11,5140,240,97,56475,5140,240,97,18411,3315,111,238,13146,41671,124905,11,5140,240,97,56475,5140,240,97,18411,3315,111,238,13146,41671,124905,11,5140,240,97,56475,5140,240,97,18411,3315,111,238,13146,41671,124905,11]",True,runs/flores200_en_ko_replication/token_tables/p1_06b_to_17b/continuations.parquet,False
FLORES,P1,TARGET_ONLY,478,7627353bef17eb01297a373ed5d5b302861096efbc3dee44f1a0654f46dc8642,,128,128,True,True,False,"[133554,11,142510,19391,127121,28002,126246,58677,125496,20401,77353,126299,128533,73523,126835,138020,79302,119,33704,83315,53680,23259,131870,33704,132662,20401,28927,251,125496,21329,130788,136089,80968,23084,131870,12802,130723,382,8304,220,16,25,64547,279,1887,6813,315,279,11652,624,12,330,2124,3308,1,481,458,61369,17133,198,12,330,1782,2256,76501,1,481,279,1887,3832,198,12,330,50082,504,1,481,279,5240,476,6238,198,12,330,1782,462,54435,39661,1,481,279,5240,476,6238,198,12,330,1055,279,62417,1251,1,481,279,1633,315,279,5240,476,6238,198,12,330,40350,34156,1,481,279,1102,476,28674,198,12,330,1782,6770,19619,315]",True,runs/flores200_en_ko_replication/token_tables/p1_06b_to_17b/continuations.parquet,False
FLORES,P1,TARGET_ONLY,483,7f5947927c34ae42ce07bae41bd1de992b9ed67588a32a6a056969c77b61c7ca,,69,69,True,True,True,"[54116,125880,67,16483,2142,20401,140094,20401,60716,129150,33704,129419,127154,134664,128533,130902,89235,31079,18411,54899,125522,60838,25,54116,125880,136751,20401,95996,65865,33704,53435,56290,80968,129549,136994,80968,126440,129321,17877,143231,83315,53680,42905,43115,17380,18411,125686,125548,124905,11,54116,125880,33704,130592,19391,66136,57132,52300,330,134166,53680,1,18411,35509,85251,130822,130882,13,151643]",True,runs/flores200_en_ko_replication/token_tables/p1_06b_to_17b/continuations.parquet,False
FLORES,P1,TARGET_ONLY,484,a213f565b5386a62901ae0c62f4bb6845fdbc843c1d56bf5810435233883eb3b,,28,28,True,True,True,"[95617,18411,129901,11,64577,57089,125625,19969,129392,17380,73523,126835,17877,75528,125568,128552,23084,142875,31079,95218,16560,129337,126254,47836,28733,128472,13,151643]",True,runs/flores200_en_ko_replication/token_tables/p1_06b_to_17b/continuations.parquet,False
FLORES,P1,TARGET_ONLY,486,7cb79a26fc2ce7f02ddb4e4f35568ab5ae01bad330a5daa7227068cb430d8a38,,58,58,True,True,True,"[64577,57089,125625,20401,60960,131837,126291,125522,16560,129392,17380,56475,32129,34395,19969,5140,117,230,42044,128555,133396,42905,129337,83315,53442,126204,11,23084,17380,58677,33883,130270,130262,90711,246,63256,56475,77596,238,55902,52300,36978,116,17877,30520,113,88259,66425,130679,134585,54116,125880,12802,73523,126835,133381,13,151643]",True,runs/flores200_en_ko_replication/token_tables/p1_06b_to_17b/continuations.parquet,False
FLORES,P1,TARGET_ONLY,501,ed4ba1a9d330e49ec9c7277e3eadb072ff5f729aad6bd41ede4f113d2699bd96,,27,27,True,True,True,"[126291,23259,131655,16560,77353,126691,11,125713,120,129704,11,94203,137812,11,98987,11,128719,128677,126591,19391,126629,64805,227,126952,129330,13,151643]",True,runs/flores200_en_ko_replication/token_tables/p1_06b_to_17b/continuations.parquet,False
FLORES,P1,TARGET_ONLY,502,1afa2a4092faa0c69130386a0a7ee1fede938216959e0df40e3886fa33692ac7,,47,47,True,True,True,"[126291,23259,25715,53435,56290,19969,64805,227,126952,128555,58777,79716,128841,127820,32831,33704,139957,31079,80968,11,125714,80968,11,98358,124546,80968,11,136994,80968,11,128677,80968,11,66790,28002,80968,129549,85997,43590,20401,65510,128747,32077,28733,128472,13,151643]",True,runs/flores200_en_ko_replication/token_tables/p1_06b_to_17b/continuations.parquet,False
FLORES,P1,TARGET_ONLY,510,514b4ed9ce6d313c4b8a02da428494512a9f7eba98777e9d5fce362ec25ea2a3,,55,55,True,True,True,"[79207,44680,92120,131587,50340,130109,16560,20136,247,35530,130864,12802,130651,134585,20136,247,35530,138704,17877,23894,103,16560,124889,129125,132185,42905,129392,88259,78952,13,95617,18411,129901,11,134585,143522,84255,81650,127483,17877,40720,135405,134585,84255,17380,144644,28626,18411,93721,47836,53618,40720,130885,13,151643]",True,runs/flores200_en_ko_replication/token_tables/p1_06b_to_17b/continuations.parquet,False
FLORES,P1,TARGET_ONLY,515,f760330cf0112e73a46dac496f2ed35256a1278eb4a7b8238662bcf502345fc0,,18,18,True,True,True,"[131746,38174,10627,739,17877,23084,130902,132812,95170,65865,23573,131937,42039,58677,76337,60838,13,151643]",True,runs/flores200_en_ko_replication/token_tables/p1_06b_to_17b/continuations.parquet,False
FLORES,P1,TARGET_ONLY,520,ee7edd41cc9e3f180d3391bf7de95446d0f1d51393e9504ba7fa756e8b1f0ea0,,41,41,True,True,True,"[95617,18411,129901,11,1036,124632,35530,854,53680,1036,135504,56290,854,16560,58677,33861,128013,40720,19391,136361,126322,131777,62071,29326,42905,132091,138630,83277,128472,320,28084,1842,452,2572,220,16,24,24,20,568,151643]",True,runs/flores200_en_ko_replication/token_tables/p1_06b_to_17b/continuations.parquet,False
FLORES,P1,TARGET_ONLY,521,492083255da479779401dc63785b52ebb1247154f8ff35d943befa07abfe38b8,,56,56,True,True,True,"[1036,59761,31328,80968,138098,854,80573,1036,125568,126299,128533,92751,124781,854,16560,23084,16186,84667,12802,80573,137767,116,129695,29346,7,16,24,24,23,8,19969,85413,117,133415,19391,128605,92751,127906,63757,131518,17877,65510,55054,47836,53618,134585,126322,20487,85997,43590,17380,58677,76337,141167,13,151643]",True,runs/flores200_en_ko_replication/token_tables/p1_06b_to_17b/continuations.parquet,False
FLORES,P1,TARGET_ONLY,541,215c37ede6513d4072079f1d3acc05b5007d7afdc22d4b408bccd2dc76a2dfcc,,41,41,True,True,True,"[74361,250,124785,126488,124546,16560,85403,125746,124683,20401,127048,138108,17877,54116,126641,42039,130331,11,132488,17877,130679,126932,16186,89659,43115,17380,80573,129875,58677,47985,20401,85997,19969,54116,126270,17877,130729,40853,133240,13,151643]",True,runs/flores200_en_ko_replication/token_tables/p1_06b_to_17b/continuations.parquet,False
FLORES,P1,TARGET_ONLY,545,cfafb3a63e65c849f6b98132ed0ac356c85e03acd3661f7e96dc5546eb4003ac,,85,85,True,True,True,"[220,17,125625,133196,66845,65865,140730,64805,227,32077,33704,126440,124785,53680,132662,53680,129381,125466,125160,20401,135968,12802,125199,34395,11,23084,19391,126440,124785,53680,132662,33704,126291,125747,53680,20401,47455,239,28754,19391,126322,130038,128836,13,56419,131833,20401,98358,88781,17380,44518,24897,127649,11,45130,120,29281,11,53435,56290,20401,36330,102,133485,12802,133396,125580,34395,11,23084,17380,58677,33883,133152,16778,226,20401,16778,230,129510,12802,133396,128836,13,151643]",True,runs/flores200_en_ko_replication/token_tables/p1_06b_to_17b/continuations.parquet,False
FLORES,P1,TARGET_ONLY,546,7c76f29a315ba95bcb92f8090aa298014430b58255920e06393b079896928f9c,,37,37,True,True,True,"[56419,131833,20401,5140,223,251,17877,129419,60716,139274,144146,44518,126333,56475,11,23084,65865,20401,126322,144056,124785,128901,132911,135968,42039,46319,126204,11,126322,126321,144217,65865,12802,93721,133381,13,151643]",True,runs/flores200_en_ko_replication/token_tables/p1_06b_to_17b/continuations.parquet,False
FLORES,P1,TARGET_ONLY,548,058d57c344c90f2762dfed3785758219a7d7b8a97bfbdc8fb6fc27bb9595594f,,62,62,True,True,True,"[220,16,24,18,24,126216,220,24,128514,220,16,22,32077,128878,69441,112,129804,29346,20401,74808,31079,16560,90667,62740,243,142194,133245,34395,11,126310,32077,23573,54116,61741,16560,71015,125544,83036,52959,20401,5140,116,234,28002,21329,142777,29346,18411,126629,94315,141008,126204,129242,92817,125545,42905,71108,127871,12802,125761,13,151643]",True,runs/flores200_en_ko_replication/token_tables/p1_06b_to_17b/continuations.parquet,False
FLORES,P1,TARGET_ONLY,549,8cecaa5528e5803e588321e4e1e6bb4e76c454a29f0122a1eb2cc6c16346c9a8,,128,128,True,True,False,"[130549,11,131367,94203,127324,33704,138313,132377,29326,32129,50340,21329,57801,97143,125199,34395,11,126291,125747,20401,5140,254,230,29346,129534,12802,220,23,15,72553,130345,130408,20401,56419,55054,129125,126322,63089,20401,69441,112,129804,29346,131937,17877,90711,101,78125,82190,5140,45881,12802,19969,69441,231,56290,65510,125535,11,126291,125747,12,144087,129804,29346,73986,129640,28754,65510,125535,128355,137734,138249,65510,125535,11,79302,239,132612,128355,49367,25715,62275,49367,25715,62275,19391,128605,138249,65510,125535,17877,45710,126641,82190,47665,101,50340,126746,24897,56419,125519,53680,124657,81133,50340,129835,56419,125519,17877,62099,121,125624,23573,94315,19391,11,126291,125747,129534,12802,69441,112,129804,29346,126322,63089,131937]",True,runs/flores200_en_ko_replication/token_tables/p1_06b_to_17b/continuations.parquet,False
FLORES,P1,TARGET_ONLY,556,8484e12260bf60c3d1205e4420d7b4addc1e58dcb8aa98f983acd353afc3d98c,,37,37,True,True,True,"[126429,66845,53435,79632,53680,125713,120,129704,128901,142069,143189,47836,28733,136303,5140,243,222,11,137767,116,28002,11,126291,34395,20487,11,126291,19969,133222,17877,63332,124780,66425,93721,133240,13,151643]",True,runs/flores200_en_ko_replication/token_tables/p1_06b_to_17b/continuations.parquet,False
FLORES,P1,TARGET_ONLY,558,fa1f002f1d86642581c209db7741885c7906804d6f4eea389eddb7f8def8f692,,17,17,True,True,True,"[126440,124785,56475,220,16,21,41429,20487,126558,60419,2284,18411,130270,125624,133240,13,151643]",True,runs/flores200_en_ko_replication/token_tables/p1_06b_to_17b/continuations.parquet,False
