workload,pair,variant,prompt_id,prompt_hash,prompt_wall_seconds,output_tokens,reference_tokens,exact_output_match,exact_stopping_position_match,eos_terminated,output_token_ids_json,rounds,draft_forward_calls,target_forward_calls,draft_tokens_proposed,target_proposal_positions_verified,accepted_draft_tokens,rejected_draft_tokens,mean_accepted_tokens_per_verification_call,rejection_rate,target_forward_calls_per_output_token,draft_tokens_proposed_per_output_token,target_proposal_positions_verified_per_output_token,guard_triggered_rounds,guard_applied_rounds,guard_activation_rate,guard_position_histogram_json,candidate_positions_checked,invalid_candidate_positions,invalid_or_ambiguous_candidate_fraction,morphology_detection_seconds,controller_seconds,draft_resynchronization_seconds,valid_event_count,verified_rejection_count
WIKIPEDIA,P3,ENTROPY_MATCHED_GUARD,2,797505ae1b9daad7f72e4ec78649ee5c230e0b80e2c7cf9e7dd1754b77586537,8.728194931522012,128,128,True,True,False,"[58034,23259,11,3315,65291,29326,12,28002,72553,58034,23259,11,3315,65291,29326,12,28002,72553,58034,23259,11,3315,65291,29326,12,28002,72553,58034,23259,11,3315,65291,29326,12,28002,72553,58034,23259,11,3315,65291,29326,12,28002,72553,58034,23259,11,3315,65291,29326,12,28002,72553,58034,23259,11,3315,65291,29326,12,28002,72553,58034,23259,11,3315,65291,29326,12,28002,72553,58034,23259,11,3315,65291,29326,12,28002,72553,58034,23259,11,3315,65291,29326,12,28002,72553,58034,23259,11,3315,65291,29326,12,28002,72553,58034,23259,11,3315,65291,29326,12,28002,72553,58034,23259,11,3315,65291,29326,12,28002,72553,58034,23259,11,3315,65291,29326,12,28002,72553,58034,23259]",34,167,129,133,128,124,4,3.6470588235294117,0.03125,1.0078125,1.0390625,1.0,0,0,0.0,{},0,0,0.0,0.0,8.576363325119019e-05,0.9212956540286541,128,4
WIKIPEDIA,P3,ENTROPY_MATCHED_GUARD,6,b717150f2140809a605917cd483b5520b2bedffdc4f920b00e847502f59638a7,10.94635539315641,128,128,True,True,False,"[254,135375,31079,31328,48364,112,145333,31079,19969,40720,64119,124905,11,5140,253,105,29326,52959,31079,16560,125466,26699,31079,17380,40720,132306,13,48364,112,145333,31079,16560,48364,112,145333,31079,80573,90711,112,125548,125166,28002,31079,31079,18411,133970,23573,90711,112,125548,125166,28002,31079,129704,139957,31079,20401,61298,98358,15927,62618,13146,13,48364,112,145333,31079,16560,220,16,24,24,15,126216,66845,19391,48364,112,145333,31079,17380,84621,126346,52300,48364,112,145333,31079,12,60294,29326,52959,31079,32129,65865,12802,36330,250,129382,133381,13,48364,112,145333,31079,16560,220,16,24,24,15,126216,66845,19391,48364,112,145333,31079,17380,84621,126346,52300,48364,112,145333,31079,12,60294]",50,247,129,197,128,94,34,1.88,0.265625,1.0078125,1.5390625,1.0,0,0,0.0,{},0,0,0.0,0.0,0.00012521632015705109,1.3687939066439867,128,34
WIKIPEDIA,P3,ENTROPY_MATCHED_GUARD,10,5e0217e4766f7d31c3235279415acc9f7531070ba0e9a1341f20e4548b34b9f1,10.863910868763924,128,128,True,True,False,"[129296,69923,52300,130508,66845,126402,135138,20401,64795,94315,41671,19969,131417,141142,125761,13,23084,61741,130095,94315,41671,16560,220,16,20,66845,60960,125519,56475,220,16,15,15,72553,10764,230,105,126414,129882,12802,17380,37195,247,125519,23573,94315,220,17,15,15,16,126216,220,16,17,128514,220,16,24,32077,61298,60315,50340,64795,60960,14559,57160,74209,41671,17380,129296,69923,133381,13,130508,66845,126402,94315,41671,16560,220,16,20,66845,60960,125519,56475,220,16,15,15,72553,10764,230,105,126414,129882,12802,17380,23084,61741,130095,94315,41671,18411,138659,125548,34395,125834,125519,133245,33509,60315,11,220,17,15,15,16,126216,220,16,17,128514,220,16,24,32077]",50,247,129,197,128,96,32,1.92,0.25,1.0078125,1.5390625,1.0,0,0,0.0,{},0,0,0.0,0.0,0.00012410618364810944,1.3574966005980968,128,32
WIKIPEDIA,P3,ENTROPY_MATCHED_GUARD,12,c19aed6dbcf30bd095af697a46be1dee55182021e5676427019ada91e0eece53,10.93093578144908,128,128,True,True,False,"[18411,131582,56419,133196,19391,126440,129321,17877,125714,144172,13146,13,54825,20401,143586,33704,56419,29326,61741,80573,56419,29326,61741,18411,131582,56419,133196,19391,56419,29326,133381,13,54825,20401,143586,33704,56419,133196,20401,129875,125714,125880,124780,53680,54116,124780,19391,126291,40853,128993,90686,13,54825,20401,143586,33704,220,17,15,15,21,126216,220,16,128514,220,17,24,32077,19391,32129,130472,23573,94315,130612,133788,96137,56419,29326,130357,90686,382,130728,131793,129044,33704,220,16,24,20,15,126216,66845,19391,56419,80901,95617,125880,19969,17380,140968,57089,125580,127378,11,220,16,24,21,15,126216,66845,19391,73986,89235,57268,48408,28626,20401,62099,121,29326,25715,17380,138630,83277,90686,13]",50,249,129,199,127,90,37,1.8,0.29133858267716534,1.0078125,1.5546875,0.9921875,1,1,0.02,"{""3"":1}",6,0,0.0,0.0,0.00018143095076084137,1.3625643663108349,127,37
WIKIPEDIA,P3,ENTROPY_MATCHED_GUARD,14,b09103b0fed93b2a08c8a60416bd62c824f1c8739e4d15215597bdfa283c105c,9.362728690728545,128,128,True,True,False,"[125496,78125,56290,124785,20401,130508,29281,32077,12802,32129,130472,128836,624,220,17,15,16,17,126216,481,128605,125496,124785,62071,16,23,66845,136774,129296,92192,56475,22042,243,125722,135508,94315,41671,19969,125834,125519,64119,13146,624,220,17,15,16,18,126216,481,128605,125496,124785,62071,16,23,66845,136774,129296,92192,56475,22042,243,125722,135508,94315,41671,19969,125834,125519,64119,13146,624,220,17,15,16,19,126216,481,128605,125496,124785,62071,16,23,66845,136774,129296,92192,56475,22042,243,125722,135508,94315,41671,19969,125834,125519,64119,13146,624,220,17,15,16,20,126216,481,128605,125496,124785,62071,16,23,66845,136774,129296,92192,56475,22042,243,125722,135508,94315,41671,19969]",37,185,129,148,128,120,8,3.2432432432432434,0.0625,1.0078125,1.15625,1.0,0,0,0.0,{},0,0,0.0,0.0,9.246170520782471e-05,1.0202520359307528,128,8
WIKIPEDIA,P3,ENTROPY_MATCHED_GUARD,15,1d6f54d208ecd5b298ab185f509258a752a31db923fc3dc011fb469d5e2fa205,8.963800203055143,128,128,True,True,False,"[624,220,17,15,15,20,126216,481,128605,125496,124785,20401,125149,126346,31328,130508,125519,32077,12802,142510,127890,134521,13146,624,220,17,15,15,21,126216,481,128605,125496,124785,20401,125149,126346,31328,130508,125519,32077,12802,142510,127890,134521,13146,624,220,17,15,15,22,126216,481,128605,125496,124785,20401,125149,126346,31328,130508,125519,32077,12802,142510,127890,134521,13146,624,220,17,15,15,23,126216,481,128605,125496,124785,20401,125149,126346,31328,130508,125519,32077,12802,142510,127890,134521,13146,624,220,17,15,15,24,126216,481,128605,125496,124785,20401,125149,126346,31328,130508,125519,32077,12802,142510,127890,134521,13146,624,220,17,15,16,15,126216,481,128605,125496,124785,20401,125149]",33,164,129,131,128,127,1,3.8484848484848486,0.0078125,1.0078125,1.0234375,1.0,0,0,0.0,{},0,0,0.0,0.0,8.351914584636688e-05,0.926084466278553,128,1
WIKIPEDIA,P3,ENTROPY_MATCHED_GUARD,23,68d0ac96052328deac48f37c0c5eb37288f1bfd449c5956851242783136973bc,9.804808776825666,128,128,True,True,False,"[97,12802,126246,44518,66845,20401,130592,136854,49367,144457,13146,13,220,16,24,23,20,126216,19391,136293,20401,53435,124632,55902,31328,53435,124632,52959,129616,124419,56039,55902,11,53435,124632,55902,11,53435,124632,55902,11,53435,124632,55902,11,53435,124632,55902,11,53435,124632,55902,11,53435,124632,55902,11,53435,124632,55902,11,53435,124632,55902,11,53435,124632,55902,11,53435,124632,55902,11,53435,124632,55902,11,53435,124632,55902,11,53435,124632,55902,11,53435,124632,55902,11,53435,124632,55902,11,53435,124632,55902,11,53435,124632,55902,11,53435,124632,55902,11,53435,124632,55902,11,53435,124632,55902,11,53435,124632,55902,11,53435,124632,55902,11,53435,124632,55902,11,53435,124632,55902]",41,203,129,162,128,113,15,2.7560975609756095,0.1171875,1.0078125,1.265625,1.0,0,0,0.0,{},3,0,0.0,0.0,0.00014655664563179016,1.1270242929458618,128,15
WIKIPEDIA,P3,ENTROPY_MATCHED_GUARD,25,885c927bcb1d5ce2b8363034837213ac67985834d26af9d124d11efb506d3c30,10.236502058804035,128,128,True,True,False,"[42039,142234,134002,13,134664,58034,66845,126605,33704,48408,31328,144018,125166,31328,20401,127820,23259,58034,66845,32831,23084,126605,17877,134664,56290,23573,23084,126605,42039,11,48408,31328,144018,125166,31328,20401,127820,23259,58034,66845,32831,23084,126605,33704,126429,126299,136913,17877,49367,126746,16560,23084,126605,12802,125590,11,134664,58034,66845,126605,33704,70943,28754,12802,64521,49052,18411,49367,126746,16560,23084,126605,125489,13,48408,31328,144018,125166,31328,33704,220,16,24,15,20,126216,19391,127820,23259,58034,66845,32831,23084,126605,17877,142234,126063,34395,11,220,16,24,16,20,126216,19391,134664,58034,66845,126605,17877,142234,134002,13,48408,31328,144018,125166,31328,33704,220,16,24,16,20,126216,19391,134664]",45,221,129,176,128,104,24,2.311111111111111,0.1875,1.0078125,1.375,1.0,0,0,0.0,{},0,0,0.0,0.0,0.00011421181261539459,1.2294541373848915,128,24
WIKIPEDIA,P3,ENTROPY_MATCHED_GUARD,30,e2174e89d7b358d83745cfcf8a8ceb0e49cce30a68b33581f9ec83f6cd937960,12.352612128481269,128,128,True,True,False,"[481,48408,63089,25715,198,5140,45881,57268,24897,481,73986,136233,131131,136233,198,5140,45881,28626,70582,52959,481,5140,45881,28626,70582,52959,198,5140,254,230,130271,132523,481,47665,254,12802,126746,28626,198,56983,70582,52959,481,127819,116,126746,29326,198,56983,129924,52959,83036,52959,481,5140,45881,12802,126793,198,5140,96,101,125544,83036,52959,481,85403,141571,126673,144018,131131,198,5140,96,101,29326,52959,60315,481,5140,116,234,50340,128732,28002,52959,271,145039,4710,129392,56039,83036,129616,481,127165,108,47985,56039,83036,34395,198,129392,56039,83036,129616,125466,56290,124785,481,127165,108,47985,56039,83036,34395,198,64805,227,32077,481,47665,254,18411,129807,198,64805,227,47985]",59,294,129,235,128,78,50,1.3220338983050848,0.390625,1.0078125,1.8359375,1.0,0,0,0.0,{},0,0,0.0,0.0,0.0001556258648633957,1.6380545236170292,128,50
WIKIPEDIA,P3,ENTROPY_MATCHED_GUARD,37,c29340ed2ae27ab126dd406338e9a57ef447f4766929d8e35a4d27ebfcc92819,10.53680907562375,128,128,True,True,False,"[76337,198,35509,128677,126702,51876,624,320,125545,124546,32831,8,16751,226,126423,23259,20401,130263,128747,42039,53900,25715,13,23084,13146,624,320,128215,66845,82801,36055,28002,8,16751,226,126423,23259,20401,130263,128747,42039,53900,25715,13,23084,13146,382,125625,48364,112,70582,144100,126445,49367,126524,76337,33704,139107,131050,129242,133032,128552,36055,20401,132306,382,125625,48364,112,70582,144100,126445,49367,126524,76337,33704,139107,131050,127165,120,126317,58440,17380,36055,20401,132306,382,125625,48364,112,70582,144100,126445,49367,126524,76337,33704,139107,131050,137351,124546,49367,126524,76337,42039,36055,20401,132306,382,125625,48364,112,70582,144100,126445,49367,126524,76337,33704,139107,131050,81173,66845,82801,17877,143143,16560,13146]",46,227,129,181,126,102,24,2.217391304347826,0.19047619047619047,1.0078125,1.4140625,0.984375,3,2,0.06521739130434782,"{""2"":2,""3"":1}",15,0,0.0,0.0,0.00018718838691711426,1.2736781258136034,126,24
WIKIPEDIA,P3,ENTROPY_MATCHED_GUARD,38,b7b3fb2d5cc49283768b73a1a3a01cbcfe8ff4be11d3ded869508d8bb0db300a,11.28606546856463,128,128,True,True,False,"[16,29326,220,20,24,79716,8,42039,47985,54116,128061,47836,28733,90686,13,220,16,24,23,23,126216,220,18,128514,220,16,19,32077,19391,132662,20401,5140,231,112,138081,56475,54969,12802,20401,37195,254,17877,136065,42039,54116,128061,23573,136331,17380,11,132662,53680,3315,118,238,60315,13146,56475,54969,12802,20401,37195,254,17877,54116,128061,42905,140888,19969,132376,251,19969,126204,90686,13,220,17,15,15,24,126216,220,18,128514,220,16,19,32077,126377,132662,53900,54321,56475,54969,12802,20401,37195,254,17877,125466,76337,128552,66790,29281,66425,130679,126785,126246,12802,125206,53680,133381,13,220,17,15,16,15,126216,220,18,128514,220,16,19,32077,126377,3315]",50,250,129,200,128,96,32,1.92,0.25,1.0078125,1.5625,1.0,0,0,0.0,{},0,0,0.0,0.0,0.00012719817459583282,1.403166638687253,128,32
WIKIPEDIA,P3,ENTROPY_MATCHED_GUARD,39,fe3005394dbe0cf116fce01833e3e0671dbbb1a93556793ad6d4079244e0a9a4,11.327879963442683,128,128,True,True,False,"[55054,31328,126785,135092,33704,127165,120,126317,128909,20401,129419,46319,53680,54825,136541,20401,126804,17877,135420,130689,53618,11,127165,120,126317,128909,20401,125674,46319,20401,40771,116,12802,18411,58777,42905,5140,41902,40720,132306,382,29281,20401,715,134088,126317,128909,20401,125674,46319,20401,40771,116,12802,18411,126804,126317,1154,1154,5140,45881,130127,11,126804,126317,20401,46319,19391,60960,131518,42905,126804,17877,126804,126317,1154,1154,5140,45881,53900,25715,13,23084,131866,11,3315,65291,55054,31328,126785,135092,33704,139107,135898,382,12802,18411,127165,120,126317,128909,20401,46319,20401,40771,116,12802,19391,128605,3315,65291,55054,31328,126785,135092,130939,129112,13,130005,11,23084,126785,135092,17877,46319,20401,40771,116]",52,259,129,207,128,90,38,1.7307692307692308,0.296875,1.0078125,1.6171875,1.0,0,0,0.0,{},0,0,0.0,0.0,0.00013096630573272705,1.4319965317845345,128,38
WIKIPEDIA,P3,ENTROPY_MATCHED_GUARD,57,b1000e7789bb5594b44a39ec3ac92a4f23a5ca9c242124976697937513c89bb7,4.102501237764955,57,57,True,True,True,"[198,34395,66845,142103,128753,56290,198,34395,66845,142103,98358,124546,198,34395,66845,142103,128753,56290,20401,35509,124781,47985,198,34395,66845,142103,128753,56290,20401,128753,198,34395,66845,142103,98358,124546,20401,128753,198,34395,66845,142103,128753,56290,20401,63757,82528,198,34395,66845,142103,98358,124546,20401,63757,82528,151643]",18,83,57,69,57,46,11,2.5555555555555554,0.19298245614035087,1.0,1.2105263157894737,1.0,0,0,0.0,{},3,0,0.0,0.0,7.07041472196579e-05,0.4870412852615118,57,11
WIKIPEDIA,P3,ENTROPY_MATCHED_GUARD,59,ca6f5928103dac851a87e3ed232c404a3005faba2f2c41a4805b20484304bc20,10.363954873755574,128,128,True,True,False,"[31328,125206,124781,18411,125686,125548,34395,11,79302,239,32831,25715,11,70943,32831,25715,11,70943,32831,25715,7,107184,8,20401,49052,16560,10764,236,246,125548,56039,12,89235,144195,125206,124781,18411,125686,125548,16560,132091,138630,83277,90686,13,63332,130640,33704,63332,24897,12,52959,31328,144018,125166,31328,125206,124781,18411,125686,125548,34395,11,10764,236,246,125548,56039,130000,33704,10764,236,246,125548,56039,12,89235,144195,125206,124781,18411,136707,13146,13,63332,130640,33704,10764,236,246,125548,56039,130000,53680,16560,34143,105,28002,11,129381,38150,25715,17380,139647,85251,49367,23259,20401,38150,25715,126253,129381,79302,239,25715,137619,18411,35509,128732,28733,90686,13,63332,130640,33704,10764,236,246]",46,227,129,181,128,99,29,2.152173913043478,0.2265625,1.0078125,1.4140625,1.0,0,0,0.0,{},0,0,0.0,0.0,0.00013436749577522278,1.2535889968276024,128,29
WIKIPEDIA,P3,ENTROPY_MATCHED_GUARD,62,ff420f60d7c131547b1234f039faa25fdcfcec5494ecaff872d10b47fc0fe16a,10.116623861715198,128,128,True,True,False,"[125522,31328,28754,126785,135092,17877,62071,29326,134002,13,23084,138001,33704,5140,231,112,94152,20401,45130,120,124632,80968,24485,227,80968,17877,98358,128747,23573,138001,42039,11,23084,138001,17877,131582,5140,231,112,94152,33704,45130,120,124632,20401,48364,112,124781,18411,58777,126970,134002,13,23084,138001,33704,45130,120,124632,47455,223,79632,20401,136361,54116,49664,42039,11,141526,66845,45130,120,124632,20401,54116,132618,18411,140175,134002,382,12802,138001,33704,5140,231,112,94152,20401,45130,120,124632,80968,24485,227,80968,17877,98358,128747,23573,138001,42039,11,23084,138001,17877,131582,5140,231,112,94152,33704,45130,120,124632,20401,48364,112,124781,18411,58777,126970,134002,13,23084,138001,33704,45130,120]",44,219,129,175,128,100,28,2.272727272727273,0.21875,1.0078125,1.3671875,1.0,0,0,0.0,{},0,0,0.0,0.0,0.00011004135012626648,1.1946882493793964,128,28
WIKIPEDIA,P3,ENTROPY_MATCHED_GUARD,65,3aa0309b093897c5914bfb2abc9f73ea8f76665d50650a1aa875ab2bb8d0374b,10.102775417268276,128,128,True,True,False,"[54321,142496,56475,5140,45881,131587,50340,24897,74808,29281,76337,33704,139107,135898,382,57026,20487,26698,220,143861,242,5140,45881,131587,50340,24897,77353,85057,25715,125489,382,12802,74808,29281,76337,33704,139107,131050,3315,241,116,28733,90686,382,57026,20487,26698,220,143861,242,5140,45881,131587,50340,24897,77353,85057,131958,126429,125522,82801,125489,382,33883,129150,715,50340,131587,50340,24897,74808,29281,76337,33704,139107,129381,141966,17380,3315,241,116,28733,90686,382,57026,20487,26698,220,143861,242,5140,45881,131587,50340,24897,77353,85057,131958,126429,125522,82801,125489,382,50340,131587,50340,24897,74808,29281,76337,20401,60716,16560,139107,129381,141966,17380,3315,241,116,28733,90686,382,57026,20487,26698,220,143861]",44,217,129,173,127,107,20,2.4318181818181817,0.15748031496062992,1.0078125,1.3515625,0.9921875,1,1,0.022727272727272728,"{""1"":1}",6,0,0.0,0.0,0.0001699160784482956,1.198574610054493,127,20
WIKIPEDIA,P3,ENTROPY_MATCHED_GUARD,72,381f681c69818a5a7efe7cac9427e3e8ca308c64996249d07248883d6d8ed8e7,10.704528952017426,128,128,True,True,False,"[136089,38150,132343,10764,252,231,24897,51391,131973,83036,140891,19391,136009,138519,131837,17877,79302,119,16560,13146,13,139052,129044,54070,128909,33704,220,16,24,21,15,126216,66845,19391,93721,52300,38150,25715,133553,28002,124632,20401,139052,129044,54070,128909,20401,95996,65865,17877,131582,74884,226,32831,133381,13,139052,129044,54070,128909,33704,220,16,24,22,18,126216,19391,74884,226,32831,133245,127378,11,220,16,24,24,15,126216,66845,19391,74884,226,32831,133381,13,139052,129044,54070,128909,33704,220,16,24,24,15,126216,66845,19391,74884,226,32831,133381,13,139052,129044,54070,128909,33704,220,16,24,24,15,126216,66845,19391,74884,226,32831,133381,13,139052,129044,54070,128909,33704]",48,240,129,192,128,96,32,2.0,0.25,1.0078125,1.5,1.0,0,0,0.0,{},0,0,0.0,0.0,0.00012199021875858307,1.3058319129049778,128,32
WIKIPEDIA,P3,ENTROPY_MATCHED_GUARD,75,5d2695c9e3ae2233b64821217d03b39e7cffc10228f9ef60492171d81108a140,9.272380167618394,128,128,True,True,False,"[58777,126559,11,16751,239,28754,12802,130723,13,16751,239,28754,33704,10764,252,246,20401,143230,20487,80573,74808,129321,17877,135513,95218,16560,47665,94,33861,125489,13,16751,239,28754,33704,10764,252,246,20401,143230,20487,80573,74808,129321,17877,135513,95218,16560,47665,94,33861,125489,13,16751,239,28754,33704,10764,252,246,20401,143230,20487,80573,74808,129321,17877,135513,95218,16560,47665,94,33861,125489,382,131518,28754,33704,10764,252,246,20401,143230,20487,80573,74808,129321,17877,135513,95218,16560,47665,94,33861,125489,13,16751,239,28754,33704,10764,252,246,20401,143230,20487,80573,74808,129321,17877,135513,95218,16560,47665,94,33861,125489,13,16751,239,28754,33704,10764,252,246,20401,143230,20487]",38,187,129,149,128,115,13,3.026315789473684,0.1015625,1.0078125,1.1640625,1.0,0,0,0.0,{},0,0,0.0,0.0,9.663403034210205e-05,1.0311065707355738,128,13
WIKIPEDIA,P3,ENTROPY_MATCHED_GUARD,87,ab49ee7ec290023611d27bbb6e2f99f6f161b4ac2b8a54abb40da2be6da7a278,9.91908079199493,128,128,True,True,False,"[133381,382,131587,133738,81133,58034,23259,16560,90486,127085,21329,80573,55673,126793,23259,20401,92751,124781,18411,135513,95218,16560,58034,23259,125489,13,90486,127085,21329,19969,55673,126793,23259,19391,73986,131000,136305,130037,33704,220,16,24,41429,20487,94315,126641,19391,142300,133245,125590,11,90486,127085,21329,19969,55673,126793,23259,19391,73986,131000,136305,130037,33704,90486,127085,21329,19969,55673,126793,23259,19391,73986,131000,136305,130037,33704,90486,127085,21329,19969,55673,126793,23259,19391,73986,131000,136305,130037,33704,90486,127085,21329,19969,55673,126793,23259,19391,73986,131000,136305,130037,33704,90486,127085,21329,19969,55673,126793,23259,19391,73986,131000,136305,130037,33704,90486,127085,21329,19969,55673,126793,23259,19391,73986,131000,136305,130037]",43,212,129,169,127,106,21,2.4651162790697674,0.16535433070866143,1.0078125,1.3203125,0.9921875,1,1,0.023255813953488372,"{""3"":1}",3,0,0.0,0.0,0.00013313442468643188,1.1673225369304419,127,21
WIKIPEDIA,P3,ENTROPY_MATCHED_GUARD,93,c5c150337feebd119d5efc460ee0707f7f9c8ee6200e12ccb9063e7098842a8e,10.57344544492662,128,128,True,True,False,"[20401,125466,76337,17877,62107,129704,51876,13,23084,125466,76337,33704,56983,72553,62071,125166,58440,20401,48408,144094,12,131587,50340,127085,125466,76337,368,19391,136009,132376,251,79632,132306,382,12802,58440,16560,126423,23259,63089,19969,220,16,129885,132182,129304,30520,113,43590,23259,90486,131978,36055,20401,132306,13,126423,23259,63089,19969,220,16,129885,143416,129304,30520,113,43590,23259,90486,131978,11,45710,20401,125466,76337,17877,62107,129704,42905,60716,129150,80968,77353,40853,12802,134015,51876,13,23084,77353,40853,33704,56983,72553,62071,125166,58440,129254,129112,13,56983,72553,62071,125166,58440,16560,126423,23259,63089,19969,220,16,129885,132182,129304,30520,113,43590,23259,90486,131978,11,45710,20401,125466,76337,17877]",47,235,129,188,128,98,30,2.0851063829787235,0.234375,1.0078125,1.46875,1.0,0,0,0.0,{},0,0,0.0,0.0,0.00011859089136123657,1.2823384664952755,128,30
WIKIPEDIA,P3,ENTROPY_MATCHED_GUARD,94,49d5088a6e56a83ec93a510a0fe88a470e9cef589935fd8a18fc5f4598a2b004,9.459877908229828,128,128,True,True,False,"[142496,17877,65699,234,126414,124781,18411,126563,33883,139053,42905,129274,54116,16186,124632,20401,136089,128533,130864,125489,13,65699,234,126414,124781,16560,54116,16186,124632,80968,142496,17877,28733,124632,128552,139053,42905,5140,41902,137016,126310,26699,129330,13,65699,234,126414,124781,16560,54116,16186,124632,80968,142496,17877,28733,124632,128552,139053,42905,5140,41902,137016,126310,26699,129330,13,65699,234,126414,124781,16560,54116,16186,124632,80968,142496,17877,28733,124632,128552,139053,42905,5140,41902,137016,126310,26699,129330,13,65699,234,126414,124781,16560,54116,16186,124632,80968,142496,17877,28733,124632,128552,139053,42905,5140,41902,137016,126310,26699,129330,13,65699,234,126414,124781,16560,54116,16186,124632,80968,142496,17877,28733,124632,128552,139053]",39,194,129,155,128,114,14,2.923076923076923,0.109375,1.0078125,1.2109375,1.0,0,0,0.0,{},0,0,0.0,0.0,9.953044354915619e-05,1.0605473536998034,128,14
WIKIPEDIA,P3,ENTROPY_MATCHED_GUARD,95,c83288390c8dc2ea157c0b693874741fcd4e806740aa9e777c30eb0752af7203,9.374013103544712,128,128,True,True,False,"[28626,142496,16751,222,74884,226,70582,127042,63154,142496,17877,139646,16560,481,95218,80968,142496,125489,13,127042,63154,142496,42039,26698,11,10764,252,238,132947,125548,28626,142496,33704,139052,129044,128533,45710,55902,142496,128355,126352,28002,142496,128355,47665,94,33861,142496,20401,58777,92817,18411,143143,16560,13146,382,127027,715,125086,23259,37064,57160,223,112,28002,29346,142496,220,143861,242,10764,252,238,132947,125548,28626,142496,125489,13,30520,113,43590,23259,37064,57160,223,112,28002,29346,142496,220,129392,10764,252,238,132947,125548,28626,142496,125489,382,125086,23259,37064,57160,223,112,28002,29346,142496,220,143861,242,10764,252,238,132947,125548,28626,142496,125489,13,30520,113,43590,23259,37064,57160]",38,190,129,152,127,112,15,2.9473684210526314,0.11811023622047244,1.0078125,1.1875,0.9921875,1,1,0.02631578947368421,"{""2"":1}",3,0,0.0,0.0,0.0001234970986843109,1.0337101556360722,127,15
WIKIPEDIA,P3,ENTROPY_MATCHED_GUARD,96,1d2f32035de1110dd4c9cc7bc36a487da84007dac5a1239491bc49123023b0af,10.499790167436004,128,128,True,True,False,"[13,79302,239,25715,126346,124632,33704,220,16,24,17,15,126216,66845,19391,73523,126835,133245,127378,11,220,16,24,17,22,126216,19391,79302,239,25715,126346,124632,20401,136089,129093,28002,31328,126488,133085,29281,32831,129093,133886,62071,29326,23573,85413,101,31328,79004,48606,20401,127041,120,51588,12802,142234,64119,131611,79302,239,25715,126346,124632,20401,54116,132618,19969,97143,125761,13,79302,239,25715,126346,124632,33704,220,16,24,17,15,126216,66845,19391,73523,126835,133245,127378,11,220,16,24,17,22,126216,19391,79302,239,25715,126346,124632,20401,136089,129093,28002,31328,126488,133085,29281,32831,129093,133886,62071,29326,23573,85413,101,31328,79004,48606,20401,127041,120,51588,12802,142234,64119]",47,233,129,186,128,102,26,2.1702127659574466,0.203125,1.0078125,1.453125,1.0,0,0,0.0,{},0,0,0.0,0.0,0.00012020021677017212,1.277958745136857,128,26
WIKIPEDIA,P3,ENTROPY_MATCHED_GUARD,97,a545b1d196c946ca4aa4cabfa9b6f9d8b25117470bd7ecb26e3e7d7ba3fdbed4,9.535738464444876,128,128,True,True,False,"[79302,239,25715,126346,124632,20401,28733,124632,80968,54116,132618,18411,130729,126702,23573,128900,382,126345,25715,126346,124632,20401,28733,124632,80968,54116,132618,715,126345,25715,126346,124632,20401,28733,124632,80968,54116,132618,16560,220,16,24,17,15,126216,66845,19391,73523,126835,133381,13,23084,54116,132618,16560,220,16,24,18,15,126216,66845,19391,69441,108,127042,12802,72553,12802,74884,226,32831,134002,13,23084,54116,132618,16560,220,16,24,17,15,126216,66845,19391,73523,126835,52300,79302,239,25715,126346,124632,20401,28733,124632,80968,54116,132618,18411,130729,126702,23573,128900,13,23084,54116,132618,16560,220,16,24,18,15,126216,66845,19391,69441,108,127042,12802,72553,12802,74884,226,32831,134002]",40,197,129,157,128,110,18,2.75,0.140625,1.0078125,1.2265625,1.0,0,0,0.0,{},0,0,0.0,0.0,0.00010122358798980713,1.0847272258251905,128,18
WIKIPEDIA,P3,ENTROPY_MATCHED_GUARD,98,4e5a736f30332726f0794ec78d76332bf5661872f7c6a5d58bdd7d2cb9fb4645,10.472661890089512,128,128,True,True,False,"[124546,128555,95996,65865,29326,144264,13146,13,220,16,24,17,22,126216,19391,54825,16560,126488,133085,29281,32831,129093,133886,62071,126246,128836,13,23084,16560,79302,239,25715,126346,124632,20401,54116,132618,19969,97143,16560,129093,28002,70943,125703,125489,13,220,16,24,19,20,126216,19391,54825,16560,79302,239,25715,126346,124632,20401,125640,128772,54116,132618,19969,97143,16560,129093,28002,31328,63332,130999,126785,135092,17877,62071,126246,128836,13,220,16,24,21,19,126216,19391,54825,16560,79302,239,25715,126346,124632,20401,125640,128772,54116,132618,19969,97143,16560,129093,28002,31328,63332,130999,126785,135092,17877,62071,126246,128836,13,220,16,24,21,19,126216,19391,54825,16560,79302,239,25715,126346,124632]",47,232,129,185,128,99,29,2.106382978723404,0.2265625,1.0078125,1.4453125,1.0,0,0,0.0,{},3,0,0.0,0.0,0.00015260465443134308,1.27757166326046,128,29
WIKIPEDIA,P3,ENTROPY_MATCHED_GUARD,99,5c3ca4e5f465dc182ec3e6b54f9ae6fd7f1cd6a02e73004bd182199e6766415e,12.136938836425543,128,128,True,True,False,"[13146,13,138373,20401,136608,56475,130887,136361,138629,33704,220,17,17,16,126216,19391,61298,60315,50340,19969,138373,17877,125206,32077,23573,128900,13,61298,60315,50340,20401,130270,124785,132343,46832,102,37087,7,130803,37087,8,12802,125199,127378,11,23084,16560,138373,20401,136608,56475,130887,73077,53442,52300,74884,243,92817,139836,13,61298,60315,50340,136331,138373,33704,220,17,15,15,126216,126322,126246,127296,74884,243,92817,19969,84621,131498,52959,10764,250,102,144088,31079,74884,242,13146,13,220,16,17,22,16,126216,126377,36978,121,138924,20401,90711,116,7,130803,37087,8,31328,74361,222,12802,125166,12802,12802,19969,61298,60315,50340,18411,10764,251,231,95218,66136,31079,130345,60315,50340]",60,294,129,234,128,74,54,1.2333333333333334,0.421875,1.0078125,1.828125,1.0,2,0,0.03333333333333333,"{""2"":1,""3"":1}",12,0,0.0,0.0,0.00021143443882465363,1.6358395144343376,128,54
WIKIPEDIA,P3,ENTROPY_MATCHED_GUARD,105,bc89f0438663e3b06f77ae921e1a7700fa43f38465b2c23d15b5529b4221e4fc,11.24257984943688,128,128,True,True,False,"[130638,17877,134013,17380,127165,120,126002,34395,11,220,16,19,15,20,126216,126377,136905,17380,86034,17877,81718,136892,125761,13,220,16,19,17,20,126216,126377,128677,144527,17877,74884,226,32831,126063,127378,11,220,16,19,20,18,126216,126377,74884,243,125086,20401,30520,226,139604,31328,62099,121,138789,139604,17877,130270,126702,134002,13,220,16,20,20,18,126216,126377,74884,243,125086,20401,30520,226,139604,31328,62099,121,138789,139604,17877,130270,126702,134002,13,220,16,20,24,17,126216,126377,136293,129534,20401,90711,101,138279,42039,136905,12802,54969,142194,133245,34395,11,220,16,20,24,23,126216,126377,74884,243,125086,20401,30520,226,139604,31328,62099,121,138789,139604]",52,258,129,206,128,92,36,1.7692307692307692,0.28125,1.0078125,1.609375,1.0,0,0,0.0,{},0,0,0.0,0.0,0.00013780035078525543,1.4249963648617268,128,36
WIKIPEDIA,P3,ENTROPY_MATCHED_GUARD,114,2d50e6a2a69f3a22d80522b5126c7394ec30a37997abfc1af6fe88aae4c5e7a3,10.188180049881339,128,128,True,True,False,"[130999,132818,135513,95218,16560,74808,29281,76337,42039,26698,11,133553,28002,124632,11,47818,126251,124632,11,43115,37087,124632,77002,56475,65553,238,28002,40720,132306,13,125714,79716,126321,29281,76337,33704,125714,79716,17877,133970,42905,74808,29281,76337,42039,11,125714,79716,17877,133970,42905,74808,29281,76337,33704,125714,79716,126321,29281,76337,130939,85403,82965,13146,13,125714,79716,126321,29281,76337,33704,125714,79716,17877,133970,42905,74808,29281,76337,42039,11,125714,79716,17877,133970,42905,74808,29281,76337,33704,125714,79716,126321,29281,76337,130939,85403,82965,13146,382,56039,79716,126321,29281,76337,20401,60716,16560,125714,79716,126321,29281,76337,20401,94203,23259,19391,126629,135763,132306,13,125714,79716,126321,29281,76337,20401,94203]",43,212,129,169,128,102,26,2.372093023255814,0.203125,1.0078125,1.3203125,1.0,0,0,0.0,{},0,0,0.0,0.0,0.00011153332889080048,1.1847586445510387,128,26
WIKIPEDIA,P3,ENTROPY_MATCHED_GUARD,116,80b40150cb6c6cacbe345969e8709822cdac29c8963346d4d774ddfe0d1ee118,9.343634471297264,128,128,True,True,False,"[84667,124419,24897,20401,94203,85057,130939,47985,129112,13,129093,54330,132841,33704,125149,28002,23259,12802,137621,126310,28002,23259,17380,36055,133085,128555,135513,144038,28733,130671,13,129093,54330,132841,20401,45563,33704,220,18,13,16,19,16,20,24,17,21,20,18,20,23,24,22,24,18,17,18,23,19,21,17,21,19,18,18,23,18,17,22,24,20,15,17,23,23,19,16,24,22,16,21,24,18,24,24,18,22,20,16,15,20,23,17,15,24,22,19,24,19,19,20,24,17,18,15,22,23,16,21,19,15,21,17,23,21,17,15,23,24,24,23,21,17,23,15,18,19,23]",38,187,129,149,128,116,12,3.0526315789473686,0.09375,1.0078125,1.1640625,1.0,0,0,0.0,{},0,0,0.0,0.0,9.511411190032959e-05,1.0288451723754406,128,12
WIKIPEDIA,P3,ENTROPY_MATCHED_GUARD,117,5ad01d8771f5b8361864124ec2cc39c9b8c989333e9e3aa38ecbce5e7a7f79e3,9.49543117173016,128,128,True,True,False,"[24,21,15,126216,66845,19391,23084,125548,60294,26698,16560,46832,242,124632,20401,73986,19969,126346,32831,53680,30520,113,132499,124781,19391,128605,131698,18411,132876,125580,127378,11,220,16,24,22,15,126216,66845,126377,46832,242,124632,20401,73986,19969,126346,32831,53680,30520,113,132499,124781,19391,128605,131698,18411,132876,125580,127378,11,220,16,24,23,15,126216,66845,126377,46832,242,124632,20401,73986,19969,126346,32831,53680,30520,113,132499,124781,19391,128605,131698,18411,132876,125580,127378,11,220,16,24,24,15,126216,66845,126377,46832,242,124632,20401,73986,19969,126346,32831,53680,30520,113,132499,124781,19391,128605,131698,18411,132876,125580,127378,11,220,17,15,15,15,126216,66845,126377,46832]",39,192,129,153,128,115,13,2.948717948717949,0.1015625,1.0078125,1.1953125,1.0,0,0,0.0,{},0,0,0.0,0.0,9.862333536148071e-05,1.0691882278770208,128,13
WIKIPEDIA,P3,ENTROPY_MATCHED_GUARD,119,e78651cb0db294a29769d00e0b67b918a0d6bd73e89f12f69e15cc286429e7e0,9.960311019793153,128,128,True,True,False,"[21329,80573,135898,13,132028,57089,90486,127085,130974,133553,49543,20401,138519,131837,53680,77596,235,47985,19391,73986,131000,51876,13,132377,11,138519,131837,12802,126366,132182,133553,49543,16560,129381,77596,235,47985,17380,85413,222,125545,32077,53618,126366,129875,132028,57089,90486,127085,133120,35509,85251,13146,13,130005,11,77596,235,47985,19969,126366,5140,117,254,82965,133553,49543,16560,129381,138519,131837,42039,85413,222,125545,32077,53618,126366,129875,132028,57089,90486,127085,133120,35509,85251,13146,13,132028,57089,90486,127085,130974,133553,49543,20401,77596,235,47985,19391,73986,131000,42905,92751,124781,17380,11,77596,235,47985,19969,129419,73669,19969,97143,32290,132028,57089,90486,127085,130974,65553,97,73669,19969,130723,13,132028]",42,210,129,168,128,106,22,2.5238095238095237,0.171875,1.0078125,1.3125,1.0,0,0,0.0,{},0,0,0.0,0.0,0.00011357292532920837,1.1480909306555986,128,22
WIKIPEDIA,P3,ENTROPY_MATCHED_GUARD,134,dff86652722d026c3869887ea7e653b73da64b351697d7d0c647fef10a42b20b,9.161528589203954,128,128,True,True,False,"[43590,126216,137812,56475,40720,64119,124905,11,60960,126402,131655,56475,55673,17380,40720,132306,624,128792,124781,31079,16560,125206,82528,129709,31079,20401,83556,126337,42039,143522,139236,55902,56475,3315,241,108,132044,130092,31079,20401,46319,135092,128533,139052,131777,125206,141676,42905,65722,102,31079,125489,13,220,17,15,15,15,126216,66845,83315,60039,56290,20401,95996,129062,53680,6673,139269,53680,58677,33861,128013,20401,63332,128911,56290,17380,125206,82528,129709,31079,19969,95996,129062,126063,34395,11,125206,82528,129709,31079,20401,61298,83291,46319,26699,131219,19969,28927,105,82190,141888,43590,125160,20401,124685,125476,133914,12802,64521,49052,18411,74884,116,124781,31328,126253,3315,241,108,16560,139957,31079,19391,5140,117,245]",36,178,129,142,128,121,7,3.361111111111111,0.0546875,1.0078125,1.109375,1.0,0,0,0.0,{},0,0,0.0,0.0,9.12342220544815e-05,0.9917894788086414,128,7
WIKIPEDIA,P3,ENTROPY_MATCHED_GUARD,136,7a354878c63fadb9275073b266fc79ab41adb4e3a4eea902668c937d0f74ebcb,10.442857487127185,128,128,True,True,False,"[29346,47836,28733,90686,13,56419,25715,98927,29326,129382,33704,40720,25715,126253,137765,51391,29326,133120,55673,34395,132872,127451,67629,17877,125466,125522,47836,28733,64521,44518,24897,127649,125489,13,56419,25715,98927,29326,129382,33704,220,16,24,22,15,126216,66845,19391,136065,77002,40853,125580,127378,11,220,16,24,23,15,126216,66845,19391,60960,126402,56290,133381,13,220,16,24,24,15,126216,66845,126377,58677,33861,128013,12802,60960,126402,56290,64119,131611,56419,25715,98927,29326,129382,33704,58677,33861,128013,17877,131582,40720,25715,126253,137765,141819,47836,28733,64521,44518,24897,127649,42039,95996,65865,128836,13,56419,25715,98927,29326,129382,33704,133857,129378,130612,83518,65865,125511,40720,130357,132931,11,136115]",46,227,129,181,128,97,31,2.108695652173913,0.2421875,1.0078125,1.4140625,1.0,0,0,0.0,{},0,0,0.0,0.0,0.00012687407433986664,1.2654987592250109,128,31
WIKIPEDIA,P3,ENTROPY_MATCHED_GUARD,145,005a50bb1e2be0288c261e32d596ed107f6163785f7c14e52ef3bf8445d0f15c,9.025130577385426,128,128,True,True,False,"[5140,228,222,12802,20401,134953,33704,129242,56039,18411,131565,42905,128900,13,5140,228,222,12802,20401,134953,33704,129242,56039,18411,131565,42905,128900,13,5140,228,222,12802,20401,134953,33704,129242,56039,18411,131565,42905,128900,13,5140,228,222,12802,20401,134953,33704,129242,56039,18411,131565,42905,128900,13,5140,228,222,12802,20401,134953,33704,129242,56039,18411,131565,42905,128900,13,5140,228,222,12802,20401,134953,33704,129242,56039,18411,131565,42905,128900,13,5140,228,222,12802,20401,134953,33704,129242,56039,18411,131565,42905,128900,13,5140,228,222,12802,20401,134953,33704,129242,56039,18411,131565,42905,128900,13,5140,228,222,12802,20401,134953,33704,129242,56039,18411,131565,42905,128900,13,5140,228]",35,174,129,139,128,123,5,3.5142857142857142,0.0390625,1.0078125,1.0859375,1.0,0,0,0.0,{},3,0,0.0,0.0,0.00011807680130004883,0.9609344806522131,128,5
WIKIPEDIA,P3,ENTROPY_MATCHED_GUARD,149,b8407b142eaeece19e635181f420775fe1526f8537e1e2319612dc608d62b0b8,10.034325022250414,128,128,True,True,False,"[125511,126254,126559,11,126310,28002,23259,49543,143861,242,36055,23259,65238,124970,128618,23259,49543,125489,13,23084,16560,139107,129381,130263,128747,42039,128646,47836,28733,90686,382,57026,20487,26698,220,143861,242,36055,23259,65238,124970,129093,43590,136262,11,220,143861,242,36055,23259,220,15,12802,134808,129093,43590,125489,13,23084,130263,128747,33704,126365,100,144341,53680,45130,109,144341,19391,135878,34143,104,128173,132931,11,126365,100,144341,19391,128605,142654,129510,54321,33704,220,15,11,45130,109,144341,19391,128605,142654,129510,54321,33704,220,16,125489,13,126365,100,144341,19391,128605,127864,54321,33704,220,23084,34395,11,45130,109,144341,19391,128605,127864,54321,33704,220,23084,13146,13,126365,100,144341]",43,213,129,170,128,103,25,2.395348837209302,0.1953125,1.0078125,1.328125,1.0,0,0,0.0,{},0,0,0.0,0.0,0.00011216104030609131,1.172894997522235,128,25
WIKIPEDIA,P3,ENTROPY_MATCHED_GUARD,151,d74697603534767f1ce48379c1b960aba7fc3ba07a93d615c8f5f02eb239115a,9.587462840601802,128,128,True,True,False,"[54116,124517,19969,80573,16560,34143,105,28002,130592,80968,66790,80901,19969,37195,106,34395,11,127042,57089,25715,128901,127042,57089,17877,130094,42905,60960,19969,17380,16235,226,125052,17877,83596,16560,13146,13,127042,57089,25715,128901,127042,57089,17877,130094,42905,60960,19969,17380,16235,226,125052,17877,83596,16560,13146,13,127042,57089,25715,128901,127042,57089,17877,130094,42905,60960,19969,17380,16235,226,125052,17877,83596,16560,13146,13,127042,57089,25715,128901,127042,57089,17877,130094,42905,60960,19969,17380,16235,226,125052,17877,83596,16560,13146,13,127042,57089,25715,128901,127042,57089,17877,130094,42905,60960,19969,17380,16235,226,125052,17877,83596,16560,13146,13,127042,57089,25715,128901,127042,57089,17877,130094,42905,60960,19969]",40,200,129,160,128,114,14,2.85,0.109375,1.0078125,1.25,1.0,0,0,0.0,{},0,0,0.0,0.0,0.00010088086128234863,1.0842267498373985,128,14
WIKIPEDIA,P3,ENTROPY_MATCHED_GUARD,156,554e89867d740531ea4723899fb500f32679398eba63100d3f51e2735a22ef42,8.86186769604683,128,128,True,True,False,"[62107,81676,84255,81650,127483,33704,22942,17380,73669,128808,129264,129112,13,22942,33704,126291,126445,28626,144025,31079,20401,126291,125522,128739,17877,63332,40853,87425,137764,13,22942,33704,126291,126445,28626,144025,31079,20401,126291,125522,128739,17877,63332,40853,87425,137764,13,22942,33704,126291,126445,28626,144025,31079,20401,126291,125522,128739,17877,63332,40853,87425,137764,13,22942,33704,126291,126445,28626,144025,31079,20401,126291,125522,128739,17877,63332,40853,87425,137764,13,22942,33704,126291,126445,28626,144025,31079,20401,126291,125522,128739,17877,63332,40853,87425,137764,13,22942,33704,126291,126445,28626,144025,31079,20401,126291,125522,128739,17877,63332,40853,87425,137764,13,22942,33704,126291,126445,28626,144025,31079,20401,126291,125522,128739,17877,63332]",35,172,129,137,127,122,5,3.4857142857142858,0.03937007874015748,1.0078125,1.0703125,0.9921875,1,1,0.02857142857142857,"{""3"":1}",3,0,0.0,0.0,0.00011577457189559937,0.9467604365199804,127,5
WIKIPEDIA,P3,ENTROPY_MATCHED_GUARD,157,a58f93e22d11924373b50a226a157bb118a42e9b97f2e406c84324467ec722f1,9.866328662261367,128,128,True,True,False,"[133085,23573,125206,124781,19969,46682,33509,60315,11,136293,20401,58677,88259,16560,23872,121,220,16,127475,220,17,129034,72553,130345,42039,57835,29281,64119,124905,11,23084,70943,23872,121,220,24,23,4,19969,136293,31079,18411,40720,51876,13,136293,31079,16560,136293,20401,125466,26699,31079,136262,11,136293,31079,18411,40720,42905,124889,128901,136293,31079,18411,54070,31079,17380,129112,13,136293,31079,16560,136293,20401,125466,26699,31079,136262,11,136293,31079,18411,40720,42905,124889,128901,136293,31079,18411,54070,31079,17380,129112,13,136293,31079,16560,136293,20401,125466,26699,31079,136262,11,136293,31079,18411,40720,42905,124889,128901,136293,31079,18411,54070,31079,17380,129112,13,136293,31079,16560,136293,20401,125466,26699,31079]",42,207,129,165,128,104,24,2.4761904761904763,0.1875,1.0078125,1.2890625,1.0,0,0,0.0,{},0,0,0.0,0.0,0.00010736659169197083,1.1461708266288042,128,24
WIKIPEDIA,P3,ENTROPY_MATCHED_GUARD,160,1e26476690d1ff98feec7e46fff2e67a50d0d12aadd84c2628f4888925cc713d,9.16567344032228,128,128,True,True,False,"[139287,33704,44518,24897,127649,20401,63332,126246,17877,34143,112,64795,51876,13,89095,97,139287,33704,44518,24897,127649,20401,129304,56983,43590,24897,18411,92751,28002,51876,13,134084,11,89095,97,139287,33704,44518,24897,127649,20401,63332,126246,17877,34143,112,64795,51876,13,89095,97,139287,33704,44518,24897,127649,20401,129304,56983,43590,24897,18411,92751,28002,51876,13,134084,11,89095,97,139287,33704,44518,24897,127649,20401,63332,126246,17877,34143,112,64795,51876,624,56983,43590,24897,92751,28002,198,89095,97,139287,33704,44518,24897,127649,20401,129304,56983,43590,24897,18411,92751,28002,51876,13,89095,97,139287,33704,44518,24897,127649,20401,129304,56983,43590,24897,18411,92751,28002,51876,13,134084,11,89095,97]",36,180,129,144,128,117,11,3.25,0.0859375,1.0078125,1.125,1.0,0,0,0.0,{},0,0,0.0,0.0,0.00010072998702526093,0.9852285794913769,128,11
WIKIPEDIA,P3,ENTROPY_MATCHED_GUARD,168,36ee04f27561af7e590b306bd86bbbe3b96e895a4c50ad77892679812f192fc2,8.735270561650395,128,128,True,True,False,"[128514,220,16,32077,198,220,17,128514,220,17,32077,198,220,17,128514,220,18,32077,198,220,17,128514,220,19,32077,198,220,17,128514,220,20,32077,198,220,17,128514,220,21,32077,198,220,17,128514,220,22,32077,198,220,17,128514,220,23,32077,198,220,17,128514,220,24,32077,198,220,17,128514,220,16,15,32077,198,220,17,128514,220,16,16,32077,198,220,17,128514,220,16,17,32077,198,220,17,128514,220,16,18,32077,198,220,17,128514,220,16,19,32077,198,220,17,128514,220,16,20,32077,198,220,17,128514,220,16,21,32077,198,220,17,128514,220,16,22,32077,198,220,17,128514]",33,163,129,130,128,126,2,3.8181818181818183,0.015625,1.0078125,1.015625,1.0,0,0,0.0,{},0,0,0.0,0.0,8.535012602806091e-05,0.9068770483136177,128,2
