prompt_id,generated_tokens,generated_visible_ids,generated_exact_id_spans,retokenization_roundtrip_exact,expected_visible_ids,retokenized_ids
0,128,128,128,True,256,256
1,128,128,128,True,256,256
2,128,128,128,True,256,256
3,128,128,128,True,256,256
4,83,82,82,True,210,210
5,128,128,128,True,256,256
6,128,128,128,True,256,256
7,128,128,128,True,256,256
8,128,128,128,True,256,256
9,128,128,128,True,256,256
10,128,128,128,True,256,256
11,128,128,128,True,256,256
12,128,128,128,True,256,256
13,128,128,128,True,256,256
14,128,128,128,True,256,256
15,128,128,128,True,256,256
16,128,128,128,True,256,256
17,128,128,128,True,256,256
18,128,128,128,True,256,256
19,128,128,128,True,256,256
20,128,128,128,True,256,256
21,128,128,128,True,256,256
22,128,128,128,True,256,256
23,128,128,128,True,256,256
24,128,128,128,True,256,256
25,128,128,128,True,256,256
26,128,128,128,True,256,256
27,128,128,128,True,256,256
28,128,128,128,True,256,256
29,128,128,128,True,256,256
30,128,128,128,True,256,256
31,128,128,128,True,256,256
32,128,128,128,True,256,256
33,128,128,128,True,256,256
34,128,128,127,False,256,256
35,128,128,128,True,256,256
36,128,128,128,True,256,256
37,128,128,128,True,256,256
38,128,128,127,False,256,256
39,128,128,128,True,256,256
40,128,128,128,True,256,256
41,128,128,128,True,256,256
42,128,128,128,True,256,256
43,128,128,128,True,256,256
44,128,128,128,True,256,256
45,128,128,128,True,256,256
46,128,128,128,True,256,256
47,128,128,128,True,256,256
48,128,128,128,True,256,256
49,128,128,128,True,256,256
50,128,128,128,True,196,196
51,128,128,128,True,256,256
52,128,128,128,True,256,256
53,128,128,128,True,256,256
54,128,128,128,True,256,256
55,128,128,128,True,256,256
56,128,128,128,True,256,256
57,57,56,56,True,158,158
58,128,128,128,True,256,256
59,128,128,128,True,256,256
60,128,128,128,True,256,256
61,128,128,128,True,256,256
62,128,128,128,True,256,256
63,128,128,128,True,256,256
64,128,128,128,True,256,256
65,128,128,127,False,256,256
66,128,128,128,True,256,256
67,128,128,128,True,256,256
68,128,128,128,True,256,256
69,128,128,128,True,256,256
70,128,128,128,True,256,256
71,128,128,128,True,256,256
72,128,128,128,True,256,256
73,128,128,128,True,256,256
74,128,128,128,True,256,256
75,128,128,128,True,256,256
76,128,128,128,True,256,256
77,128,128,128,True,256,256
78,128,128,128,True,256,256
79,128,128,128,True,256,256
80,128,128,128,True,256,256
81,128,128,128,True,256,256
82,128,128,128,True,256,256
83,128,128,127,False,256,256
84,128,128,128,True,256,256
85,128,128,128,True,256,256
86,128,128,128,True,256,256
87,128,128,128,True,256,256
88,128,128,126,False,256,255
89,128,128,128,True,256,256
90,128,128,128,True,256,256
91,128,128,128,True,256,256
92,128,128,128,True,256,256
93,128,128,128,True,256,256
94,128,128,128,True,256,256
95,128,128,126,False,256,256
96,128,128,128,True,256,256
97,128,128,128,True,256,256
98,128,128,128,True,256,256
99,128,128,128,True,256,256
100,128,128,128,True,256,256
101,128,128,128,True,256,256
102,128,128,128,True,256,256
103,128,128,128,True,256,256
104,128,128,128,True,256,256
105,128,128,128,True,256,256
106,128,128,128,True,256,256
107,128,128,128,True,256,256
108,128,128,128,True,256,256
109,128,128,128,True,256,256
110,128,128,128,True,256,256
111,128,128,128,True,256,256
112,128,128,128,True,256,256
113,128,128,128,True,256,256
114,128,128,128,True,256,256
115,128,128,128,True,256,256
116,128,128,128,True,256,256
117,128,128,127,False,256,256
118,128,128,128,True,256,256
119,128,128,128,True,256,256
120,128,128,128,True,256,256
121,128,128,128,True,256,256
122,128,128,128,True,256,256
123,128,128,128,True,256,256
124,128,128,128,True,256,256
125,128,128,128,True,256,256
126,128,128,128,True,256,256
127,128,128,128,True,256,256
128,128,128,128,True,256,256
129,128,128,128,True,256,256
130,128,128,128,True,256,256
131,128,128,128,True,256,256
132,128,128,126,False,256,256
133,128,128,128,True,256,256
134,128,128,128,True,256,256
135,128,128,128,True,256,256
136,128,128,128,True,256,256
137,128,128,128,True,256,256
138,128,128,128,True,256,256
139,128,128,128,True,256,256
140,128,128,116,False,256,262
141,128,128,128,True,256,256
142,128,128,128,True,256,256
143,128,128,128,True,256,256
144,128,128,128,True,256,256
145,128,128,126,False,256,255
146,128,128,128,True,256,256
147,128,128,128,True,256,256
148,83,82,82,True,210,210
149,128,128,128,True,256,256
150,128,128,128,True,256,256
151,128,128,128,True,256,256
152,128,128,128,True,256,256
153,128,128,128,True,256,256
154,128,128,128,True,256,256
155,128,128,128,True,256,256
156,128,128,128,True,256,256
157,128,128,128,True,256,256
158,128,128,128,True,256,256
159,128,128,128,True,256,256
160,128,128,128,True,256,256
161,128,128,128,True,256,256
162,128,128,128,True,256,256
163,128,128,128,True,256,256
164,128,128,128,True,256,256
165,128,128,128,True,256,256
166,128,128,128,True,256,256
167,128,128,128,True,256,256
168,128,128,128,True,256,256
169,128,128,127,False,256,256
170,128,128,128,True,256,256
171,128,128,128,True,256,256
172,128,128,128,True,256,256
173,128,128,128,True,256,256
174,128,128,128,True,256,256
175,128,128,127,False,256,256
176,128,128,128,True,256,256
177,128,128,128,True,256,256
178,128,128,128,True,256,256
179,128,128,127,False,256,256
180,128,128,128,True,256,256
181,128,128,128,True,256,256
182,128,128,128,True,256,256
183,128,128,128,True,256,256
184,128,128,128,True,256,256
185,128,128,128,True,256,256
186,128,128,128,True,256,256
187,128,128,128,True,256,256
188,128,128,128,True,256,256
189,128,128,127,False,256,256
190,128,128,128,True,256,256
191,128,128,128,True,199,199
192,128,128,126,False,256,255
193,128,128,128,True,256,256
194,128,128,128,True,256,256
195,128,128,128,True,256,256
196,128,128,128,True,256,256
197,128,128,128,True,256,256
198,128,128,128,True,256,256
199,128,128,128,True,256,256
200,128,128,128,True,256,256
201,128,128,128,True,256,256
202,128,128,128,True,256,256
203,128,128,128,True,256,256
204,128,128,128,True,256,256
205,128,128,128,True,256,256
206,128,128,127,False,256,256
207,128,128,128,True,256,256
208,128,128,128,True,256,256
209,128,128,128,True,256,256
210,128,128,128,True,256,256
211,128,128,127,False,256,256
212,128,128,128,True,256,256
213,128,128,128,True,256,256
214,128,128,128,True,256,256
215,128,128,128,True,256,256
216,128,128,128,True,256,256
217,128,128,128,True,256,256
218,128,128,128,True,256,256
219,128,128,128,True,256,256
220,128,128,128,True,256,256
221,128,128,128,True,256,256
222,128,128,128,True,256,256
223,128,128,128,True,256,256
224,128,128,128,True,256,256
225,128,128,126,False,256,255
226,128,128,128,True,256,256
227,128,128,128,True,256,256
228,7,6,6,True,134,134
229,128,128,128,True,256,256
230,128,128,128,True,256,256
231,128,128,128,True,256,256
232,128,128,128,True,256,256
233,128,128,128,True,256,256
234,128,128,128,True,256,256
235,128,128,128,True,256,256
236,128,128,126,False,256,256
237,128,128,128,True,256,256
238,128,128,126,False,256,255
239,128,128,128,True,256,256
240,128,128,128,True,256,256
241,128,128,128,True,256,256
242,128,128,128,True,256,256
243,128,128,128,True,256,256
244,128,128,128,True,256,256
245,128,128,128,True,256,256
246,128,128,128,True,256,256
247,128,128,128,True,256,256
248,128,128,128,True,256,256
249,128,128,128,True,256,256
250,128,128,128,True,256,256
251,128,128,128,True,256,256
252,128,128,128,True,256,256
253,128,128,128,True,256,256
254,128,128,128,True,256,256
255,128,128,128,True,256,256
256,128,128,128,True,256,256
257,128,128,128,True,256,256
258,128,128,128,True,256,256
259,128,128,128,True,256,256
260,128,128,128,True,256,256
261,128,128,128,True,256,256
262,128,128,128,True,256,256
263,128,128,128,True,256,256
264,128,128,128,True,256,256
265,128,128,128,True,216,216
266,128,128,128,True,256,256
267,128,128,128,True,256,256
268,128,128,127,False,256,256
269,128,128,128,True,256,256
270,128,128,128,True,256,256
271,128,128,127,False,256,256
272,128,128,128,True,256,256
273,128,128,128,True,256,256
274,128,128,128,True,256,256
275,128,128,128,True,256,256
276,128,128,128,True,256,256
277,101,100,100,True,228,228
278,128,128,128,True,256,256
279,128,128,128,True,256,256
280,128,128,128,True,256,256
281,128,128,128,True,256,256
282,128,128,127,False,256,256
283,1,0,0,True,117,117
284,128,128,128,True,256,256
285,128,128,128,True,256,256
286,128,128,128,True,256,256
287,128,128,128,True,256,256
288,128,128,128,True,256,256
289,128,128,128,True,256,256
290,128,128,128,True,256,256
291,128,128,128,True,256,256
292,128,128,127,False,256,256
293,128,128,128,True,256,256
294,128,128,128,True,256,256
295,128,128,128,True,256,256
296,128,128,128,True,256,256
297,128,128,128,True,256,256
298,128,128,128,True,256,256
299,128,128,128,True,256,256
300,128,128,128,True,256,256
301,128,128,128,True,256,256
302,128,128,128,True,256,256
303,128,128,128,True,256,256
304,128,128,128,True,256,256
305,128,128,128,True,256,256
306,128,128,128,True,256,256
307,128,128,128,True,256,256
308,128,128,128,True,256,256
309,128,128,128,True,256,256
310,128,128,128,True,256,256
311,128,128,128,True,256,256
312,128,128,128,True,256,256
313,128,128,128,True,256,256
314,128,128,128,True,256,256
315,128,128,128,True,256,256
316,128,128,128,True,256,256
317,128,128,128,True,256,256
318,128,128,128,True,256,256
319,128,128,128,True,256,256
320,128,128,128,True,256,256
321,128,128,128,True,256,256
322,128,128,128,True,256,256
323,128,128,128,True,256,256
324,128,128,128,True,256,256
325,128,128,128,True,256,256
326,128,128,128,True,256,256
327,128,128,128,True,256,256
328,128,128,128,True,256,256
329,128,128,128,True,256,256
330,128,128,128,True,256,256
331,128,128,128,True,256,256
332,128,128,128,True,256,256
333,128,128,128,True,256,256
334,128,128,128,True,256,256
335,128,128,128,True,256,256
336,128,128,128,True,256,256
337,128,128,128,True,256,256
338,128,128,128,True,256,256
339,128,128,128,True,233,233
340,128,128,128,True,256,256
341,128,128,128,True,256,256
342,128,128,128,True,256,256
343,128,128,128,True,256,256
344,128,128,128,True,256,256
345,128,128,128,True,256,256
346,128,128,128,True,256,256
347,128,128,128,True,256,256
348,128,128,128,True,256,256
349,128,128,128,True,256,256
350,128,128,128,True,256,256
351,128,128,128,True,256,256
352,128,128,128,True,256,256
353,128,128,127,False,256,256
354,128,128,128,True,256,256
355,128,128,128,True,256,256
356,128,128,128,True,256,256
357,128,128,128,True,256,256
358,128,128,128,True,256,256
359,128,128,128,True,256,256
360,128,128,127,False,256,256
361,128,128,128,True,256,256
362,128,128,128,True,256,256
363,128,128,128,True,256,256
364,128,128,128,True,256,256
365,128,128,128,True,256,256
366,128,128,128,True,256,256
367,128,128,128,True,256,256
368,128,128,128,True,256,256
369,128,128,128,True,256,256
370,128,128,126,False,256,255
371,128,128,128,True,256,256
372,128,128,128,True,256,256
373,128,128,128,True,256,256
374,128,128,128,True,256,256
375,128,128,128,True,256,256
376,128,128,128,True,256,256
377,128,128,128,True,256,256
378,128,128,128,True,256,256
379,128,128,128,True,256,256
380,128,128,128,True,256,256
381,128,128,128,True,256,256
382,128,128,126,False,256,255
383,128,128,128,True,256,256
384,128,128,128,True,256,256
385,128,128,128,True,256,256
386,128,128,128,True,256,256
387,128,128,128,True,256,256
388,128,128,128,True,256,256
389,128,128,128,True,256,256
390,128,128,120,False,256,256
391,128,128,128,True,256,256
392,128,128,128,True,198,198
393,128,128,128,True,256,256
394,128,128,128,True,256,256
395,128,128,128,True,256,256
396,128,128,127,False,256,256
397,128,128,128,True,256,256
398,128,128,128,True,256,256
399,128,128,128,True,256,256
400,128,128,128,True,181,181
401,128,128,128,True,256,256
402,128,128,128,True,256,256
403,128,128,128,True,256,256
404,128,128,127,False,256,256
405,128,128,128,True,256,256
406,128,128,128,True,256,256
407,128,128,128,True,256,256
408,128,128,128,True,256,256
409,128,128,128,True,256,256
410,128,128,128,True,256,256
411,128,128,128,True,256,256
412,128,128,128,True,256,256
413,128,128,128,True,256,256
414,128,128,128,True,256,256
415,128,128,128,True,256,256
416,128,128,128,True,256,256
417,128,128,128,True,256,256
418,128,128,128,True,256,256
419,128,128,128,True,256,256
420,128,128,128,True,256,256
421,128,128,128,True,256,256
422,128,128,128,True,256,256
423,128,128,128,True,256,256
424,128,128,128,True,256,256
425,128,128,128,True,202,202
426,93,92,92,True,220,220
427,128,128,128,True,256,256
428,128,128,128,True,256,256
429,128,128,128,True,256,256
430,128,128,128,True,256,256
431,128,128,128,True,256,256
432,128,128,128,True,256,256
433,128,128,128,True,256,256
434,128,128,128,True,256,256
435,128,128,128,True,256,256
436,128,128,128,True,256,256
437,113,112,112,True,240,240
438,128,128,128,True,256,256
439,128,128,128,True,256,256
440,128,128,128,True,256,256
441,128,128,128,True,256,256
442,128,128,128,True,256,256
443,128,128,128,True,256,256
444,128,128,128,True,256,256
445,128,128,128,True,256,256
446,128,128,128,True,256,256
447,128,128,127,False,256,256
448,128,128,128,True,256,256
449,128,128,128,True,256,256
450,128,128,128,True,256,256
451,128,128,128,True,256,256
452,128,128,128,True,256,256
453,1,0,0,True,93,93
454,128,128,128,True,182,182
455,128,128,128,True,256,256
456,128,128,128,True,256,256
457,128,128,128,True,256,256
458,128,128,128,True,256,256
459,128,128,128,True,256,256
460,128,128,128,True,256,256
461,128,128,128,True,256,256
462,128,128,128,True,256,256
463,128,128,128,True,256,256
464,128,128,128,True,256,256
465,128,128,128,True,256,256
466,128,128,128,True,256,256
467,128,128,128,True,256,256
468,128,128,128,True,256,256
469,128,128,128,True,256,256
470,128,128,128,True,256,256
471,128,128,128,True,256,256
472,128,128,128,True,256,256
473,128,128,128,True,256,256
474,128,128,128,True,256,256
475,128,128,128,True,256,256
476,128,128,126,False,256,255
477,128,128,128,True,256,256
478,128,128,128,True,256,256
479,128,128,128,True,256,256
480,128,128,128,True,256,256
481,128,128,128,True,256,256
482,128,128,128,True,256,256
483,128,128,128,True,256,256
484,128,128,128,True,256,256
485,128,128,128,True,256,256
486,128,128,128,True,256,256
487,128,128,128,True,256,256
488,128,128,128,True,256,256
489,128,128,128,True,256,256
490,128,128,128,True,256,256
491,128,128,128,True,256,256
492,128,128,128,True,256,256
493,128,128,128,True,256,256
494,128,128,128,True,256,256
495,128,128,128,True,256,256
496,128,128,128,True,256,256
497,128,128,128,True,256,256
498,128,128,128,True,256,256
499,128,128,128,True,256,256
500,128,128,128,True,256,256
501,128,128,128,True,256,256
502,128,128,128,True,256,256
503,128,128,128,True,256,256
504,128,128,128,True,256,256
505,128,128,128,True,256,256
506,128,128,128,True,256,256
507,128,128,128,True,256,256
508,128,128,128,True,256,256
509,128,128,128,True,256,256
510,128,128,128,True,256,256
511,128,128,127,False,256,256
512,128,128,128,True,256,256
513,128,128,128,True,256,256
514,128,128,126,False,256,255
515,128,128,128,True,256,256
516,128,128,128,True,256,256
517,128,128,127,False,256,256
518,128,128,128,True,256,256
519,128,128,128,True,256,256
520,128,128,128,True,256,256
521,128,128,128,True,256,256
522,128,128,128,True,256,256
523,128,128,128,True,256,256
524,128,128,128,True,256,256
525,128,128,128,True,256,256
526,128,128,128,True,256,256
527,128,128,128,True,256,256
528,128,128,128,True,256,256
529,128,128,128,True,256,256
530,128,128,126,False,256,255
531,128,128,128,True,256,256
532,128,128,128,True,256,256
533,128,128,128,True,256,256
534,128,128,127,False,256,256
535,128,128,128,True,256,256
536,128,128,128,True,256,256
537,128,128,125,False,256,256
538,128,128,128,True,256,256
539,128,128,128,True,256,256
540,128,128,128,True,256,256
541,128,128,128,True,256,256
542,128,128,128,True,256,256
543,128,128,128,True,256,256
544,128,128,128,True,256,256
545,128,128,128,True,256,256
546,128,128,128,True,256,256
547,128,128,128,True,256,256
548,128,128,128,True,256,256
549,128,128,128,True,256,256
550,128,128,128,True,256,256
551,128,128,128,True,256,256
552,128,128,128,True,256,256
553,128,128,128,True,256,256
554,128,128,128,True,256,256
555,128,128,127,False,256,256
556,128,128,128,True,256,256
557,128,128,128,True,256,256
558,128,128,128,True,256,256
559,128,128,128,True,256,256
560,128,128,128,True,256,256
561,128,128,128,True,256,256
562,128,128,128,True,256,256
563,128,128,128,True,256,256
564,128,128,128,True,256,256
565,128,128,128,True,256,256
566,128,128,126,False,256,255
567,128,128,128,True,256,256
568,128,128,124,False,256,254
569,128,128,127,False,256,256
570,128,128,127,False,244,244
571,128,128,127,False,256,256
572,128,128,128,True,256,256
573,128,128,128,True,256,256
574,128,128,128,True,256,256
575,128,128,128,True,256,256
576,128,128,128,True,256,256
577,128,128,128,True,256,256
578,128,128,128,True,256,256
579,128,128,128,True,256,256
580,128,128,128,True,256,256
581,128,128,128,True,256,256
582,128,128,126,False,256,255
583,128,128,128,True,256,256
584,128,128,128,True,256,256
585,128,128,128,True,256,256
586,128,128,128,True,256,256
587,128,128,128,True,256,256
588,128,128,128,True,256,256
589,128,128,128,True,256,256
590,128,128,128,True,256,256
591,128,128,128,True,256,256
592,128,128,128,True,256,256
593,128,128,128,True,256,256
594,128,128,128,True,256,256
595,128,128,128,True,256,256
596,128,128,128,True,256,256
597,128,128,128,True,256,256
598,128,128,127,False,256,256
599,128,128,128,True,256,256
600,128,128,128,True,256,256
601,128,128,128,True,256,256
602,128,128,128,True,256,256
603,128,128,128,True,256,256
604,128,128,127,False,256,256
605,128,128,128,True,256,256
606,128,128,128,True,256,256
607,128,128,126,False,256,255
608,128,128,128,True,256,256
609,128,128,128,True,256,256
610,128,128,128,True,256,256
611,128,128,128,True,256,256
612,128,128,126,False,256,258
613,128,128,128,True,256,256
614,128,128,128,True,256,256
615,128,128,128,True,256,256
616,128,128,128,True,256,256
617,128,128,128,True,256,256
618,128,128,128,True,256,256
619,128,128,128,True,256,256
620,128,128,128,True,256,256
621,128,128,128,True,256,256
622,128,128,128,True,256,256
623,128,128,128,True,256,256
624,128,128,128,True,256,256
625,128,128,128,True,256,256
626,128,128,128,True,256,256
627,128,128,128,True,256,256
628,128,128,128,True,256,256
629,128,128,128,True,256,256
630,128,128,128,True,256,256
631,128,128,128,True,256,256
632,128,128,128,True,256,256
633,128,128,121,False,256,253
634,128,128,128,True,256,256
635,128,128,128,True,256,256
636,128,128,128,True,256,256
637,128,128,128,True,256,256
638,128,128,128,True,256,256
639,128,128,128,True,256,256
640,128,128,128,True,256,256
641,128,128,128,True,256,256
642,128,128,128,True,256,256
643,128,128,128,True,256,256
644,128,128,128,True,256,256
645,128,128,128,True,256,256
646,128,128,126,False,256,255
647,128,128,128,True,256,256
648,128,128,128,True,256,256
649,128,128,128,True,256,256
650,128,128,128,True,256,256
651,128,128,128,True,256,256
652,128,128,128,True,256,256
653,128,128,126,False,256,255
654,128,128,128,True,256,256
655,128,128,127,False,256,256
656,128,128,128,True,256,256
657,128,128,128,True,256,256
658,128,128,128,True,256,256
659,128,128,128,True,256,256
660,128,128,128,True,256,256
661,128,128,127,False,256,256
662,128,128,128,True,256,256
663,128,128,128,True,256,256
664,128,128,128,True,256,256
665,128,128,128,True,256,256
666,128,128,128,True,256,256
667,128,128,128,True,256,256
668,128,128,128,True,256,256
669,128,128,128,True,256,256
670,128,128,128,True,256,256
671,128,128,127,False,256,256
672,128,128,128,True,256,256
673,128,128,128,True,256,256
674,128,128,128,True,256,256
675,128,128,128,True,256,256
676,128,128,128,True,256,256
677,128,128,128,True,256,256
678,128,128,128,True,256,256
679,128,128,128,True,256,256
680,128,128,128,True,256,256
681,128,128,128,True,256,256
682,128,128,126,False,256,255
683,128,128,128,True,256,256
684,128,128,128,True,256,256
685,128,128,128,True,256,256
686,128,128,128,True,256,256
687,128,128,128,True,256,256
688,128,128,128,True,256,256
689,128,128,128,True,256,256
690,128,128,128,True,256,256
691,128,128,128,True,256,256
692,128,128,128,True,256,256
693,128,128,128,True,256,256
694,128,128,128,True,256,256
695,128,128,128,True,256,256
696,128,128,128,True,256,256
697,128,128,128,True,256,256
698,128,128,128,True,256,256
699,128,128,128,True,256,256
700,128,128,127,False,256,256
701,128,128,128,True,256,256
702,128,128,128,True,256,256
703,128,128,128,True,256,256
704,128,128,128,True,256,256
705,128,128,128,True,256,256
706,128,128,127,False,256,256
707,128,128,128,True,256,256
708,128,128,128,True,256,256
709,128,128,128,True,256,256
710,128,128,127,False,256,256
711,128,128,128,True,256,256
712,128,128,128,True,256,256
713,128,128,128,True,256,256
714,128,128,128,True,256,256
715,128,128,128,True,256,256
716,128,128,128,True,256,256
717,128,128,128,True,256,256
718,128,128,128,True,256,256
719,128,128,127,False,256,256
720,128,128,128,True,256,256
721,128,128,128,True,256,256
722,128,128,127,False,256,256
723,128,128,128,True,256,256
724,128,128,128,True,256,256
725,128,128,128,True,256,256
726,128,128,128,True,256,256
727,128,128,128,True,256,256
728,128,128,126,False,256,255
729,128,128,128,True,256,256
730,128,128,128,True,256,256
731,128,128,128,True,256,256
732,128,128,128,True,256,256
733,128,128,128,True,256,256
734,128,128,128,True,256,256
735,128,128,128,True,256,256
736,128,128,128,True,256,256
737,128,128,128,True,256,256
738,128,128,128,True,256,256
739,128,128,128,True,256,256
740,128,128,128,True,256,256
741,128,128,128,True,256,256
742,128,128,128,True,256,256
743,128,128,128,True,256,256
744,128,128,128,True,256,256
745,128,128,128,True,256,256
746,128,128,128,True,256,256
747,128,128,128,True,256,256
748,128,128,127,False,256,256
749,128,128,128,True,256,256
750,128,128,128,True,256,256
751,128,128,128,True,256,256
752,128,128,128,True,256,256
753,128,128,128,True,256,256
754,128,128,128,True,256,256
755,128,128,128,True,256,256
756,128,128,128,True,256,256
757,128,128,128,True,256,256
758,128,128,128,True,256,256
759,128,128,128,True,256,256
760,128,128,128,True,256,256
761,128,128,128,True,256,256
762,128,128,128,True,256,256
763,128,128,128,True,256,256
764,128,128,128,True,256,256
765,128,128,128,True,256,256
766,128,128,128,True,256,256
767,128,128,128,True,256,256
768,128,128,128,True,256,256
769,128,128,128,True,256,256
770,128,128,128,True,256,256
771,128,128,128,True,256,256
772,128,128,128,True,256,256
773,128,128,128,True,256,256
774,128,128,128,True,256,256
775,128,128,128,True,256,256
776,128,128,128,True,256,256
777,128,128,128,True,256,256
778,128,128,128,True,256,256
779,128,128,127,False,256,256
780,128,128,127,False,256,256
781,128,128,128,True,256,256
782,128,128,128,True,256,256
783,128,128,128,True,256,256
784,128,128,128,True,256,256
785,128,128,128,True,256,256
786,128,128,128,True,256,256
787,128,128,128,True,256,256
788,128,128,128,True,256,256
789,128,128,128,True,256,256
790,128,128,128,True,256,256
791,128,128,128,True,256,256
792,128,128,128,True,256,256
793,128,128,128,True,256,256
794,128,128,128,True,256,256
795,128,128,128,True,256,256
796,128,128,128,True,256,256
797,128,128,128,True,256,256
798,128,128,128,True,256,256
799,128,128,128,True,256,256
800,128,128,128,True,256,256
801,128,128,128,True,256,256
802,128,128,128,True,256,256
803,128,128,128,True,256,256
804,128,128,128,True,256,256
805,128,128,126,False,256,256
806,128,128,128,True,256,256
807,128,128,128,True,256,256
808,128,128,128,True,256,256
809,128,128,128,True,256,256
810,128,128,128,True,256,256
811,128,128,128,True,256,256
812,128,128,128,True,256,256
813,128,128,128,True,256,256
814,128,128,128,True,256,256
815,128,128,128,True,256,256
816,128,128,128,True,256,256
817,128,128,128,True,256,256
818,128,128,128,True,222,222
819,128,128,128,True,256,256
820,114,113,113,True,241,241
821,128,128,128,True,256,256
822,128,128,128,True,256,256
823,128,128,128,True,256,256
824,128,128,128,True,256,256
825,128,128,128,True,211,211
826,128,128,127,False,218,218
827,128,128,128,True,256,256
828,128,128,128,True,256,256
829,128,128,128,True,256,256
830,128,128,128,True,256,256
831,128,128,128,True,256,256
832,128,128,128,True,256,256
833,128,128,128,True,256,256
834,128,128,128,True,256,256
835,128,128,128,True,256,256
836,128,128,128,True,256,256
837,128,128,127,False,256,256
838,128,128,128,True,256,256
839,128,128,128,True,256,256
840,128,128,128,True,256,256
841,128,128,128,True,256,256
842,128,128,128,True,256,256
843,128,128,128,True,256,256
844,128,128,128,True,256,256
845,128,128,128,True,256,256
846,128,128,128,True,256,256
847,128,128,128,True,256,256
848,128,128,128,True,256,256
849,128,128,128,True,256,256
850,128,128,128,True,256,256
851,128,128,126,False,256,255
852,128,128,128,True,256,256
853,128,128,128,True,256,256
854,128,128,128,True,256,256
855,128,128,128,True,256,256
856,128,128,128,True,256,256
857,128,128,128,True,256,256
858,128,128,128,True,256,256
859,128,128,128,True,256,256
860,128,128,126,False,256,255
861,128,128,128,True,256,256
862,128,128,128,True,256,256
863,128,128,128,True,256,256
864,128,128,128,True,256,256
865,128,128,127,False,256,256
866,128,128,128,True,256,256
867,128,128,128,True,256,256
868,128,128,128,True,256,256
869,128,128,128,True,256,256
870,128,128,128,True,256,256
871,102,101,101,True,229,229
872,128,128,128,True,256,256
873,128,128,128,True,256,256
874,128,128,128,True,256,256
875,128,128,128,True,256,256
876,128,128,128,True,256,256
877,128,128,128,True,256,256
878,128,128,128,True,256,256
879,128,128,128,True,256,256
880,128,128,128,True,256,256
881,128,128,128,True,256,256
882,128,128,128,True,256,256
883,128,128,128,True,256,256
884,128,128,128,True,256,256
885,128,128,128,True,256,256
886,128,128,128,True,256,256
887,128,128,128,True,256,256
888,128,128,128,True,256,256
889,128,128,128,True,256,256
890,128,128,128,True,256,256
891,128,128,128,True,256,256
892,128,128,128,True,256,256
893,128,128,128,True,256,256
894,128,128,128,True,256,256
895,128,128,128,True,256,256
896,54,53,53,True,181,181
897,128,128,128,True,256,256
898,128,128,128,True,256,256
899,128,128,128,True,256,256
900,100,99,99,True,227,227
901,128,128,128,True,256,256
902,128,128,128,True,256,256
903,128,128,127,False,256,256
904,128,128,126,False,256,255
905,128,128,128,True,256,256
906,128,128,128,True,256,256
907,128,128,128,True,256,256
908,128,128,128,True,256,256
909,128,128,128,True,256,256
910,128,128,128,True,256,256
911,128,128,128,True,256,256
912,128,128,128,True,256,256
913,128,128,128,True,256,256
914,128,128,128,True,256,256
915,128,128,128,True,256,256
916,128,128,128,True,256,256
917,128,128,128,True,256,256
918,128,128,127,False,256,256
919,128,128,128,True,256,256
920,128,128,128,True,256,256
921,128,128,128,True,256,256
922,128,128,128,True,256,256
923,128,128,128,True,256,256
924,128,128,128,True,250,250
925,128,128,128,True,256,256
926,128,128,128,True,256,256
927,128,128,128,True,256,256
928,128,128,128,True,256,256
929,128,128,128,True,256,256
930,128,128,128,True,256,256
931,128,128,128,True,256,256
932,128,128,127,False,256,256
933,128,128,128,True,256,256
934,128,128,128,True,256,256
935,128,128,128,True,256,256
936,128,128,128,True,256,256
937,128,128,128,True,256,256
938,128,128,128,True,256,256
939,128,128,128,True,256,256
940,128,128,128,True,256,256
941,128,128,128,True,256,256
942,128,128,127,False,256,256
943,128,128,128,True,256,256
944,128,128,128,True,256,256
945,128,128,128,True,256,256
946,128,128,128,True,256,256
947,128,128,128,True,256,256
948,128,128,128,True,256,256
949,128,128,126,False,256,255
950,128,128,128,True,256,256
951,128,128,124,False,256,254
952,128,128,128,True,256,256
953,128,128,128,True,256,256
954,128,128,128,True,256,256
955,128,128,128,True,256,256
956,128,128,128,True,256,256
957,128,128,128,True,256,256
958,128,128,128,True,256,256
959,128,128,128,True,256,256
960,128,128,128,True,256,256
961,128,128,128,True,256,256
962,128,128,128,True,256,256
963,128,128,128,True,256,256
964,128,128,128,True,256,256
965,128,128,128,True,256,256
966,128,128,128,True,256,256
967,128,128,128,True,256,256
968,128,128,128,True,256,256
969,128,128,128,True,256,256
970,128,128,128,True,256,256
971,128,128,128,True,256,256
972,128,128,128,True,256,256
973,128,128,128,True,256,256
974,128,128,128,True,256,256
975,128,128,128,True,256,256
976,128,128,128,True,198,198
977,128,128,125,False,256,255
978,128,128,128,True,256,256
979,128,128,128,True,256,256
980,128,128,128,True,256,256
981,128,128,128,True,256,256
982,128,128,128,True,256,256
983,128,128,128,True,256,256
984,128,128,128,True,256,256
985,128,128,128,True,256,256
986,128,128,128,True,256,256
987,128,128,128,True,256,256
988,128,128,128,True,256,256
989,128,128,128,True,256,256
990,128,128,128,True,256,256
991,128,128,128,True,201,201
992,128,128,128,True,177,177
993,128,128,128,True,256,256
994,128,128,128,True,256,256
995,128,128,128,True,256,256
996,128,128,128,True,256,256
997,128,128,128,True,256,256
998,128,128,128,True,256,256
999,128,128,128,True,256,256
