timestamp_utc,utilization_gpu_pct,memory_used_mib,memory_free_mib
2026-09-30T10:50:57.583316+00:00,35,12527,68626
2026-09-30T10:51:10.615634+00:00,33,12695,68458
2026-09-30T10:51:20.712651+00:00,39,12695,68458
2026-09-30T10:51:30.819673+00:00,39,12695,68458
2026-09-30T10:51:40.908918+00:00,39,12695,68458
2026-09-30T10:51:53.848826+00:00,32,12695,68458
2026-09-30T10:52:03.950675+00:00,38,12695,68458
2026-09-30T10:52:14.041545+00:00,38,12695,68458
2026-09-30T10:52:24.132767+00:00,38,12695,68458
2026-09-30T10:52:36.911454+00:00,32,12695,68458
2026-09-30T10:52:47.001060+00:00,38,12695,68458
2026-09-30T10:52:57.093650+00:00,38,12695,68458
2026-09-30T10:53:07.188598+00:00,38,12695,68458
2026-09-30T10:53:19.442760+00:00,error,CalledProcessError,
