crossed_fine_pos_sequence,n_cross,n_prompts,raw_rejection,pair
EC→EC,1,1,1.0,P2
EC→JKO,7,2,0.0,P2
EP→EF,135,89,0.15555555555555556,P2
EP→ETM,1,1,0.0,P2
ETN→JKO,1,1,0.0,P2
ETN→JX,17,8,0.23529411764705882,P2
JKB→JX,172,63,0.23255813953488372,P2
JX→JX,1,1,1.0,P2
NNB→JKB,5,4,0.0,P2
NNB→JKG,1,1,0.0,P2
NNB→NNG,1,1,0.0,P2
NNB→VCP,7,4,0.42857142857142855,P2
NNB→XSN,24,9,0.16666666666666666,P2
NNG→EF,2,2,0.5,P2
NNG→JKB,3,3,0.0,P2
NNG→JKC,1,1,0.0,P2
NNG→JKG,28,11,0.2857142857142857,P2
NNG→JKO,72,41,0.2777777777777778,P2
NNG→JKS,27,14,0.1111111111111111,P2
NNG→JX,51,26,0.19607843137254902,P2
NNG→NNG,9,6,0.1111111111111111,P2
NNG→VCP,2,2,0.0,P2
NNG→XSN,1,1,1.0,P2
NNP→JC,1,1,1.0,P2
NNP→JKG,4,1,0.75,P2
NNP→JKS,7,2,0.14285714285714285,P2
NNP→JX,12,8,0.4166666666666667,P2
NNP→NNG,1,1,0.0,P2
NP→EF,4,4,0.5,P2
SF→SSC,1,1,0.0,P2
SL→SL,1,1,0.0,P2
SO→SL,8,5,0.125,P2
SP→SL,4,3,0.25,P2
SSC→SF,5,3,0.4,P2
SSC→SP,17,7,0.058823529411764705,P2
SSC→SSC,2,2,0.0,P2
SSO→SL,79,34,0.27848101265822783,P2
SSO→SSC,8,5,0.625,P2
SS→SL,3,2,0.0,P2
SW→SL,4,3,0.25,P2
SW→SP,1,1,1.0,P2
VA→EC,9,4,0.5555555555555556,P2
VA→EF,96,61,0.052083333333333336,P2
VCN→EC,7,6,0.5714285714285714,P2
VCN→EF,3,3,0.3333333333333333,P2
VCP→EC,60,37,0.25,P2
VCP→EF,357,165,0.19607843137254902,P2
VCP→ETM,14,11,0.5,P2
VV-R→EC,2,2,0.5,P2
VV→EC,92,50,0.14130434782608695,P2
VV→EF,42,32,0.09523809523809523,P2
VV→EP,2,2,0.5,P2
VV→ETM,58,28,0.1724137931034483,P2
VV→ETN,1,1,1.0,P2
VX→EC,49,31,0.2857142857142857,P2
VX→EF,149,81,0.087248322147651,P2
VX→EP,10,10,0.3,P2
VX→ETM,7,5,0.14285714285714285,P2
XSA→EC,26,22,0.3076923076923077,P2
XSA→EF,22,14,0.045454545454545456,P2
XSA→ETM,2,2,0.5,P2
XSN→JKB,66,33,0.10606060606060606,P2
XSN→JKG,19,10,0.2631578947368421,P2
XSN→JKO,22,15,0.4090909090909091,P2
XSN→JKS,31,22,0.25806451612903225,P2
XSN→JX,49,20,0.12244897959183673,P2
XSN→VCP,5,2,0.2,P2
XSV→EC,514,245,0.2490272373540856,P2
XSV→EF,155,53,0.18064516129032257,P2
XSV→EP,56,41,0.32142857142857145,P2
XSV→ETM,436,145,0.11009174311926606,P2
XSV→ETN,66,38,0.3484848484848485,P2
