pair,scope,environment,n_tokens,n_cross,n_split,n_prompts,n_cross_prompts,percent_of_single_boundary_cross,raw_rejection,raw_cross_rejection,raw_split_rejection,median_fragmentation,median_token_frequency,mean_draft_entropy,support_warning,split_support_warning,all_cross_tokens,single_boundary_cross,multi_boundary_cross,cross_boundary_unresolved,percent_single_of_cross,percent_multi_of_cross
P1,SINGLE_BOUNDARY_CROSS,NOMINAL_TO_PARTICLE,239,239,0,172,172,10.505494505494505,0.5439330543933054,0.5439330543933054,,2.0,572.0,1.2514761123459428,False,True,2356,2275,81,0,96.56196943972836,3.4380305602716468
P1,SINGLE_BOUNDARY_CROSS,PREDICATE_TO_ENDING,628,628,0,439,439,27.604395604395606,0.39012738853503187,0.39012738853503187,,2.0,439.0,1.5805095849250248,False,True,2356,2275,81,0,96.56196943972836,3.4380305602716468
P1,SINGLE_BOUNDARY_CROSS,ENDING_TO_ENDING,70,70,0,70,70,3.076923076923077,0.5285714285714286,0.5285714285714286,,3.0,79.0,1.4523018261683838,True,True,2356,2275,81,0,96.56196943972836,3.4380305602716468
P1,SINGLE_BOUNDARY_CROSS,LEXICAL_TO_LEXICAL,75,75,0,55,55,3.2967032967032965,0.25333333333333335,0.25333333333333335,,2.0,11.0,1.1384526741753023,True,True,2356,2275,81,0,96.56196943972836,3.4380305602716468
P1,SINGLE_BOUNDARY_CROSS,OTHER,1263,1263,0,653,653,55.51648351648352,0.3721298495645289,0.3721298495645289,,3.0,1896.0,1.5183449207590056,False,True,2356,2275,81,0,96.56196943972836,3.4380305602716468
P1,H3B_ALL_CLASSES,NOMINAL_TO_PARTICLE,9561,239,9322,966,172,10.505494505494505,0.3499633929505282,0.5439330543933054,0.3449903454194379,4.0,3709.0,1.6966466335699875,False,False,2356,2275,81,0,96.56196943972836,3.4380305602716468
P1,H3B_ALL_CLASSES,PREDICATE_TO_ENDING,1708,628,1080,562,439,27.604395604395606,0.3618266978922717,0.39012738853503187,0.3453703703703704,3.0,1906.0,1.678044516922276,False,False,2356,2275,81,0,96.56196943972836,3.4380305602716468
P1,H3B_ALL_CLASSES,ENDING_TO_ENDING,98,70,28,90,70,3.076923076923077,0.45918367346938777,0.5285714285714286,0.2857142857142857,3.0,3431.0,1.3309630772517043,True,True,2356,2275,81,0,96.56196943972836,3.4380305602716468
P1,H3B_ALL_CLASSES,LEXICAL_TO_LEXICAL,6133,75,6058,865,55,3.2967032967032965,0.3192564813305071,0.25333333333333335,0.32007263123142954,4.0,4636.0,1.5798447402593192,True,False,2356,2275,81,0,96.56196943972836,3.4380305602716468
P1,H3B_ALL_CLASSES,OTHER,9247,1263,7984,961,653,55.51648351648352,0.33989401968205907,0.3721298495645289,0.3347945891783567,4.0,3535.0,1.6251523778601422,False,False,2356,2275,81,0,96.56196943972836,3.4380305602716468
P2,SINGLE_BOUNDARY_CROSS,NOMINAL_TO_PARTICLE,176,176,0,148,148,8.576998050682262,0.375,0.375,,2.0,536.0,0.9283356124617719,False,True,2138,2052,86,0,95.977549111319,4.022450888681011
P2,SINGLE_BOUNDARY_CROSS,PREDICATE_TO_ENDING,494,494,0,383,383,24.074074074074073,0.2611336032388664,0.2611336032388664,,2.0,367.0,1.2063958059076356,False,True,2138,2052,86,0,95.977549111319,4.022450888681011
P2,SINGLE_BOUNDARY_CROSS,ENDING_TO_ENDING,51,51,0,48,48,2.4853801169590644,0.27450980392156865,0.27450980392156865,,3.0,10.0,0.9902721266901376,True,True,2138,2052,86,0,95.977549111319,4.022450888681011
P2,SINGLE_BOUNDARY_CROSS,LEXICAL_TO_LEXICAL,139,139,0,125,125,6.773879142300195,0.09352517985611511,0.09352517985611511,,2.0,1.0,0.4453817889606915,False,True,2138,2052,86,0,95.977549111319,4.022450888681011
P2,SINGLE_BOUNDARY_CROSS,OTHER,1192,1192,0,629,629,58.08966861598441,0.2911073825503356,0.2911073825503356,,3.0,1896.0,1.1568748634363757,False,True,2138,2052,86,0,95.977549111319,4.022450888681011
P2,H3B_ALL_CLASSES,NOMINAL_TO_PARTICLE,8078,176,7902,872,148,8.576998050682262,0.24090121317157712,0.375,0.23791445203745887,4.0,3602.0,1.1064632029783,False,False,2138,2052,86,0,95.977549111319,4.022450888681011
P2,H3B_ALL_CLASSES,PREDICATE_TO_ENDING,1332,494,838,489,383,24.074074074074073,0.2605105105105105,0.2611336032388664,0.26014319809069214,3.0,1952.0,1.2166885596453367,False,False,2138,2052,86,0,95.977549111319,4.022450888681011
P2,H3B_ALL_CLASSES,ENDING_TO_ENDING,86,51,35,73,48,2.4853801169590644,0.20930232558139536,0.27450980392156865,0.11428571428571428,4.0,3431.0,0.8585693730301288,True,True,2138,2052,86,0,95.977549111319,4.022450888681011
P2,H3B_ALL_CLASSES,LEXICAL_TO_LEXICAL,5671,139,5532,863,125,6.773879142300195,0.19661435372950098,0.09352517985611511,0.19920462762111352,4.0,4358.0,0.9790262362451274,False,False,2138,2052,86,0,95.977549111319,4.022450888681011
P2,H3B_ALL_CLASSES,OTHER,8648,1192,7456,940,629,58.08966861598441,0.23693339500462535,0.2911073825503356,0.2282725321888412,3.0,2916.0,1.0942996050119955,False,False,2138,2052,86,0,95.977549111319,4.022450888681011
P3,SINGLE_BOUNDARY_CROSS,NOMINAL_TO_PARTICLE,176,176,0,148,148,8.576998050682262,0.6477272727272727,0.6477272727272727,,2.0,536.0,1.2916769269782393,False,True,2138,2052,86,0,95.977549111319,4.022450888681011
P3,SINGLE_BOUNDARY_CROSS,PREDICATE_TO_ENDING,494,494,0,383,383,24.074074074074073,0.3522267206477733,0.3522267206477733,,2.0,367.0,1.5107101073812859,False,True,2138,2052,86,0,95.977549111319,4.022450888681011
P3,SINGLE_BOUNDARY_CROSS,ENDING_TO_ENDING,51,51,0,48,48,2.4853801169590644,0.37254901960784315,0.37254901960784315,,3.0,10.0,1.2221725753271113,True,True,2138,2052,86,0,95.977549111319,4.022450888681011
P3,SINGLE_BOUNDARY_CROSS,LEXICAL_TO_LEXICAL,139,139,0,125,125,6.773879142300195,0.17985611510791366,0.17985611510791366,,2.0,1.0,0.5636951056649915,False,True,2138,2052,86,0,95.977549111319,4.022450888681011
P3,SINGLE_BOUNDARY_CROSS,OTHER,1192,1192,0,629,629,58.08966861598441,0.3926174496644295,0.3926174496644295,,3.0,1896.0,1.4836267397204577,False,True,2138,2052,86,0,95.977549111319,4.022450888681011
P3,H3B_ALL_CLASSES,NOMINAL_TO_PARTICLE,8078,176,7902,872,148,8.576998050682262,0.38264421886605593,0.6477272727272727,0.376740065806125,4.0,3602.0,1.693580051282115,False,False,2138,2052,86,0,95.977549111319,4.022450888681011
P3,H3B_ALL_CLASSES,PREDICATE_TO_ENDING,1332,494,838,489,383,24.074074074074073,0.37537537537537535,0.3522267206477733,0.38902147971360385,3.0,1952.0,1.6897334070823495,False,False,2138,2052,86,0,95.977549111319,4.022450888681011
P3,H3B_ALL_CLASSES,ENDING_TO_ENDING,86,51,35,73,48,2.4853801169590644,0.32558139534883723,0.37254901960784315,0.2571428571428571,4.0,3431.0,1.0634477313088124,True,True,2138,2052,86,0,95.977549111319,4.022450888681011
P3,H3B_ALL_CLASSES,LEXICAL_TO_LEXICAL,5671,139,5532,863,125,6.773879142300195,0.3119379298183742,0.17985611510791366,0.3152566883586406,4.0,4358.0,1.4703853198653432,False,False,2138,2052,86,0,95.977549111319,4.022450888681011
P3,H3B_ALL_CLASSES,OTHER,8648,1192,7456,940,629,58.08966861598441,0.34308510638297873,0.3926174496644295,0.33516630901287553,3.0,2916.0,1.5724762479714827,False,False,2138,2052,86,0,95.977549111319,4.022450888681011
POOLED,SINGLE_BOUNDARY_CROSS,NOMINAL_TO_PARTICLE,591,591,0,246,246,9.264775043110205,0.5245346869712352,0.5245346869712352,,2.0,567.0,1.167216578328464,False,True,6632,6379,253,0,96.18516284680338,3.8148371531966223
POOLED,SINGLE_BOUNDARY_CROSS,PREDICATE_TO_ENDING,1616,1616,0,556,556,25.333124314155825,0.33910891089108913,0.33910891089108913,,2.0,372.0,1.4448083790208186,False,True,6632,6379,253,0,96.18516284680338,3.8148371531966223
POOLED,SINGLE_BOUNDARY_CROSS,ENDING_TO_ENDING,172,172,0,93,93,2.696347389873021,0.4069767441860465,0.4069767441860465,,3.0,10.0,1.247068649038759,False,True,6632,6379,253,0,96.18516284680338,3.8148371531966223
POOLED,SINGLE_BOUNDARY_CROSS,LEXICAL_TO_LEXICAL,353,353,0,162,162,5.533782724564979,0.16147308781869688,0.16147308781869688,,2.0,1.0,0.6392227731334776,False,True,6632,6379,253,0,96.18516284680338,3.8148371531966223
POOLED,SINGLE_BOUNDARY_CROSS,OTHER,3647,3647,0,784,784,57.17197052829597,0.35234439265149436,0.35234439265149436,,3.0,1896.0,1.3888531795671974,False,True,6632,6379,253,0,96.18516284680338,3.8148371531966223
POOLED,H3B_ALL_CLASSES,NOMINAL_TO_PARTICLE,25717,591,25126,992,246,9.264775043110205,0.3259711474899872,0.5245346869712352,0.3213006447504577,4.0,3651.0,1.5103001077683351,False,False,6632,6379,253,0,96.18516284680338,3.8148371531966223
POOLED,H3B_ALL_CLASSES,PREDICATE_TO_ENDING,4372,1616,2756,668,556,25.333124314155825,0.3350869167429094,0.33910891089108913,0.3327285921625544,3.0,1932.0,1.5410462247448595,False,False,6632,6379,253,0,96.18516284680338,3.8148371531966223
POOLED,H3B_ALL_CLASSES,ENDING_TO_ENDING,270,172,98,125,93,2.696347389873021,0.337037037037037,0.4069767441860465,0.21428571428571427,4.0,3431.0,1.0952883427548739,False,True,6632,6379,253,0,96.18516284680338,3.8148371531966223
POOLED,H3B_ALL_CLASSES,LEXICAL_TO_LEXICAL,17475,353,17122,947,162,5.533782724564979,0.2770815450643777,0.16147308781869688,0.27946501576918586,4.0,4580.0,1.3493448198405085,False,False,6632,6379,253,0,96.18516284680338,3.8148371531966223
POOLED,H3B_ALL_CLASSES,OTHER,26543,3647,22896,992,784,57.17197052829597,0.3073880119052104,0.35234439265149436,0.3002271139063592,3.0,3217.0,1.4350322727149856,False,False,6632,6379,253,0,96.18516284680338,3.8148371531966223
