workload,pair,condition,metric,n_events,n_prompts,estimate,ci_low,ci_high
FLORES,P1,NP_CROSS,baseline_accept,355,265,0.6253521126760564,0.5634207902280942,0.6848193939940889
FLORES,P1,NP_CROSS,alternative_accept,355,265,0.10985915492957747,0.07691798941798943,0.14589002795899347
FLORES,P1,NP_CROSS,delta_accept,355,265,-0.5154929577464789,-0.5994408616159642,-0.43097822925755114
FLORES,P1,WITHIN_SPLIT_PLACEBO,baseline_accept,356,264,0.699438202247191,0.6412375054324208,0.7526889025245441
FLORES,P1,WITHIN_SPLIT_PLACEBO,alternative_accept,356,264,0.11235955056179775,0.08012776243093923,0.14900027647916356
FLORES,P1,WITHIN_SPLIT_PLACEBO,delta_accept,356,264,-0.5870786516853933,-0.6629730329821162,-0.5047561501942166
FLORES,P2,NP_CROSS,baseline_accept,378,291,0.6164021164021164,0.5668449197860963,0.6658438818565402
FLORES,P2,NP_CROSS,alternative_accept,378,291,0.1984126984126984,0.1585619138959932,0.23969072164948454
FLORES,P2,NP_CROSS,delta_accept,378,291,-0.41798941798941797,-0.4972987272987273,-0.33420299434841527
FLORES,P2,WITHIN_SPLIT_PLACEBO,baseline_accept,378,288,0.798941798941799,0.7593558130322836,0.8392382736473336
FLORES,P2,WITHIN_SPLIT_PLACEBO,alternative_accept,378,288,0.0873015873015873,0.05929919137466307,0.11688657087593259
FLORES,P2,WITHIN_SPLIT_PLACEBO,delta_accept,378,288,-0.7116402116402116,-0.774282672885998,-0.6473825576337537
WIKIPEDIA,P1,NP_CROSS,baseline_accept,308,137,0.8116883116883117,0.7518498817966903,0.862931573307935
WIKIPEDIA,P1,NP_CROSS,alternative_accept,308,137,0.1266233766233766,0.08441558441558442,0.17647578466015384
WIKIPEDIA,P1,NP_CROSS,delta_accept,308,137,-0.685064935064935,-0.7781069711538461,-0.5785903650961974
WIKIPEDIA,P1,WITHIN_SPLIT_PLACEBO,baseline_accept,308,137,0.9123376623376623,0.8762886597938144,0.9424965914409557
WIKIPEDIA,P1,WITHIN_SPLIT_PLACEBO,alternative_accept,308,137,0.048701298701298704,0.02640046899426785,0.07233155674628058
WIKIPEDIA,P1,WITHIN_SPLIT_PLACEBO,delta_accept,308,137,-0.8636363636363636,-0.9140915910140022,-0.8112495484647803
WIKIPEDIA,P2,NP_CROSS,baseline_accept,327,159,0.7920489296636085,0.7292274247491639,0.8452722063037249
WIKIPEDIA,P2,NP_CROSS,alternative_accept,327,159,0.11926605504587157,0.0784313725490196,0.1678186211752657
WIKIPEDIA,P2,NP_CROSS,delta_accept,327,159,-0.672782874617737,-0.7642061315700428,-0.5672398505288492
WIKIPEDIA,P2,WITHIN_SPLIT_PLACEBO,baseline_accept,327,166,0.8868501529051988,0.8501490825688073,0.9202310717797444
WIKIPEDIA,P2,WITHIN_SPLIT_PLACEBO,alternative_accept,327,166,0.0581039755351682,0.03303056050062038,0.08695978587282936
WIKIPEDIA,P2,WITHIN_SPLIT_PLACEBO,delta_accept,327,166,-0.8287461773700305,-0.8835025682135329,-0.7709677419354839
FLORES,P1+P2,NP_MINUS_PLACEBO,delta_difference,529,407,0.21241468741468741,0.12762131449631448,0.2937607493857494
WIKIPEDIA,P1+P2,NP_MINUS_PLACEBO,delta_difference,292,236,0.2993056378649599,0.20762835328513293,0.39751915545612587
FLORES,P1+P2,NP_CROSS,delta_accept,733,422,-0.46521145975443384,-0.5264579872887677,-0.4016562129006727
FLORES,P1+P2,WITHIN_SPLIT_PLACEBO,delta_accept,734,426,-0.6512261580381471,-0.6996080970907852,-0.5994149877661513
WIKIPEDIA,P1+P2,NP_CROSS,delta_accept,635,239,-0.6787401574803149,-0.7417032195177891,-0.6071428571428571
WIKIPEDIA,P1+P2,WITHIN_SPLIT_PLACEBO,delta_accept,635,246,-0.8456692913385827,-0.8812826578166926,-0.808707084139265
