fragmentation_bin,misalignment,eojeol_occurrences
2,0.0,3017
2,0.33333333333333337,332
2,0.5,65
2,1.0,3997
3,0.0,1482
3,0.19999999999999996,273
3,0.33333333333333337,8544
3,0.5,1083
3,0.6,7
3,1.0,1560
4,0.0,98
4,0.1428571428571429,21
4,0.19999999999999996,1562
4,0.2500000000000001,4
4,0.33333333333333337,1446
4,0.4285714285714285,529
4,0.5,2612
4,0.6,114
4,0.6666666666666667,9
4,1.0,452
5+,0.0,29
5+,0.07692307692307698,1
5+,0.09090909090909094,15
5+,0.11111111111111105,26
5+,0.12499999999999989,1
5+,0.125,1
5+,0.1428571428571429,313
5+,0.1651376146788992,1
5+,0.16666666666666663,1
5+,0.16666666666666674,17
5+,0.19999999999999984,30
5+,0.19999999999999996,50
5+,0.23076923076923073,3
5+,0.23076923076923084,1
5+,0.25,93
5+,0.2500000000000001,121
5+,0.26315789473684215,1
5+,0.27,1
5+,0.2727272727272727,16
5+,0.2727272727272728,2
5+,0.2857142857142857,5
5+,0.30434782608695654,2
5+,0.33333333333333337,896
5+,0.3333333333333335,39
5+,0.368421052631579,3
5+,0.375,1
5+,0.3846153846153846,3
5+,0.3846153846153847,7
5+,0.4,41
5+,0.4285714285714285,500
5+,0.4444444444444444,1
5+,0.4545454545454546,25
5+,0.4666666666666667,4
5+,0.4736842105263158,1
5+,0.4814814814814815,1
5+,0.5,200
5+,0.5384615384615385,3
5+,0.5555555555555556,25
5+,0.5714285714285714,1
5+,0.5833333333333333,1
5+,0.6,2894
5+,0.6296296296296297,1
5+,0.6363636363636365,5
5+,0.6666666666666666,327
5+,0.6666666666666667,27
5+,0.6923076923076923,2
5+,0.7142857142857142,21
5+,0.7142857142857143,35
5+,0.75,38
5+,0.7647058823529411,1
5+,0.7777777777777778,3
5+,0.8,2
5+,0.8181818181818181,9
5+,0.8333333333333333,1
5+,0.8461538461538461,1
5+,0.8571428571428571,1
5+,0.984375,1
5+,1.0,231
,0.0,3953
,1.0,334
