outcome,subset,specification,n,prompts,coefficient,cluster_se,ci95_low,ci95_high,p_value
rejection,5+,crude,34306,874,-0.6756657902388535,0.15630952218682845,-0.9820268241657018,-0.36930475631200527,1.5419109099323796e-05
rejection,5+,adjusted for exact-count bands,34306,874,-0.6216162912970935,0.15962971423902297,-0.9344847820679991,-0.30874780052618783,9.855832949050082e-05
rejection,5+,"adjusted for count bands, entropy, position",34306,874,-0.010926933159620357,0.14377246863712564,-0.29271579365680106,0.27086192733756037,0.9394178501270303
rejection,exactly 5 tokens,"exact 5, crude",22150,792,-0.7275626843206408,0.1794732172536807,-1.0793237263273876,-0.37580164231389396,5.0375306358174124e-05
rejection,exactly 5 tokens,"exact 5, adjusted for entropy and position",22150,792,0.21359400113002422,0.17832271919843107,-0.13591210612414992,0.5631001083841983,0.23099696591829388
disagreement,5+,crude,34306,874,-0.6759275974649405,0.1559485191866411,-0.9815810785131106,-0.3702741164167703,1.462249513338679e-05
disagreement,5+,adjusted for exact-count bands,34306,874,-0.6210417333435672,0.15923756555671226,-0.933141626820559,-0.3089418398665753,9.61547008128945e-05
disagreement,5+,"adjusted for count bands, entropy, position",34306,874,-0.005202221967264675,0.14900620726898842,-0.29724902168739237,0.28684457775286304,0.9721492843254861
disagreement,exactly 5 tokens,"exact 5, crude",22150,792,-0.7246476317334493,0.17847251426133395,-1.0744473319159749,-0.37484793155092355,4.9014782035693434e-05
disagreement,exactly 5 tokens,"exact 5, adjusted for entropy and position",22150,792,0.19798230991141613,0.18597924883227876,-0.16653031967166315,0.5624949394944954,0.28708424049738934
