formula,n_tokens,n_prompts,beta_cross,beta_split,contrast_cross_minus_split,std_error,odds_ratio,ci_low,ci_high,or_ci_low,or_ci_high,p_value,status,summary,label
"sd_rejected ~ C(morph_class, Treatment(reference='WITHIN_SPLIT')) + C(fragmentation_bin, Treatment(reference='2'))",73143,997,0.3548119810269926,0.0,0.3548119810269926,0.046149075049348336,1.425912530466511,0.2643614560104338,0.44526250604355133,1.3025989434358678,1.5608998877109197,1.4900071732525525e-14,fit,"                           Logit Regression Results                           
==============================================================================
Dep. Variable:            sd_rejected   No. Observations:                73143
Model:                          Logit   Df Residuals:                    73135
Method:                           MLE   Df Model:                            7
Date:                Mon, 28 Sep 2026   Pseudo R-squ.:                0.003212
Time:                        05:03:48   Log-Likelihood:                -35138.
converged:                       True   LL-Null:                       -35251.
Covariance Type:              cluster   LLR p-value:                 2.821e-45
=========================================================================================================================================
                                                                            coef    std err          z      P>|z|      [0.025      0.975]
-----------------------------------------------------------------------------------------------------------------------------------------
Intercept                                                                -1.3805      0.057    -24.250      0.000      -1.492      -1.269
C(morph_class, Treatment(reference='WITHIN_SPLIT'))[T.CROSS_MORPHEME]     0.3548      0.046      7.688      0.000       0.264       0.445
C(fragmentation_bin, Treatment(reference='2'))[T.3]                      -0.0032      0.057     -0.056      0.956      -0.116       0.109
C(fragmentation_bin, Treatment(reference='2'))[T.4]                      -0.0811      0.059     -1.385      0.166      -0.196       0.034
C(fragmentation_bin, Treatment(reference='2'))[T.5]                      -0.2794      0.062     -4.495      0.000      -0.401      -0.158
C(fragmentation_bin, Treatment(reference='2'))[T.6]                      -0.1248      0.070     -1.773      0.076      -0.263       0.013
C(fragmentation_bin, Treatment(reference='2'))[T.7]                      -0.1005      0.105     -0.954      0.340      -0.307       0.106
C(fragmentation_bin, Treatment(reference='2'))[T.8+]                     -0.0321      0.117     -0.274      0.784      -0.261       0.197
=========================================================================================================================================",Pooled (M1; fragmentation FE)
"sd_rejected ~ C(morph_class, Treatment(reference='WITHIN_SPLIT'))",4923,664,0.023626721832803163,0.0,0.023626721832803163,0.10218847460875713,1.0239080440297637,-0.1766590080354466,0.22391245170105295,0.8380655094097581,1.2509614950831545,0.8171537550514587,fit,"                           Logit Regression Results                           
==============================================================================
Dep. Variable:            sd_rejected   No. Observations:                 4923
Model:                          Logit   Df Residuals:                     4921
Method:                           MLE   Df Model:                            1
Date:                Mon, 28 Sep 2026   Pseudo R-squ.:               1.587e-05
Time:                        05:04:25   Log-Likelihood:                -2563.1
converged:                       True   LL-Null:                       -2563.2
Covariance Type:              cluster   LLR p-value:                    0.7754
=========================================================================================================================================
                                                                            coef    std err          z      P>|z|      [0.025      0.975]
-----------------------------------------------------------------------------------------------------------------------------------------
Intercept                                                                -1.2997      0.065    -20.106      0.000      -1.426      -1.173
C(morph_class, Treatment(reference='WITHIN_SPLIT'))[T.CROSS_MORPHEME]     0.0236      0.102      0.231      0.817      -0.177       0.224
=========================================================================================================================================",Fragmentation 2
"sd_rejected ~ C(morph_class, Treatment(reference='WITHIN_SPLIT'))",16783,933,0.23629364056166474,0.0,0.23629364056166474,0.08399512343783144,1.2665461648956264,0.07166622374651893,0.40092105737681055,1.0742967094844713,1.4931993867705382,0.004905374892919194,fit,"                           Logit Regression Results                           
==============================================================================
Dep. Variable:            sd_rejected   No. Observations:                16783
Model:                          Logit   Df Residuals:                    16781
Method:                           MLE   Df Model:                            1
Date:                Mon, 28 Sep 2026   Pseudo R-squ.:               0.0005399
Time:                        05:04:31   Log-Likelihood:                -8489.0
converged:                       True   LL-Null:                       -8493.6
Covariance Type:              cluster   LLR p-value:                  0.002458
=========================================================================================================================================
                                                                            coef    std err          z      P>|z|      [0.025      0.975]
-----------------------------------------------------------------------------------------------------------------------------------------
Intercept                                                                -1.3756      0.035    -38.953      0.000      -1.445      -1.306
C(morph_class, Treatment(reference='WITHIN_SPLIT'))[T.CROSS_MORPHEME]     0.2363      0.084      2.813      0.005       0.072       0.401
=========================================================================================================================================",Fragmentation 3
"sd_rejected ~ C(morph_class, Treatment(reference='WITHIN_SPLIT'))",18286,912,0.47760483729666414,0.0,0.47760483729666414,0.07987001543147841,1.6122082729115443,0.3210624836063081,0.6341471909870202,1.3785917175848015,1.8854135579735478,2.2344405211076455e-09,fit,"                           Logit Regression Results                           
==============================================================================
Dep. Variable:            sd_rejected   No. Observations:                18286
Model:                          Logit   Df Residuals:                    18284
Method:                           MLE   Df Model:                            1
Date:                Mon, 28 Sep 2026   Pseudo R-squ.:                0.002088
Time:                        05:04:37   Log-Likelihood:                -8908.1
converged:                       True   LL-Null:                       -8926.7
Covariance Type:              cluster   LLR p-value:                 1.020e-09
=========================================================================================================================================
                                                                            coef    std err          z      P>|z|      [0.025      0.975]
-----------------------------------------------------------------------------------------------------------------------------------------
Intercept                                                                -1.4696      0.034    -43.032      0.000      -1.536      -1.403
C(morph_class, Treatment(reference='WITHIN_SPLIT'))[T.CROSS_MORPHEME]     0.4776      0.080      5.980      0.000       0.321       0.634
=========================================================================================================================================",Fragmentation 4
"sd_rejected ~ C(morph_class, Treatment(reference='WITHIN_SPLIT'))",19359,859,0.5615486420727072,0.0,0.5615486420727072,0.1372406403268353,1.753385765781867,0.2925619298168946,0.8305353543285197,1.3398557110134175,2.294546807074569,4.28207409379816e-05,fit,"                           Logit Regression Results                           
==============================================================================
Dep. Variable:            sd_rejected   No. Observations:                19359
Model:                          Logit   Df Residuals:                    19357
Method:                           MLE   Df Model:                            1
Date:                Mon, 28 Sep 2026   Pseudo R-squ.:                0.001355
Time:                        05:04:44   Log-Likelihood:                -8532.4
converged:                       True   LL-Null:                       -8543.9
Covariance Type:              cluster   LLR p-value:                 1.490e-06
=========================================================================================================================================
                                                                            coef    std err          z      P>|z|      [0.025      0.975]
-----------------------------------------------------------------------------------------------------------------------------------------
Intercept                                                                -1.6661      0.035    -46.976      0.000      -1.736      -1.597
C(morph_class, Treatment(reference='WITHIN_SPLIT'))[T.CROSS_MORPHEME]     0.5615      0.137      4.092      0.000       0.293       0.831
=========================================================================================================================================",Fragmentation 5
"sd_rejected ~ C(morph_class, Treatment(reference='WITHIN_SPLIT'))",7398,520,0.8379453793617938,0.0,0.8379453793617938,0.14769246988839485,2.311612607270331,0.5484734575927734,1.1274173011308142,1.7306091521331721,3.0876716672303526,1.3984188971661823e-08,fit,"                           Logit Regression Results                           
==============================================================================
Dep. Variable:            sd_rejected   No. Observations:                 7398
Model:                          Logit   Df Residuals:                     7396
Method:                           MLE   Df Model:                            1
Date:                Mon, 28 Sep 2026   Pseudo R-squ.:                0.004007
Time:                        05:04:44   Log-Likelihood:                -3509.9
converged:                       True   LL-Null:                       -3524.0
Covariance Type:              cluster   LLR p-value:                 1.073e-07
=========================================================================================================================================
                                                                            coef    std err          z      P>|z|      [0.025      0.975]
-----------------------------------------------------------------------------------------------------------------------------------------
Intercept                                                                -1.5239      0.049    -31.300      0.000      -1.619      -1.428
C(morph_class, Treatment(reference='WITHIN_SPLIT'))[T.CROSS_MORPHEME]     0.8379      0.148      5.674      0.000       0.548       1.127
=========================================================================================================================================",Fragmentation 6
"sd_rejected ~ C(morph_class, Treatment(reference='WITHIN_SPLIT'))",3004,221,1.3545891070663318,0.0,1.3545891070663318,0.3759036369893502,3.8751683501683565,0.6178315169095869,2.0913466972230768,1.8549013553000435,8.09581043177223,0.0003138953277970655,fit,"                           Logit Regression Results                           
==============================================================================
Dep. Variable:            sd_rejected   No. Observations:                 3004
Model:                          Logit   Df Residuals:                     3002
Method:                           MLE   Df Model:                            1
Date:                Mon, 28 Sep 2026   Pseudo R-squ.:                0.005761
Time:                        05:04:44   Log-Likelihood:                -1435.1
converged:                       True   LL-Null:                       -1443.4
Covariance Type:              cluster   LLR p-value:                 4.543e-05
=========================================================================================================================================
                                                                            coef    std err          z      P>|z|      [0.025      0.975]
-----------------------------------------------------------------------------------------------------------------------------------------
Intercept                                                                -1.5012      0.093    -16.169      0.000      -1.683      -1.319
C(morph_class, Treatment(reference='WITHIN_SPLIT'))[T.CROSS_MORPHEME]     1.3546      0.376      3.604      0.000       0.618       2.091
=========================================================================================================================================",Fragmentation 7
"sd_rejected ~ C(morph_class, Treatment(reference='WITHIN_SPLIT'))",3390,178,0.9024805307413457,0.0,0.9024805307413457,0.3264336555270033,2.465711805555557,0.2626823225666648,1.5422787389160266,1.300413541290518,4.67523177436508,0.005698083778173178,fit,"                           Logit Regression Results                           
==============================================================================
Dep. Variable:            sd_rejected   No. Observations:                 3390
Model:                          Logit   Df Residuals:                     3388
Method:                           MLE   Df Model:                            1
Date:                Mon, 28 Sep 2026   Pseudo R-squ.:                0.002559
Time:                        05:04:44   Log-Likelihood:                -1676.7
converged:                       True   LL-Null:                       -1681.0
Covariance Type:              cluster   LLR p-value:                  0.003353
=========================================================================================================================================
                                                                            coef    std err          z      P>|z|      [0.025      0.975]
-----------------------------------------------------------------------------------------------------------------------------------------
Intercept                                                                -1.4238      0.106    -13.404      0.000      -1.632      -1.216
C(morph_class, Treatment(reference='WITHIN_SPLIT'))[T.CROSS_MORPHEME]     0.9025      0.326      2.765      0.006       0.263       1.542
=========================================================================================================================================",Fragmentation 8+
