morph_class,fragmentation_bin,n_tokens,n_prompts,rejections,rejection_rate,bootstrap_ci_low,bootstrap_ci_high,bootstrap_replicates
EXACT,2,10311,841,2396,0.232373193676656,0.22054043338566243,0.24447939320158849,2000
EXACT,3,11364,924,1918,0.16877859908482928,0.16051243776456345,0.1778609029525984,2000
EXACT,4,7874,880,1329,0.16878333756667513,0.15830409598532133,0.17968647933974272,2000
EXACT,5,5820,840,639,0.10979381443298969,0.10027419695688927,0.12000205268559698,2000
EXACT,6,2376,482,436,0.1835016835016835,0.16460679255758334,0.20275224866516103,2000
EXACT,7,843,194,161,0.19098457888493475,0.15315825857195528,0.23405779222664067,2000
EXACT,8+,958,168,188,0.19624217118997914,0.15897522679434045,0.2389038948912898,2000
WITHIN_SPLIT,2,3814,558,817,0.21421080230728892,0.19346345541580098,0.23636455702861953,2000
WITHIN_SPLIT,3,15789,927,3185,0.20172271834821712,0.19175144420252233,0.2131857858821885,2000
WITHIN_SPLIT,4,17336,910,3242,0.1870096908167974,0.17697466723680594,0.1974715640150847,2000
WITHIN_SPLIT,5,18913,858,3006,0.1589382964098768,0.1494799013281505,0.16824493383037645,2000
WITHIN_SPLIT,6,7189,520,1286,0.178884406732508,0.16514260470238762,0.19322081608585337,2000
WITHIN_SPLIT,7,2963,220,540,0.1822477219034762,0.15726183185824935,0.21117112147532632,2000
WITHIN_SPLIT,8+,3339,178,648,0.1940700808625337,0.16125428857697235,0.22631766323344496,2000
CROSS_MORPHEME,2,1109,361,242,0.218214607754734,0.19234270631329456,0.24776467439582717,2000
CROSS_MORPHEME,3,994,385,241,0.24245472837022133,0.21362911033462584,0.2750758200901924,2000
CROSS_MORPHEME,4,950,388,257,0.27052631578947367,0.2408869395711501,0.3012103403430422,2000
CROSS_MORPHEME,5,446,219,111,0.24887892376681614,0.1990667962587334,0.3025390017117957,2000
CROSS_MORPHEME,6,209,91,70,0.3349282296650718,0.2754221935642348,0.4062535673515982,2000
CROSS_MORPHEME,7,41,24,19,0.4634146341463415,0.29411764705882354,0.678652597402597,2000
CROSS_MORPHEME,8+,51,27,19,0.37254901960784315,0.23529411764705882,0.5384615384615384,2000
