fragmentation_bin,outcome,n,prompts,misalignment_coef,cluster_se,p_value,ci_low,ci_high
2,rejected,15491,914,-0.20626226854268875,0.06387615479330894,0.0012418197938879204,-0.3314572314084798,-0.08106730567689771
2,disagreement,15491,914,-0.1536360503960131,0.06688500976309092,0.021617760801910163,-0.2847282606372812,-0.022543840154745004
3,rejected,37694,982,0.020875651545955557,0.08214120395954676,0.7993847124951984,-0.14011814986151497,0.18186945295342608
3,disagreement,37694,982,0.038489199770760915,0.0844943729984402,0.6487324330554534,-0.1271167282024755,0.20409512774399735
4,rejected,27362,941,-0.39777647683332884,0.14276255496476636,0.005331676654940268,-0.6775859429051908,-0.11796701076146687
4,disagreement,27362,941,-0.3549631312498801,0.14691131826264808,0.015684615854571832,-0.6429040239659718,-0.06702223853378836
5 exact,rejected,22150,792,0.21359400113002422,0.17832271919843107,0.23099696591829388,-0.13591210612414992,0.5631001083841983
5 exact,disagreement,22150,792,0.19798230991141613,0.18597924883227876,0.28708424049738934,-0.16653031967166315,0.5624949394944954
5+ adjusted count,rejected,34306,874,-0.010926933159620357,0.14377246863712564,0.9394178501270303,-0.29271579365680106,0.27086192733756037
5+ adjusted count,disagreement,34306,874,-0.005202221967264675,0.14900620726898842,0.9721492843254861,-0.29724902168739237,0.28684457775286304
