environment,n_rows,n_cross,n_split,n_prompts,support_warning,estimable,adjusted_p_cross,adjusted_p_cross_ci_low,adjusted_p_cross_ci_high,adjusted_p_split,adjusted_p_split_ci_low,adjusted_p_split_ci_high,ame,ame_se,ame_ci_low,ame_ci_high,p_value,pair,specification,omnibus_interaction_p,formula,ame_minus_lexical,ame_minus_lexical_ci_low,ame_minus_lexical_ci_high,ame_minus_lexical_p,p_holm_within_pair
NOMINAL_TO_PARTICLE,9561,239,9322,966,False,True,0.5975204773638616,0.5456215317139997,0.6494194230137235,0.34211785693959235,0.3336927860565193,0.3505429278226654,0.25540262042426926,0.02694603095070559,0.2025893702345847,0.30821587061395384,2.5845421612658206e-21,P1,H3b_primary,5.526847384864986e-13,"sd_rejected ~ C(morph_class, Treatment(reference='WITHIN_SPLIT')) * C(morph_environment, Treatment(reference='LEXICAL_TO_LEXICAL')) + C(fragmentation_bin, Treatment(reference='2')) + relative_position + first_token + last_token + proposal_slot + generation_position + token_char_length + eojeol_char_length + draft_entropy + target_entropy + bs(log_token_count, df=4, degree=3, include_intercept=False)",0.17526231427323996,0.06989423476511905,0.2806303937813609,0.0011138282343057533,1.2922710806329103e-20
PREDICATE_TO_ENDING,1708,628,1080,562,False,True,0.4515116320760364,0.4103007871055616,0.4927224770465112,0.3083248325773271,0.2831757692571688,0.33347389589748544,0.14318679949870927,0.026330696945413515,0.09157958179785997,0.19479401719955858,5.387658377892785e-08,P1,H3b_primary,5.526847384864986e-13,"sd_rejected ~ C(morph_class, Treatment(reference='WITHIN_SPLIT')) * C(morph_environment, Treatment(reference='LEXICAL_TO_LEXICAL')) + C(fragmentation_bin, Treatment(reference='2')) + relative_position + first_token + last_token + proposal_slot + generation_position + token_char_length + eojeol_char_length + draft_entropy + target_entropy + bs(log_token_count, df=4, degree=3, include_intercept=False)",0.06304649334767998,-0.038856999453052765,0.16494998614841272,0.22528023286443322,2.155063351157114e-07
ENDING_TO_ENDING,98,70,28,90,True,True,0.48633936341231143,0.3745979679408747,0.5980807588837481,0.38862076568391324,0.21797876974538608,0.5592627616224404,0.0977185977283982,0.11043698490010738,-0.11873391523700605,0.31417111069380244,0.37624519864783623,P1,H3b_primary,5.526847384864986e-13,"sd_rejected ~ C(morph_class, Treatment(reference='WITHIN_SPLIT')) * C(morph_environment, Treatment(reference='LEXICAL_TO_LEXICAL')) + C(fragmentation_bin, Treatment(reference='2')) + relative_position + first_token + last_token + proposal_slot + generation_position + token_char_length + eojeol_char_length + draft_entropy + target_entropy + bs(log_token_count, df=4, degree=3, include_intercept=False)",0.0175782915773689,-0.21227420953995,0.2474307926946878,0.880850622217163,0.37624519864783623
LEXICAL_TO_LEXICAL,6133,75,6058,865,True,True,0.3986678637162869,0.2979869377435929,0.49934878968898083,0.3185275575652576,0.3095459226526796,0.32750919247783555,0.0801403061510293,0.05165410240076073,-0.02109987420820568,0.18138048651026428,0.12078669960001774,P1,H3b_primary,5.526847384864986e-13,"sd_rejected ~ C(morph_class, Treatment(reference='WITHIN_SPLIT')) * C(morph_environment, Treatment(reference='LEXICAL_TO_LEXICAL')) + C(fragmentation_bin, Treatment(reference='2')) + relative_position + first_token + last_token + proposal_slot + generation_position + token_char_length + eojeol_char_length + draft_entropy + target_entropy + bs(log_token_count, df=4, degree=3, include_intercept=False)",0.0,0.0,0.0,,0.24157339920003548
OTHER,9247,1263,7984,961,False,True,0.3851125418112219,0.3581977670515071,0.4120273165709367,0.3299690063746139,0.32079145032254675,0.33914656242668106,0.05514353543660799,0.015556045302050684,0.024654246902715147,0.08563282397050084,0.0003928664407202204,P1,H3b_primary,5.526847384864986e-13,"sd_rejected ~ C(morph_class, Treatment(reference='WITHIN_SPLIT')) * C(morph_environment, Treatment(reference='LEXICAL_TO_LEXICAL')) + C(fragmentation_bin, Treatment(reference='2')) + relative_position + first_token + last_token + proposal_slot + generation_position + token_char_length + eojeol_char_length + draft_entropy + target_entropy + bs(log_token_count, df=4, degree=3, include_intercept=False)",-0.0249967707144213,-0.12201734783603879,0.07202380640719619,0.6135778112271684,0.0011785993221606612
NOMINAL_TO_PARTICLE,8078,176,7902,872,False,True,0.4316375654073996,0.372473652250112,0.49080147856468725,0.23593139510392705,0.22757673568606812,0.24428605452178598,0.19570617030347257,0.030792324502296905,0.1353543232787004,0.25605801732824474,2.075061935516534e-10,P2,H3b_primary,0.0003714382688470814,"sd_rejected ~ C(morph_class, Treatment(reference='WITHIN_SPLIT')) * C(morph_environment, Treatment(reference='LEXICAL_TO_LEXICAL')) + C(fragmentation_bin, Treatment(reference='2')) + relative_position + first_token + last_token + proposal_slot + generation_position + token_char_length + eojeol_char_length + draft_entropy + target_entropy + bs(log_token_count, df=4, degree=3, include_intercept=False)",0.13241763333623752,0.03702765219282694,0.2278076144796481,0.006513089969055017,1.037530967758267e-09
PREDICATE_TO_ENDING,1332,494,838,489,False,True,0.31835777948761246,0.27456356943510946,0.36215198954011546,0.22977840065819033,0.2031820834277313,0.25637471788864935,0.08857937882942213,0.02837384946251194,0.03296765578013755,0.1441911018787067,0.0017970822208334804,P2,H3b_primary,0.0003714382688470814,"sd_rejected ~ C(morph_class, Treatment(reference='WITHIN_SPLIT')) * C(morph_environment, Treatment(reference='LEXICAL_TO_LEXICAL')) + C(fragmentation_bin, Treatment(reference='2')) + relative_position + first_token + last_token + proposal_slot + generation_position + token_char_length + eojeol_char_length + draft_entropy + target_entropy + bs(log_token_count, df=4, degree=3, include_intercept=False)",0.02529084186218708,-0.05986027049292579,0.11044195421729995,0.5604781530080755,0.005391246662500441
ENDING_TO_ENDING,86,51,35,73,True,True,0.2500395135157989,0.14349439926725838,0.3565846277643394,0.1414100229191231,0.026260405496367212,0.256559640341879,0.10862949059667579,0.07730973829175207,-0.0428948121093754,0.260153793302727,0.15998547808775665,P2,H3b_primary,0.0003714382688470814,"sd_rejected ~ C(morph_class, Treatment(reference='WITHIN_SPLIT')) * C(morph_environment, Treatment(reference='LEXICAL_TO_LEXICAL')) + C(fragmentation_bin, Treatment(reference='2')) + relative_position + first_token + last_token + proposal_slot + generation_position + token_char_length + eojeol_char_length + draft_entropy + target_entropy + bs(log_token_count, df=4, degree=3, include_intercept=False)",0.04534095362944074,-0.12276397449303383,0.2134458817519153,0.597056663851823,0.2478686846165014
LEXICAL_TO_LEXICAL,5671,139,5532,863,False,True,0.2591148973692535,0.17888772365739553,0.33934207108111153,0.19582636040201848,0.18676128198026185,0.2048914388237751,0.06328853696723505,0.041137388880342025,-0.017339263656253823,0.14391633759072392,0.1239343423082507,P2,H3b_primary,0.0003714382688470814,"sd_rejected ~ C(morph_class, Treatment(reference='WITHIN_SPLIT')) * C(morph_environment, Treatment(reference='LEXICAL_TO_LEXICAL')) + C(fragmentation_bin, Treatment(reference='2')) + relative_position + first_token + last_token + proposal_slot + generation_position + token_char_length + eojeol_char_length + draft_entropy + target_entropy + bs(log_token_count, df=4, degree=3, include_intercept=False)",0.0,0.0,0.0,,0.2478686846165014
OTHER,8648,1192,7456,940,False,True,0.29605205029732684,0.2693595165294399,0.3227445840652138,0.2241694580885879,0.21512560215487295,0.23321331402230286,0.07188259220873894,0.015505083686629844,0.04149318660566492,0.10227199781181295,3.551025252925423e-06,P2,H3b_primary,0.0003714382688470814,"sd_rejected ~ C(morph_class, Treatment(reference='WITHIN_SPLIT')) * C(morph_environment, Treatment(reference='LEXICAL_TO_LEXICAL')) + C(fragmentation_bin, Treatment(reference='2')) + relative_position + first_token + last_token + proposal_slot + generation_position + token_char_length + eojeol_char_length + draft_entropy + target_entropy + bs(log_token_count, df=4, degree=3, include_intercept=False)",0.00859405524150389,-0.07114828217498459,0.08833639265799237,0.8327071679453808,1.4204101011701692e-05
NOMINAL_TO_PARTICLE,8078,176,7902,872,False,True,0.6817349260759348,0.6211643207269673,0.7423055314249023,0.37396926940436576,0.3650400160976577,0.38289852271107383,0.307765656671569,0.03157262157678609,0.24588445548355606,0.36964685785958196,1.8838822491447157e-22,P3,H3b_primary,3.1468311780714154e-10,"sd_rejected ~ C(morph_class, Treatment(reference='WITHIN_SPLIT')) * C(morph_environment, Treatment(reference='LEXICAL_TO_LEXICAL')) + C(fragmentation_bin, Treatment(reference='2')) + relative_position + first_token + last_token + proposal_slot + generation_position + token_char_length + eojeol_char_length + draft_entropy + target_entropy + bs(log_token_count, df=4, degree=3, include_intercept=False)",0.14177561816025902,0.042444798582998156,0.24110643773751989,0.005150436121645061,9.419411245723579e-22
PREDICATE_TO_ENDING,1332,494,838,489,False,True,0.4448251747475384,0.4011742481638515,0.4884761013312253,0.33429198546929545,0.30729953597773146,0.36128443496085944,0.11053318927824296,0.028913960167927837,0.053862868698678706,0.16720350985780721,0.00013192809326005627,P3,H3b_primary,3.1468311780714154e-10,"sd_rejected ~ C(morph_class, Treatment(reference='WITHIN_SPLIT')) * C(morph_environment, Treatment(reference='LEXICAL_TO_LEXICAL')) + C(fragmentation_bin, Treatment(reference='2')) + relative_position + first_token + last_token + proposal_slot + generation_position + token_char_length + eojeol_char_length + draft_entropy + target_entropy + bs(log_token_count, df=4, degree=3, include_intercept=False)",-0.05545684923306704,-0.144406422389931,0.03349272392379693,0.22172017404287747,0.0003957842797801688
ENDING_TO_ENDING,86,51,35,73,True,True,0.3482115302501731,0.21874994307923357,0.4776731174211126,0.29321785638245074,0.1553036007359992,0.4311321120289023,0.05499367386772236,0.10264958655236549,-0.14619581880284105,0.25618316653828577,0.5921370131185653,P3,H3b_primary,3.1468311780714154e-10,"sd_rejected ~ C(morph_class, Treatment(reference='WITHIN_SPLIT')) * C(morph_environment, Treatment(reference='LEXICAL_TO_LEXICAL')) + C(fragmentation_bin, Treatment(reference='2')) + relative_position + first_token + last_token + proposal_slot + generation_position + token_char_length + eojeol_char_length + draft_entropy + target_entropy + bs(log_token_count, df=4, degree=3, include_intercept=False)",-0.11099636464358764,-0.32061743767558293,0.09862470838840762,0.29935400795665856,0.5921370131185653
LEXICAL_TO_LEXICAL,5671,139,5532,863,False,True,0.47574543782288886,0.3893998091960492,0.5620910664497285,0.30975539931157886,0.30138496722759,0.3181258313955677,0.16599003851131,0.04436784664892133,0.07903065700782806,0.2529494200147919,0.00018312644406038697,P3,H3b_primary,3.1468311780714154e-10,"sd_rejected ~ C(morph_class, Treatment(reference='WITHIN_SPLIT')) * C(morph_environment, Treatment(reference='LEXICAL_TO_LEXICAL')) + C(fragmentation_bin, Treatment(reference='2')) + relative_position + first_token + last_token + proposal_slot + generation_position + token_char_length + eojeol_char_length + draft_entropy + target_entropy + bs(log_token_count, df=4, degree=3, include_intercept=False)",0.0,0.0,0.0,,0.0003957842797801688
OTHER,8648,1192,7456,940,False,True,0.4230415957028489,0.39450380857536754,0.4515793828303302,0.3252236942454929,0.31575331319150196,0.33469407529948386,0.09781790145735597,0.016794417050567435,0.06490144889689839,0.13073435401781355,5.730795436009824e-09,P3,H3b_primary,3.1468311780714154e-10,"sd_rejected ~ C(morph_class, Treatment(reference='WITHIN_SPLIT')) * C(morph_environment, Treatment(reference='LEXICAL_TO_LEXICAL')) + C(fragmentation_bin, Treatment(reference='2')) + relative_position + first_token + last_token + proposal_slot + generation_position + token_char_length + eojeol_char_length + draft_entropy + target_entropy + bs(log_token_count, df=4, degree=3, include_intercept=False)",-0.06817213705395403,-0.15267547365475093,0.016331199546842853,0.11383702868278561,2.2923181744039297e-08
