environment,n_rows,n_cross,n_split,n_prompts,support_warning,estimable,adjusted_p_cross,adjusted_p_cross_ci_low,adjusted_p_cross_ci_high,adjusted_p_split,adjusted_p_split_ci_low,adjusted_p_split_ci_high,ame,ame_se,ame_ci_low,ame_ci_high,p_value,pair,specification,omnibus_interaction_p,formula,nonestimable_reason
NOMINAL_TO_PARTICLE,8957,199,8758,955,False,True,0.619595348790272,0.5616417925433878,0.6775489050371563,0.34243008531904534,0.3337211066010836,0.35113906403700706,0.27716526347122666,0.030084780793002405,0.21820017663415958,0.33613035030829375,3.177074587247923e-20,P1,eojeol_construction_sensitivity,0.0005365167030001397,"sd_rejected ~ C(morph_class, Treatment(reference='WITHIN_SPLIT')) + C(morph_environment, Treatment(reference='NOMINAL_TO_PARTICLE')) + h3_cross_env_PREDICATE_TO_ENDING + h3_cross_env_LEXICAL_TO_LEXICAL + h3_cross_env_OTHER + C(fragmentation_bin, Treatment(reference='2')) + relative_position + first_token + last_token + proposal_slot + generation_position + token_char_length + eojeol_char_length + draft_entropy + target_entropy + bs(log_token_count, df=4, degree=3, include_intercept=False)",
PREDICATE_TO_ENDING,889,91,798,236,True,True,0.4812867621720523,0.39579776046178006,0.5667757638823245,0.3485768461221549,0.3202035299192496,0.3769501623250602,0.1327099160498974,0.045754483058213086,0.04303277712455168,0.22238705497524314,0.0037259283498205908,P1,eojeol_construction_sensitivity,0.0005365167030001397,"sd_rejected ~ C(morph_class, Treatment(reference='WITHIN_SPLIT')) + C(morph_environment, Treatment(reference='NOMINAL_TO_PARTICLE')) + h3_cross_env_PREDICATE_TO_ENDING + h3_cross_env_LEXICAL_TO_LEXICAL + h3_cross_env_OTHER + C(fragmentation_bin, Treatment(reference='2')) + relative_position + first_token + last_token + proposal_slot + generation_position + token_char_length + eojeol_char_length + draft_entropy + target_entropy + bs(log_token_count, df=4, degree=3, include_intercept=False)",
ENDING_TO_ENDING,16,0,16,10,True,False,,,,,,,,,,,,P1,eojeol_construction_sensitivity,0.0005365167030001397,"sd_rejected ~ C(morph_class, Treatment(reference='WITHIN_SPLIT')) + C(morph_environment, Treatment(reference='NOMINAL_TO_PARTICLE')) + h3_cross_env_PREDICATE_TO_ENDING + h3_cross_env_LEXICAL_TO_LEXICAL + h3_cross_env_OTHER + C(fragmentation_bin, Treatment(reference='2')) + relative_position + first_token + last_token + proposal_slot + generation_position + token_char_length + eojeol_char_length + draft_entropy + target_entropy + bs(log_token_count, df=4, degree=3, include_intercept=False)",missing_environment_or_morphology_class
LEXICAL_TO_LEXICAL,1958,44,1914,481,True,True,0.37622270882226777,0.19535093562851288,0.5570944820160226,0.30348975287934565,0.287847897248032,0.3191316085106593,0.07273295594292212,0.09240038596451274,-0.10836847270512315,0.2538343845909674,0.43119411259057194,P1,eojeol_construction_sensitivity,0.0005365167030001397,"sd_rejected ~ C(morph_class, Treatment(reference='WITHIN_SPLIT')) + C(morph_environment, Treatment(reference='NOMINAL_TO_PARTICLE')) + h3_cross_env_PREDICATE_TO_ENDING + h3_cross_env_LEXICAL_TO_LEXICAL + h3_cross_env_OTHER + C(fragmentation_bin, Treatment(reference='2')) + relative_position + first_token + last_token + proposal_slot + generation_position + token_char_length + eojeol_char_length + draft_entropy + target_entropy + bs(log_token_count, df=4, degree=3, include_intercept=False)",
OTHER,7448,71,7377,858,True,True,0.4433669825060401,0.3441519114643263,0.5425820535477539,0.3361576985528727,0.3278358276510982,0.3444795694546472,0.10720928395316742,0.05092503722997628,0.007398045071052517,0.20702052283528233,0.035270663610418154,P1,eojeol_construction_sensitivity,0.0005365167030001397,"sd_rejected ~ C(morph_class, Treatment(reference='WITHIN_SPLIT')) + C(morph_environment, Treatment(reference='NOMINAL_TO_PARTICLE')) + h3_cross_env_PREDICATE_TO_ENDING + h3_cross_env_LEXICAL_TO_LEXICAL + h3_cross_env_OTHER + C(fragmentation_bin, Treatment(reference='2')) + relative_position + first_token + last_token + proposal_slot + generation_position + token_char_length + eojeol_char_length + draft_entropy + target_entropy + bs(log_token_count, df=4, degree=3, include_intercept=False)",
NOMINAL_TO_PARTICLE,7594,161,7433,860,False,True,0.4136189031165433,0.3522933235865604,0.4749444826465262,0.2400476610728787,0.23146504032474668,0.2486302818210107,0.17357124204366461,0.03188749926141675,0.11107289193424022,0.236069592153089,5.232071853400454e-08,P2,eojeol_construction_sensitivity,0.13218142050664938,"sd_rejected ~ C(morph_class, Treatment(reference='WITHIN_SPLIT')) + C(morph_environment, Treatment(reference='NOMINAL_TO_PARTICLE')) + h3_cross_env_PREDICATE_TO_ENDING + h3_cross_env_LEXICAL_TO_LEXICAL + h3_cross_env_OTHER + C(fragmentation_bin, Treatment(reference='2')) + relative_position + first_token + last_token + proposal_slot + generation_position + token_char_length + eojeol_char_length + draft_entropy + target_entropy + bs(log_token_count, df=4, degree=3, include_intercept=False)",
PREDICATE_TO_ENDING,747,71,676,203,True,True,0.3558081622643638,0.2710003679238685,0.4406159566048591,0.24316765085911923,0.21382931687697643,0.27250598484126204,0.11264051140524456,0.0455139327210282,0.02343484247725018,0.20184618033323892,0.01332892341462513,P2,eojeol_construction_sensitivity,0.13218142050664938,"sd_rejected ~ C(morph_class, Treatment(reference='WITHIN_SPLIT')) + C(morph_environment, Treatment(reference='NOMINAL_TO_PARTICLE')) + h3_cross_env_PREDICATE_TO_ENDING + h3_cross_env_LEXICAL_TO_LEXICAL + h3_cross_env_OTHER + C(fragmentation_bin, Treatment(reference='2')) + relative_position + first_token + last_token + proposal_slot + generation_position + token_char_length + eojeol_char_length + draft_entropy + target_entropy + bs(log_token_count, df=4, degree=3, include_intercept=False)",
ENDING_TO_ENDING,24,0,24,10,True,False,,,,,,,,,,,,P2,eojeol_construction_sensitivity,0.13218142050664938,"sd_rejected ~ C(morph_class, Treatment(reference='WITHIN_SPLIT')) + C(morph_environment, Treatment(reference='NOMINAL_TO_PARTICLE')) + h3_cross_env_PREDICATE_TO_ENDING + h3_cross_env_LEXICAL_TO_LEXICAL + h3_cross_env_OTHER + C(fragmentation_bin, Treatment(reference='2')) + relative_position + first_token + last_token + proposal_slot + generation_position + token_char_length + eojeol_char_length + draft_entropy + target_entropy + bs(log_token_count, df=4, degree=3, include_intercept=False)",missing_environment_or_morphology_class
LEXICAL_TO_LEXICAL,2196,93,2103,552,True,True,0.13536536855864992,0.0,0.28080528762613116,0.1705659573065108,0.15608410650283283,0.18504780811018878,-0.03520058874786089,0.07447164841746137,-0.1811623375154145,0.11076116001969272,0.6364479173576438,P2,eojeol_construction_sensitivity,0.13218142050664938,"sd_rejected ~ C(morph_class, Treatment(reference='WITHIN_SPLIT')) + C(morph_environment, Treatment(reference='NOMINAL_TO_PARTICLE')) + h3_cross_env_PREDICATE_TO_ENDING + h3_cross_env_LEXICAL_TO_LEXICAL + h3_cross_env_OTHER + C(fragmentation_bin, Treatment(reference='2')) + relative_position + first_token + last_token + proposal_slot + generation_position + token_char_length + eojeol_char_length + draft_entropy + target_entropy + bs(log_token_count, df=4, degree=3, include_intercept=False)",
OTHER,7113,130,6983,870,False,True,0.3369142201111801,0.2747366571551348,0.3990917830672254,0.22547998083841403,0.21712823344265736,0.2338317282341707,0.11143423927276608,0.032072003041063446,0.04857426840022264,0.17429421014530952,0.0005118025150665802,P2,eojeol_construction_sensitivity,0.13218142050664938,"sd_rejected ~ C(morph_class, Treatment(reference='WITHIN_SPLIT')) + C(morph_environment, Treatment(reference='NOMINAL_TO_PARTICLE')) + h3_cross_env_PREDICATE_TO_ENDING + h3_cross_env_LEXICAL_TO_LEXICAL + h3_cross_env_OTHER + C(fragmentation_bin, Treatment(reference='2')) + relative_position + first_token + last_token + proposal_slot + generation_position + token_char_length + eojeol_char_length + draft_entropy + target_entropy + bs(log_token_count, df=4, degree=3, include_intercept=False)",
NOMINAL_TO_PARTICLE,7594,161,7433,860,False,True,0.6850786267133816,0.6208403941691416,0.7493168592576216,0.3772474581081324,0.3680482824145765,0.38644663380168837,0.3078311686052492,0.03343761377041848,0.2422946498862684,0.37336768732423,3.380808466026311e-20,P3,eojeol_construction_sensitivity,4.51769245596045e-05,"sd_rejected ~ C(morph_class, Treatment(reference='WITHIN_SPLIT')) + C(morph_environment, Treatment(reference='NOMINAL_TO_PARTICLE')) + h3_cross_env_PREDICATE_TO_ENDING + h3_cross_env_LEXICAL_TO_LEXICAL + h3_cross_env_OTHER + C(fragmentation_bin, Treatment(reference='2')) + relative_position + first_token + last_token + proposal_slot + generation_position + token_char_length + eojeol_char_length + draft_entropy + target_entropy + bs(log_token_count, df=4, degree=3, include_intercept=False)",
PREDICATE_TO_ENDING,747,71,676,203,True,True,0.48948591657896057,0.40869656691834405,0.5702752662395771,0.371130423143013,0.3434740453558441,0.3987868009301819,0.11835549343594759,0.04568017015158142,0.028824005131186423,0.20788698174070874,0.009570861662703704,P3,eojeol_construction_sensitivity,4.51769245596045e-05,"sd_rejected ~ C(morph_class, Treatment(reference='WITHIN_SPLIT')) + C(morph_environment, Treatment(reference='NOMINAL_TO_PARTICLE')) + h3_cross_env_PREDICATE_TO_ENDING + h3_cross_env_LEXICAL_TO_LEXICAL + h3_cross_env_OTHER + C(fragmentation_bin, Treatment(reference='2')) + relative_position + first_token + last_token + proposal_slot + generation_position + token_char_length + eojeol_char_length + draft_entropy + target_entropy + bs(log_token_count, df=4, degree=3, include_intercept=False)",
ENDING_TO_ENDING,24,0,24,10,True,False,,,,,,,,,,,,P3,eojeol_construction_sensitivity,4.51769245596045e-05,"sd_rejected ~ C(morph_class, Treatment(reference='WITHIN_SPLIT')) + C(morph_environment, Treatment(reference='NOMINAL_TO_PARTICLE')) + h3_cross_env_PREDICATE_TO_ENDING + h3_cross_env_LEXICAL_TO_LEXICAL + h3_cross_env_OTHER + C(fragmentation_bin, Treatment(reference='2')) + relative_position + first_token + last_token + proposal_slot + generation_position + token_char_length + eojeol_char_length + draft_entropy + target_entropy + bs(log_token_count, df=4, degree=3, include_intercept=False)",missing_environment_or_morphology_class
LEXICAL_TO_LEXICAL,2196,93,2103,552,True,True,0.2958255765527162,0.13970055157394146,0.4519506015314909,0.2694039804833733,0.25689708482856444,0.2819108761381821,0.026421596069342912,0.07994185170964165,-0.13026155413899645,0.18310474627768228,0.7410144993224987,P3,eojeol_construction_sensitivity,4.51769245596045e-05,"sd_rejected ~ C(morph_class, Treatment(reference='WITHIN_SPLIT')) + C(morph_environment, Treatment(reference='NOMINAL_TO_PARTICLE')) + h3_cross_env_PREDICATE_TO_ENDING + h3_cross_env_LEXICAL_TO_LEXICAL + h3_cross_env_OTHER + C(fragmentation_bin, Treatment(reference='2')) + relative_position + first_token + last_token + proposal_slot + generation_position + token_char_length + eojeol_char_length + draft_entropy + target_entropy + bs(log_token_count, df=4, degree=3, include_intercept=False)",
OTHER,7113,130,6983,870,False,True,0.4924908151349581,0.41898860064110266,0.5659930296288136,0.3327509113964582,0.3244125411269451,0.34108928166597124,0.15973990373849994,0.03771379296646815,0.08582222780382236,0.23365757967317752,2.2795938819824752e-05,P3,eojeol_construction_sensitivity,4.51769245596045e-05,"sd_rejected ~ C(morph_class, Treatment(reference='WITHIN_SPLIT')) + C(morph_environment, Treatment(reference='NOMINAL_TO_PARTICLE')) + h3_cross_env_PREDICATE_TO_ENDING + h3_cross_env_LEXICAL_TO_LEXICAL + h3_cross_env_OTHER + C(fragmentation_bin, Treatment(reference='2')) + relative_position + first_token + last_token + proposal_slot + generation_position + token_char_length + eojeol_char_length + draft_entropy + target_entropy + bs(log_token_count, df=4, degree=3, include_intercept=False)",
