pair,boundary_count_band,n_cross,n_prompts,raw_rejection,omnibus_boundary_count_p,adjusted_rejection,ci_low,ci_high
P1,1,2275,843,0.39604395604395604,0.06463322152032079,0.3957183660071252,0.3773955853976167,0.41404114661663366
P1,2,81,74,0.5061728395061729,0.06463322152032079,0.5012047456652939,0.3905286138925058,0.6118808774380821
P1,3+,0,0,,0.06463322152032079,,,
P2,1,2052,825,0.2772904483430799,0.010759278750224541,0.2760791334995704,0.2581356624082714,0.29402260459086943
P2,2,86,82,0.3953488372093023,0.010759278750224541,0.42476165430729634,0.3064315352232251,0.5430917733913676
P2,3+,0,0,,0.010759278750224541,,,
P3,1,2052,825,0.3898635477582846,0.0065413860449297844,0.3892057126789211,0.37037176745083933,0.4080396579070029
P3,2,86,82,0.5348837209302325,0.0065413860449297844,0.5340430594795614,0.43234910041559327,0.6357370185435296
P3,3+,0,0,,0.0065413860449297844,,,
