run_id,resource,priority,cards,pair_or_variant,split,planned_count,count_unit,earliest_start,latest_finish,dependency,status
D00,LEAD,P0,data_freeze,all,sources_and_splits,,manifest,2026-10-07T09:00+07:00,2026-10-07T12:00+07:00,none,PLANNED_NOT_SUBMITTED
H00,LEAD_3090_B200,P0,E00,device_adapter_cache_verifier,development,,preflight,2026-10-07T09:00+07:00,2026-10-07T16:00+07:00,D00_schema,PLANNED_NOT_SUBMITTED
H01,B200_A_B,P0,E00,all_registered_pairs,development,,pilot,2026-10-07T12:00+07:00,2026-10-07T18:00+07:00,H00_per_pair,PLANNED_NOT_SUBMITTED
AN01,3090_CPU,P0,E01_automatic_only,actual_candidates_context_sensitivity,registered_audit,600,automatic_audit_items,2026-10-07T14:00+07:00,2026-10-09T12:00+07:00,H00_pilot_sheet,PLANNED_NOT_GOLD_VALIDATION
HUM01,HUMAN_TWO_KOREAN_ANNOTATORS,P2,E01_gold,actual_candidates,registered_audit,600,items_each_annotator,,,two_annotators_unavailable,DEFERRED_NO_ANNOTATOR
C01,B200_A,P1,E02_E09,Q2,Wtrain4000_Wdev1000_Wtest5000_F997_N550,11547,analysis_SD,2026-10-07T18:00+07:00,2026-10-09T16:00+07:00,H01_Q2_train_dev_first,PLANNED_NOT_SUBMITTED
C02,B200_A,P1,E02,Q1,Wtest5000_F997_N550,6547,analysis_SD,2026-10-07T18:00+07:00,2026-10-09T16:00+07:00,H01_Q1,PLANNED_NOT_SUBMITTED
C03,B200_A,P1,E02,Q3,Wtest5000_F997_N550,6547,analysis_SD,2026-10-07T18:00+07:00,2026-10-09T16:00+07:00,H01_Q3,PLANNED_NOT_SUBMITTED
C04,B200_A,P1,E04,Q4,Wtest2000,2000,analysis_SD,2026-10-07T18:00+07:00,2026-10-09T16:00+07:00,H01_Q4,PLANNED_NOT_SUBMITTED
C05,B200_A,P1,E04,Q5,Wtest2000,2000,analysis_SD,2026-10-07T18:00+07:00,2026-10-09T16:00+07:00,H01_Q5,PLANNED_NOT_SUBMITTED
C06,B200_A,P1,E04,Q6,Wtest2000,2000,analysis_SD,2026-10-07T18:00+07:00,2026-10-09T16:00+07:00,H01_Q6,PLANNED_NOT_SUBMITTED
C07,B200_B,P1,E05,G1,Wtest2000_F997_N550,3547,analysis_SD,2026-10-07T18:00+07:00,2026-10-09T16:00+07:00,H01_G1,PLANNED_NOT_SUBMITTED
C08,B200_B,P1,E06,QI1,Itest1000_Stest550,1550,analysis_SD,2026-10-07T18:00+07:00,2026-10-09T16:00+07:00,H01_QI1,PLANNED_NOT_SUBMITTED
C09,B200_B,P1,E06,GI1,Itest1000_Stest550,1550,analysis_SD,2026-10-07T18:00+07:00,2026-10-09T16:00+07:00,H01_GI1,PLANNED_NOT_SUBMITTED
C10,B200_B,P1,L01,L01a,Wtest2000_F997_N550,3547,analysis_SD,2026-10-07T18:00+07:00,2026-10-09T16:00+07:00,H01_L01a,PLANNED_NOT_SUBMITTED
C11,B200_B,P1,L01,L01b,Wtest2000_F997_N550,3547,analysis_SD,2026-10-07T18:00+07:00,2026-10-09T16:00+07:00,H01_L01b,PLANNED_NOT_SUBMITTED
C12,B200_B,P1,L02,L02a,Wtest2000_F997_N550,3547,analysis_SD,2026-10-07T18:00+07:00,2026-10-09T16:00+07:00,H01_L02a,PLANNED_NOT_SUBMITTED
X01,B200_A,P2,L03,L03_7,Wtest2000_F997,2997,analysis_SD,2026-10-08T20:00+07:00,2026-10-09T16:00+07:00,core_and_H01_L03_7_and_G0_capacity,PLANNED_CAPACITY_GATED
X02,B200_A,P2,L03,L03_14,Wtest2000_F997,2997,analysis_SD,2026-10-08T20:00+07:00,2026-10-09T16:00+07:00,core_and_H01_L03_14_and_G0_capacity,PLANNED_CAPACITY_GATED
X03,B200_B,P2,L03,L03_32,Wtest2000_F997,2997,analysis_SD,2026-10-08T20:00+07:00,2026-10-09T16:00+07:00,required_large_and_H01_L03_32_and_G0_capacity,PLANNED_CAPACITY_GATED
X04,B200_B,P2,L03,L03_72,Wtest2000_F997,2997,analysis_SD,2026-10-08T20:00+07:00,2026-10-09T16:00+07:00,H01_memory_backend_and_G0_capacity,PLANNED_CAPACITY_GATED
X05,B200_B,P2,L02,L02b,Wtest2000_F997_N550,3547,analysis_SD,2026-10-08T20:00+07:00,2026-10-09T16:00+07:00,required_large_and_H01_L02b_and_G0_capacity,PLANNED_CAPACITY_GATED
X06,B200_B,P2,L03,L03_7draft32,Wtest2000_F997,2997,analysis_SD,2026-10-08T20:00+07:00,2026-10-09T16:00+07:00,H01_L03_7draft32_and_G0_capacity,PLANNED_CAPACITY_GATED
X07,B200_B,P2,L04,L04_4draft32it,Itest1000_Stest550,1550,analysis_SD,2026-10-08T20:00+07:00,2026-10-09T16:00+07:00,H01_L04_and_G0_capacity,PLANNED_CAPACITY_GATED
REF_CORE,B200_A_B,P1,E00,unique_target_AR,core_same_prompts,33835,reference_AR,2026-10-07T18:00+07:00,2026-10-09T16:00+07:00,H01_contract_and_reference_reuse_validation,PLANNED_NOT_SUBMITTED
REF_EXTRA,B200_A_B,P2,E00,unique_target_AR,full_extra_same_prompts,13538,reference_AR,2026-10-08T20:00+07:00,2026-10-09T16:00+07:00,extra_pair_G0_capacity_and_reference_reuse,PLANNED_CAPACITY_GATED
CPU01,3090_CPU,P1,E03_E07_E08_E09,analysis_controls,completed_core_shards,0,reuse_only,2026-10-08T09:00+07:00,2026-10-10T18:00+07:00,C01_train_dev_and_completed_shards,PLANNED_NOT_SUBMITTED
MADS01,LEAD_3090,P1,E14,predictor_online_callback,train_dev,,implementation,2026-10-07T12:00+07:00,2026-10-09T12:00+07:00,H00_schema_then_C01_train_dev,PLANNED_NOT_SUBMITTED
AN02,3090_CPU,P2,E10_exploratory,natural_examples_and_frames,registered_cases_frames,1200,exploratory_frames,2026-10-08T09:00+07:00,2026-10-09T12:00+07:00,frame_schema_check_not_linguistic_validation,PLANNED_EXPLORATORY_NOT_GOLD
SCORE01,B200_A_B,P1,E04_E10_E12,same_prefix_and_exploratory_frame_distribution,registered_prefixes_frames,,scoring_positions,2026-10-08T12:00+07:00,2026-10-09T16:00+07:00,pair_preflight_and_frame_schema_check,PLANNED_NOT_SUBMITTED
ROB01,B200_A,P1,E11,Q2_Q5_K_grid,W500_F500,8000,robustness_SD,2026-10-08T12:00+07:00,2026-10-09T16:00+07:00,K4_reuse_validation_and_parity,PLANNED_NOT_SUBMITTED
ROB02,B200_A,P1,E11,Q5_context_output_grid,W300,1500,robustness_SD,2026-10-08T12:00+07:00,2026-10-09T16:00+07:00,registered_five_unique_configs,PLANNED_NOT_SUBMITTED
ROB03,B200_A,P1,E11,Q2_Q5_FP16,forensic128_each,256,robustness_SD,2026-10-08T12:00+07:00,2026-10-09T16:00+07:00,FP16_reference_and_BF16_reuse,PLANNED_NOT_SUBMITTED
DEV01,B200_EXCLUSIVE_HOST,P1,E13,shortlist_and_validate_six_policies,development,8400,dev_timed_run,2026-10-08T12:00+07:00,2026-10-09T12:00+07:00,MADS01_and_engine_parity,PLANNED_NOT_SUBMITTED
RT01,B200_B_EXCLUSIVE_HOST,P1,E14,Q4_Q5_six_policies,W500_F500_each_3repeats,33000,final_timed_run_if_AR_reuse,2026-10-09T18:00+07:00,2026-10-10T15:00+07:00,G2_frozen_policies_test_refs_and_validity,PLANNED_NOT_SUBMITTED
AB01,B200_B_EXCLUSIVE_HOST,P1,E15,Q4_five_extra_variants,W500_3repeats,7500,final_timed_run,2026-10-10T09:00+07:00,2026-10-10T18:00+07:00,G2_registered_variants_and_RT01,PLANNED_NOT_SUBMITTED
RT02,B200_B_EXCLUSIVE_HOST,P2,L04,IT32_six_policies,I500_S300_3repeats,14400,final_timed_run,2026-10-10T09:00+07:00,2026-10-10T18:00+07:00,IT_dev_freeze_main_complete_and_runtime_capacity,PLANNED_CAPACITY_GATED
RT03A,3090_EXCLUSIVE_LOCAL,P2,L05,Q3_four_policies,W500_3repeats,6000,final_timed_run,2026-10-09T18:00+07:00,2026-10-10T18:00+07:00,cross_device_audit_dev_freeze_and_capacity,PLANNED_CAPACITY_GATED
RT03B,B200_B_EXCLUSIVE_HOST,P2,L05,Q3_four_policies,W500_3repeats,6000,final_timed_run,2026-10-10T09:00+07:00,2026-10-10T18:00+07:00,cross_device_audit_main_complete_and_capacity,PLANNED_CAPACITY_GATED
SUP01,B200_A_B,P3,L06,Q2_Q5_L01a_L02a,new_Wtest5000_each,20000,extra_analysis_SD,2026-10-07T18:00+07:00,2026-10-09T16:00+07:00,dev_precision_preregistration_and_extra_capacity,PLANNED_CAPACITY_GATED
REP01,3090_CPU_LEAD,P1,E16_tables_figures_audit,all_completed_results,completed_artifacts,,report,2026-10-10T15:00+07:00,2026-10-10T23:59+07:00,G4_raw_freeze_then_claim_audit,PLANNED_NOT_SUBMITTED
