job_id,owner,priority,cards,pair,dataset_cells,analysis_trajectories,dependency,status
H00,ALL,P0,H00,ALL,hardware_runner_feature_preflight,0,none,design_not_submitted
H01_3090,RTX3090,P0,E00,Q1_Q2_Q3,per_pair_64Wdev_32Fdev_32Ndev,,H00,design_not_submitted
H01_B200A,B200A,P0,E00,Q1_to_Q6,per_pair_64Wdev_32Fdev_32Ndev,,H00,design_not_submitted
H01_B200B,B200B,P0,E00,Gemma_MoE_IT_large,base_128dev_or_IT_96dev_per_pair,,H00,design_not_submitted
CPU01,RTX3090_CPU,P0,E01,ALL,human_audit_600_two_annotators,0,H00,design_not_submitted
A01,B200A,P1,E02_E09,Q2,Wtrain4000_Wdev1000_Wtest5000_F997_N550,11547,H01_B200A,design_not_submitted
A02,B200A,P1,E02,Q1,Wtest5000_F997_N550,6547,H01_B200A,design_not_submitted
A03,B200A,P1,E02,Q3,Wtest5000_F997_N550,6547,H01_B200A,design_not_submitted
A04,B200A,P1,E04,Q4,Wtest2000,2000,H01_B200A,design_not_submitted
A05,B200A,P1,E04,Q5,Wtest2000,2000,H01_B200A,design_not_submitted
A06,B200A,P1,E04,Q6,Wtest2000,2000,H01_B200A,design_not_submitted
B01,B200B,P1,E05,G1,Wtest2000_F997_N550,3547,H01_B200B,design_not_submitted
B02,B200B,P1,E06,QI1,Itest1000_Stest550,1550,H01_B200B,design_not_submitted
B03,B200B,P1,E06,GI1,Itest1000_Stest550,1550,H01_B200B,design_not_submitted
B04,B200B,P1,L01,L01a,Wtest2000_F997_N550,3547,H01_B200B,design_not_submitted
B05,B200B,P1,L01,L01b,Wtest2000_F997_N550,3547,H01_B200B,design_not_submitted
B06,B200B,P1,L02,L02a,Wtest2000_F997_N550,3547,H01_B200B,design_not_submitted
CPU02,RTX3090_CPU,P1,E03_E07_E08_E09,Qwen_Gemma_MoE,reuse_traces_no_new_generation,0,A01_partial_train_dev_first,design_not_submitted
A07,B200A,P1,E10_E11_E12,Q2_Q5_G1,v2_focused_diagnostics,,baseline_and_label_validity,design_not_submitted
A08,B200A,P1,E13,Q4_Q5,Wdev200_Fdev200,,E09_and_engine_parity,design_not_submitted
B07,B200B,P2,L03,L03_7,Wtest2000_F997,2997,mandatory_main_and_large_complete,design_not_submitted
B08,B200B,P2,L03,L03_14,Wtest2000_F997,2997,mandatory_main_and_large_complete,design_not_submitted
B09,B200B,P2,L03,L03_32,Wtest2000_F997,2997,mandatory_main_and_large_complete,design_not_submitted
B10,B200B,P2,L03,L03_72,Wtest2000_F997,2997,mandatory_complete_and_memory_gate,design_not_submitted
B11,B200B,P2,L04,L04_4draft32it,Itest1000_Stest550,1550,mandatory_complete_and_IT_preflight,design_not_submitted
R01,B200B_EXCLUSIVE,P1_CONDITIONAL,E14_E15,Q4_Q5,Wtest500_Ftest500_3repeats_multiple_policies,,E09_positive_incremental_and_E13_headroom,design_not_submitted
R02,B200B_EXCLUSIVE,P2_CONDITIONAL,L04,L04_4draft32it,Itest500_Stest300_3repeats_multiple_policies,,L04_analysis_and_runtime_gates,design_not_submitted
R03,RTX3090_AND_B200B_EXCLUSIVE,P2_CONDITIONAL,L05,Q3,Wtest500_3repeats_on_each_device,,controller_and_cross_device_audit,design_not_submitted
B12,B200B,P3_OPTIONAL,L02,L02b,Wtest2000_F997_N550,3547,mandatory_complete,design_not_submitted
B13,B200B,P3_OPTIONAL,L03,L03_7draft32,Wtest2000_F997,2997,mandatory_complete,design_not_submitted
S01,B200A_OR_B200B,P2_CONDITIONAL,L06,Q2_Q5_L01a_L02a,extra_independent_Wtest5000_each,20000,dev_precision_gate_and_preregister_before_test_effects,design_not_submitted
