pair,draft_to_target,model,formula,n_tokens,n_prompts,adjusted_p_cross,adjusted_p_cross_ci_low,adjusted_p_cross_ci_high,adjusted_p_split,adjusted_p_split_ci_low,adjusted_p_split_ci_high,ame_cross_minus_split,ame_pp,ame_ci_low,ame_ci_high,ame_p_value,model_cross_beta,model_cross_or,cluster_count,covariance,saved_e2_or,saved_e2_n_tokens,saved_e2_n_prompts,parity_with_saved_e2
P1,0.6B → 1.7B,M2,"sd_rejected ~ C(morph_class, Treatment(reference='WITHIN_SPLIT')) + C(fragmentation_bin, Treatment(reference='2')) + relative_position + first_token + last_token + proposal_slot + generation_position + token_char_length + eojeol_char_length",73001,995,0.24239104273504702,0.21360345520757568,0.27117863026251837,0.12648367681366648,0.12174909610813713,0.13121825751919586,0.11590736592138054,11.590736592138054,8.682695845703048,14.49877733857306,5.631645246588885e-15,0.9269960460967323,2.5269070528137525,995,prompt-clustered sandwich; delta method conditional on observed covariates,2.5269070528137525,73001,995,True
P1,0.6B → 1.7B,M3,"sd_rejected ~ C(morph_class, Treatment(reference='WITHIN_SPLIT')) + C(fragmentation_bin, Treatment(reference='2')) + relative_position + first_token + last_token + proposal_slot + generation_position + token_char_length + eojeol_char_length + draft_entropy + target_entropy",73001,995,0.1822674074196227,0.16387401812217106,0.20066079671707432,0.1278597660664195,0.12454811382520711,0.13117141830763188,0.054407641353203196,5.44076413532032,3.5255130598563085,7.356015210784331,2.580013247183521e-08,0.6940362378071052,2.0017789051514043,995,prompt-clustered sandwich; delta method conditional on observed covariates,2.0017789051514043,73001,995,True
P1,0.6B → 1.7B,M5,"sd_rejected ~ C(morph_class, Treatment(reference='WITHIN_SPLIT')) + C(fragmentation_bin, Treatment(reference='2')) + relative_position + first_token + last_token + proposal_slot + generation_position + token_char_length + eojeol_char_length + draft_entropy + target_entropy + bs(log_token_count, df=4, degree=3, include_intercept=False)",73001,995,0.1856306668415413,0.16609514457487023,0.20516618910821238,0.1276996803558564,0.12442369840965975,0.13097566230205307,0.0579309864856849,5.79309864856849,3.7628971394142217,7.823300157722758,2.235928476701098e-08,0.7354091472483403,2.08633543630391,995,prompt-clustered sandwich; delta method conditional on observed covariates,2.08633543630391,73001,995,True
P2,1.7B → 4B,M2,"sd_rejected ~ C(morph_class, Treatment(reference='WITHIN_SPLIT')) + C(fragmentation_bin, Treatment(reference='2')) + relative_position + first_token + last_token + proposal_slot + generation_position + token_char_length + eojeol_char_length",73257,997,0.2501292106015148,0.21710612092525822,0.28315230027777133,0.1406011288449247,0.13527795166666542,0.145924306023184,0.10952808175659007,10.952808175659007,7.595302301123032,14.310314050194982,1.6184822025489805e-10,0.8047286928932894,2.236089749475729,997,prompt-clustered sandwich; delta method conditional on observed covariates,2.236089749475729,73257,997,True
P2,1.7B → 4B,M3,"sd_rejected ~ C(morph_class, Treatment(reference='WITHIN_SPLIT')) + C(fragmentation_bin, Treatment(reference='2')) + relative_position + first_token + last_token + proposal_slot + generation_position + token_char_length + eojeol_char_length + draft_entropy + target_entropy",73257,997,0.193486883724991,0.1717331453111537,0.21524062213882833,0.14198351759976563,0.1382893579569608,0.14567767724257047,0.05150336612522538,5.150336612522538,2.847542885140779,7.453130339904297,1.167462064435218e-05,0.6028491303698925,1.8273176569955463,997,prompt-clustered sandwich; delta method conditional on observed covariates,1.8273176569955465,73257,997,True
P2,1.7B → 4B,M5,"sd_rejected ~ C(morph_class, Treatment(reference='WITHIN_SPLIT')) + C(fragmentation_bin, Treatment(reference='2')) + relative_position + first_token + last_token + proposal_slot + generation_position + token_char_length + eojeol_char_length + draft_entropy + target_entropy + bs(log_token_count, df=4, degree=3, include_intercept=False)",73257,997,0.20746298945115157,0.1872295428421007,0.22769643606020246,0.14129569675131784,0.1377576786974213,0.14483371480521437,0.06616729269983374,6.616729269983374,4.513645123780111,8.719813416186636,6.984270482710926e-10,0.7577258354448505,2.1334189537124346,997,prompt-clustered sandwich; delta method conditional on observed covariates,2.1334189537124346,73257,997,True
P3,0.6B → 4B,M2,"sd_rejected ~ C(morph_class, Treatment(reference='WITHIN_SPLIT')) + C(fragmentation_bin, Treatment(reference='2')) + relative_position + first_token + last_token + proposal_slot + generation_position + token_char_length + eojeol_char_length",73143,997,0.2964188275463036,0.2688176380319265,0.32402001706068073,0.18164145887454336,0.1749655582565389,0.18831735949254783,0.11477736867176025,11.477736867176025,8.699244976733556,14.256228757618494,5.658116349210251e-16,0.7428778242798968,2.101975936074183,997,prompt-clustered sandwich; delta method conditional on observed covariates,2.101975936074183,73143,997,True
P3,0.6B → 4B,M3,"sd_rejected ~ C(morph_class, Treatment(reference='WITHIN_SPLIT')) + C(fragmentation_bin, Treatment(reference='2')) + relative_position + first_token + last_token + proposal_slot + generation_position + token_char_length + eojeol_char_length + draft_entropy + target_entropy",73143,997,0.23701600527198657,0.2196603452493361,0.25437166529463706,0.18338881936676496,0.17945527464816435,0.18732236408536557,0.053627185905221614,5.362718590522161,3.549413562527376,7.176023618516947,6.773261674001301e-09,0.5686992347400331,1.7659684463797878,997,prompt-clustered sandwich; delta method conditional on observed covariates,1.7659684463797878,73143,997,True
P3,0.6B → 4B,M5,"sd_rejected ~ C(morph_class, Treatment(reference='WITHIN_SPLIT')) + C(fragmentation_bin, Treatment(reference='2')) + relative_position + first_token + last_token + proposal_slot + generation_position + token_char_length + eojeol_char_length + draft_entropy + target_entropy + bs(log_token_count, df=4, degree=3, include_intercept=False)",73143,997,0.24369146420909263,0.22338773260273,0.2639951958154553,0.1829896231622185,0.1791096793759549,0.1868695669484821,0.06070184104687412,6.070184104687412,3.9669589465664306,8.173409262808393,1.542989745543794e-08,0.6387180992255366,1.8940513365460867,997,prompt-clustered sandwich; delta method conditional on observed covariates,1.8940513365460867,73143,997,True
