pair,environment,n_cross,n_prompts,raw_rejection,omnibus_boundary_p,reference,reference_lexical_support_adequate,formula,adjusted_rejection,adjusted_ci_low,adjusted_ci_high
P1,NOMINAL_TO_PARTICLE,212,87,0.2641509433962264,7.588754551525078e-08,OTHER,False,"sd_rejected ~ C(boundary_type, Treatment(reference='OTHER')) + C(fragmentation_bin, Treatment(reference='2')) + relative_position + first_token + last_token + proposal_slot + generation_position + token_char_length + eojeol_char_length + draft_entropy + target_entropy + bs(log_token_count, df=4, degree=3, include_intercept=False)",0.34892636137929023,0.2867078100668361,0.41114491269174436
P1,PREDICATE_TO_ENDING,988,349,0.1680161943319838,7.588754551525078e-08,OTHER,False,"sd_rejected ~ C(boundary_type, Treatment(reference='OTHER')) + C(fragmentation_bin, Treatment(reference='2')) + relative_position + first_token + last_token + proposal_slot + generation_position + token_char_length + eojeol_char_length + draft_entropy + target_entropy + bs(log_token_count, df=4, degree=3, include_intercept=False)",0.17906670846350078,0.15255596885207587,0.2055774480749257
P1,ENDING_TO_ENDING,159,90,0.08176100628930817,7.588754551525078e-08,OTHER,False,"sd_rejected ~ C(boundary_type, Treatment(reference='OTHER')) + C(fragmentation_bin, Treatment(reference='2')) + relative_position + first_token + last_token + proposal_slot + generation_position + token_char_length + eojeol_char_length + draft_entropy + target_entropy + bs(log_token_count, df=4, degree=3, include_intercept=False)",0.09702811634450956,0.046530022857105384,0.14752620983191372
P1,LEXICAL_TO_LEXICAL,33,16,0.24242424242424243,7.588754551525078e-08,OTHER,False,"sd_rejected ~ C(boundary_type, Treatment(reference='OTHER')) + C(fragmentation_bin, Treatment(reference='2')) + relative_position + first_token + last_token + proposal_slot + generation_position + token_char_length + eojeol_char_length + draft_entropy + target_entropy + bs(log_token_count, df=4, degree=3, include_intercept=False)",0.3035345191446292,0.1688039335033384,0.43826510478592
P1,OTHER,1577,434,0.2289156626506024,7.588754551525078e-08,OTHER,False,"sd_rejected ~ C(boundary_type, Treatment(reference='OTHER')) + C(fragmentation_bin, Treatment(reference='2')) + relative_position + first_token + last_token + proposal_slot + generation_position + token_char_length + eojeol_char_length + draft_entropy + target_entropy + bs(log_token_count, df=4, degree=3, include_intercept=False)",0.2082109267191891,0.18869954988580276,0.22772230355257542
P2,NOMINAL_TO_PARTICLE,212,97,0.24056603773584906,0.07682282735659157,OTHER,False,"sd_rejected ~ C(boundary_type, Treatment(reference='OTHER')) + C(fragmentation_bin, Treatment(reference='2')) + relative_position + first_token + last_token + proposal_slot + generation_position + token_char_length + eojeol_char_length + draft_entropy + target_entropy + bs(log_token_count, df=4, degree=3, include_intercept=False)",0.29719573953550515,0.20980983041145795,0.38458164865955236
P2,PREDICATE_TO_ENDING,958,345,0.17536534446764093,0.07682282735659157,OTHER,False,"sd_rejected ~ C(boundary_type, Treatment(reference='OTHER')) + C(fragmentation_bin, Treatment(reference='2')) + relative_position + first_token + last_token + proposal_slot + generation_position + token_char_length + eojeol_char_length + draft_entropy + target_entropy + bs(log_token_count, df=4, degree=3, include_intercept=False)",0.20182821951534782,0.17189211660706927,0.23176432242362638
P2,ENDING_TO_ENDING,137,91,0.16058394160583941,0.07682282735659157,OTHER,False,"sd_rejected ~ C(boundary_type, Treatment(reference='OTHER')) + C(fragmentation_bin, Treatment(reference='2')) + relative_position + first_token + last_token + proposal_slot + generation_position + token_char_length + eojeol_char_length + draft_entropy + target_entropy + bs(log_token_count, df=4, degree=3, include_intercept=False)",0.20657525854880446,0.1426923516905323,0.2704581654070766
P2,LEXICAL_TO_LEXICAL,51,27,0.19607843137254902,0.07682282735659157,OTHER,False,"sd_rejected ~ C(boundary_type, Treatment(reference='OTHER')) + C(fragmentation_bin, Treatment(reference='2')) + relative_position + first_token + last_token + proposal_slot + generation_position + token_char_length + eojeol_char_length + draft_entropy + target_entropy + bs(log_token_count, df=4, degree=3, include_intercept=False)",0.20541341279339723,0.1123196171877106,0.29850720839908385
P2,OTHER,1800,514,0.20666666666666667,0.07682282735659157,OTHER,False,"sd_rejected ~ C(boundary_type, Treatment(reference='OTHER')) + C(fragmentation_bin, Treatment(reference='2')) + relative_position + first_token + last_token + proposal_slot + generation_position + token_char_length + eojeol_char_length + draft_entropy + target_entropy + bs(log_token_count, df=4, degree=3, include_intercept=False)",0.18386594820961244,0.16618417882079958,0.2015477175984253
P3,NOMINAL_TO_PARTICLE,218,98,0.3761467889908257,1.6801632746596794e-05,OTHER,False,"sd_rejected ~ C(boundary_type, Treatment(reference='OTHER')) + C(fragmentation_bin, Treatment(reference='2')) + relative_position + first_token + last_token + proposal_slot + generation_position + token_char_length + eojeol_char_length + draft_entropy + target_entropy + bs(log_token_count, df=4, degree=3, include_intercept=False)",0.4295236944032712,0.350421466231878,0.5086259225746644
P3,PREDICATE_TO_ENDING,978,349,0.20040899795501022,1.6801632746596794e-05,OTHER,False,"sd_rejected ~ C(boundary_type, Treatment(reference='OTHER')) + C(fragmentation_bin, Treatment(reference='2')) + relative_position + first_token + last_token + proposal_slot + generation_position + token_char_length + eojeol_char_length + draft_entropy + target_entropy + bs(log_token_count, df=4, degree=3, include_intercept=False)",0.21692344425424592,0.1897401540670772,0.24410673444141465
P3,ENDING_TO_ENDING,130,83,0.13846153846153847,1.6801632746596794e-05,OTHER,False,"sd_rejected ~ C(boundary_type, Treatment(reference='OTHER')) + C(fragmentation_bin, Treatment(reference='2')) + relative_position + first_token + last_token + proposal_slot + generation_position + token_char_length + eojeol_char_length + draft_entropy + target_entropy + bs(log_token_count, df=4, degree=3, include_intercept=False)",0.18228819745122807,0.11408395596010316,0.25049243894235296
P3,LEXICAL_TO_LEXICAL,47,27,0.2978723404255319,1.6801632746596794e-05,OTHER,False,"sd_rejected ~ C(boundary_type, Treatment(reference='OTHER')) + C(fragmentation_bin, Treatment(reference='2')) + relative_position + first_token + last_token + proposal_slot + generation_position + token_char_length + eojeol_char_length + draft_entropy + target_entropy + bs(log_token_count, df=4, degree=3, include_intercept=False)",0.3185057562730255,0.21072728283695896,0.4262842297090921
P3,OTHER,1794,519,0.2826086956521739,1.6801632746596794e-05,OTHER,False,"sd_rejected ~ C(boundary_type, Treatment(reference='OTHER')) + C(fragmentation_bin, Treatment(reference='2')) + relative_position + first_token + last_token + proposal_slot + generation_position + token_char_length + eojeol_char_length + draft_entropy + target_entropy + bs(log_token_count, df=4, degree=3, include_intercept=False)",0.25999899087029626,0.2402978911380116,0.27970009060258094
