pair,environment,n_single_boundary_cross,share_of_cross_tokens,adjusted_excess_rejection,contribution_score,normalized_contribution_percent
P1,NOMINAL_TO_PARTICLE,212,0.07140451330414281,0.20924264544824,0.01494086926070289,69.14035002957829
P1,PREDICATE_TO_ENDING,988,0.33277197709666556,-0.029139825759802784,-0.009696917430341918,-44.873444352073655
P1,ENDING_TO_ENDING,159,0.053553384978107105,-0.3640187300283655,-0.019494435188450693,-90.21242666941049
P1,LEXICAL_TO_LEXICAL,33,0.01111485348602223,0.12541121972581212,0.0013939273327557428,6.450536579957629
P1,OTHER,1577,0.5311552711350623,0.06488881249552717,0.03446603479469395,159.49498441194822
P2,NOMINAL_TO_PARTICLE,212,0.06713109563014566,0.186724401446464,0.012535013649984283,26.22377685475212
P2,PREDICATE_TO_ENDING,958,0.3033565547815073,0.03409821184015946,0.010343916068040774,21.63990836762482
P2,ENDING_TO_ENDING,137,0.043381887270424316,-0.1701238528471095,-0.00738029380622356,-15.439885691481356
P2,LEXICAL_TO_LEXICAL,51,0.016149461684610514,0.0595857508570293,0.0009622778004143429,2.013125714496455
P2,OTHER,1800,0.5699810006333123,0.054983009061890964,0.031339270522927086,65.56307475460795
P3,NOMINAL_TO_PARTICLE,218,0.0688348594884749,0.247150696166217,0.0170125834430803,54.46431426750672
P3,PREDICATE_TO_ENDING,978,0.30880959898958005,-0.022733135260627396,-0.0070202103836102285,-22.474596279642572
P3,ENDING_TO_ENDING,130,0.041048310704136406,-0.36923590586037874,-0.015156510186880088,-48.522256292160236
P3,LEXICAL_TO_LEXICAL,47,0.01484054310072624,0.06589384844241875,0.000977900497882438,3.1306638534480578
P3,OTHER,1794,0.5664666877170824,0.06253225441598159,0.03542243903450299,113.40187445084803
POOLED,NOMINAL_TO_PARTICLE,642,0.06907682375726275,0.21557188391221374,0.014891021032025093,42.77145372791227
POOLED,PREDICATE_TO_ENDING,2924,0.3146115773617388,-0.0051386997704827575,-0.0016166944403799854,-4.643628620238527
POOLED,ENDING_TO_ENDING,426,0.045836023240800515,-0.2935982086646395,-0.013457374315809815,-38.653592766403975
POOLED,LEXICAL_TO_LEXICAL,131,0.014095115128039595,0.07441517370213807,0.0010488904406047005,3.0127261824082194
POOLED,OTHER,5171,0.5563804605121584,0.06101846784762066,0.03394948324080552,97.513041476322
