pair,transition,n_cross,n_prompts,raw_rejection,exploratory,adjusted_rejection,ci_low,ci_high
P1,EP→EF,149,87,0.0738255033557047,True,0.09897863006501299,0.03724061167624224,0.16071664845378375
P1,VA→EF,120,67,0.075,True,0.1270506014663926,0.0,0.2564022540828998
P1,VCP→EF,389,159,0.15938303341902313,True,0.15756702157447833,0.10217381201072576,0.2129602311382309
P1,VX→EF,119,73,0.07563025210084033,True,0.08852450237410864,0.0,0.2277979021740791
P1,XSV→EC,406,186,0.270935960591133,True,0.18518802328986714,0.1400205382670989,0.23035550831263538
P1,XSV→ETM,377,123,0.13262599469496023,True,0.17633866190170802,0.09832405114019349,0.25435327266322255
P2,EP→EF,135,89,0.15555555555555556,True,0.24330818643385665,0.16146211467778096,0.3251542581899324
P2,JKB→JX,172,63,0.23255813953488372,True,0.1188601608131603,0.04571680639903179,0.1920035152272888
P2,VCP→EF,357,165,0.19607843137254902,True,0.22462372380013007,0.15041450848217508,0.29883293911808506
P2,VX→EF,149,81,0.087248322147651,True,0.03928215765152777,0.0,0.12278846149483638
P2,XSV→EC,514,245,0.2490272373540856,True,0.2194621277438724,0.16046559253154552,0.27845866295619925
P2,XSV→EF,155,53,0.18064516129032257,True,0.1284345486150525,0.06822827531282843,0.18864082191727655
P2,XSV→ETM,436,145,0.11009174311926606,True,0.21724102189356634,0.1315414647942273,0.3029405789929054
P3,EP→EF,128,81,0.125,True,0.194953946434784,0.10622679620699017,0.28368109666257785
P3,JKB→JX,166,61,0.3072289156626506,True,0.16848583011636042,0.08014368898135539,0.25682797125136547
P3,VCP→EF,363,167,0.1928374655647383,True,0.1997801565999492,0.1319212632427857,0.2676390499571127
P3,VX→EF,146,79,0.08904109589041095,True,0.040283392893482574,0.0,0.12945602161756256
P3,XSV→EC,521,247,0.3474088291746641,True,0.29136057414364275,0.23601691373846242,0.34670423454882304
P3,XSV→EF,152,54,0.34868421052631576,True,0.302818603486352,0.22264421143285823,0.3829929955398457
P3,XSV→ETM,436,148,0.14220183486238533,True,0.29589607345623575,0.21487625070856273,0.37691589620390875
