population,particle_category,n_tokens,n_prompts,adjusted_p_cross,adjusted_p_cross_ci_low,adjusted_p_cross_ci_high,adjusted_p_split,adjusted_p_split_ci_low,adjusted_p_split_ci_high,ame,ame_se,ame_ci_low,ame_ci_high,p_value
all_available,CASE_SUBJECT,11528,593,0.5250537379037078,0.36713923750487326,0.6829682383025424,0.18629738343020288,0.17945255735193963,0.19314220950846614,0.33875635447350494,0.08051202316944239,0.18095568873894347,0.4965570202080664,2.5818278864316922e-05
all_available,CASE_OBJECT,11920,664,0.5334994811907162,0.3900704452907243,0.6769285170907081,0.17330902353434766,0.16594430246923514,0.18067374459946017,0.3601904576563686,0.07337739440640226,0.21637340734042934,0.5040075079723079,9.16639998550287e-07
all_available,CASE_ADVERBIAL,15474,790,0.32509263701934765,0.1509038722235428,0.4992814018151525,0.17121979637455648,0.16491988950060016,0.1775197032485128,0.15387284064479118,0.08886803359422217,-0.020305304576779898,0.3280509858663623,0.08336695534459043
all_available,CASE_GENITIVE,15995,665,0.41921103947110383,0.2695182255464995,0.5689038533957081,0.13281259322909086,0.12648499320773732,0.1391401932504444,0.28639844624201294,0.0763765634409291,0.13670313263485334,0.43609375984917254,0.0001769607982049145
all_available,AUXILIARY_PARTICLE,9862,475,0.5362021723981294,0.35557114513850885,0.7168331996577499,0.08412436426143001,0.07667423281502546,0.09157449570783456,0.4520778081366994,0.09220090558864313,0.2713673538409811,0.6327882624324177,9.429660634611419e-07
three_way_common,CASE_SUBJECT,11518,592,0.5233850587305288,0.3656689245909554,0.6811011928701021,0.18620090281825263,0.17935253898962825,0.19304926664687702,0.33718415591227613,0.08041442920508482,0.179574770832964,0.49479354099158823,2.751920207831394e-05
three_way_common,CASE_OBJECT,11898,662,0.5268756493047886,0.3834807505657942,0.6702705480437829,0.17346778367926355,0.16610567136915808,0.18082989598936902,0.35340786562552506,0.07334453104199327,0.20965522632023825,0.4971605049308119,1.446687759006365e-06
three_way_common,CASE_ADVERBIAL,15464,788,0.3241724606534976,0.15056519857941328,0.49777972272758186,0.17126680044207296,0.1649647151716146,0.17756888571253132,0.15290566021142463,0.08857256697180321,-0.020693381071571593,0.32650470149442085,0.08428769441318365
three_way_common,CASE_GENITIVE,15864,662,0.4185187743510741,0.26871588692260684,0.5683216617795414,0.13340575964752177,0.12704984749326384,0.1397616718017797,0.2851130147035523,0.07643249989959772,0.1353080676519795,0.43491796175512515,0.00019128309427334073
three_way_common,AUXILIARY_PARTICLE,9839,474,0.5308409194614454,0.3480093100160035,0.7136725289068873,0.08411566983782794,0.07665877702062783,0.09157256265502804,0.4467252496236175,0.09332518099632821,0.26381125602013233,0.6296392432271026,1.6949526208187748e-06
