pair,top_k_patterns,patterns_available,patterns_in_top_k,total_cross_tokens,top_k_cross_tokens,share_of_cross_tokens,top_k_raw_rejection,top_k_share_of_rejected_cross,ranked_by
P1,1,75,1,211,15,0.07109004739336493,0.13333333333333333,0.03571428571428571,n_cross only; no outcome-based ranking
P1,5,75,5,211,52,0.24644549763033174,0.23076923076923078,0.21428571428571427,n_cross only; no outcome-based ranking
P1,10,75,10,211,83,0.3933649289099526,0.1927710843373494,0.2857142857142857,n_cross only; no outcome-based ranking
P2,1,87,1,197,12,0.06091370558375635,0.0,0.0,n_cross only; no outcome-based ranking
P2,5,87,5,197,32,0.16243654822335024,0.0625,0.045454545454545456,n_cross only; no outcome-based ranking
P2,10,87,10,197,56,0.28426395939086296,0.07142857142857142,0.09090909090909091,n_cross only; no outcome-based ranking
P3,1,90,1,201,12,0.05970149253731343,0.08333333333333333,0.014084507042253521,n_cross only; no outcome-based ranking
P3,5,90,5,201,35,0.17412935323383086,0.11428571428571428,0.056338028169014086,n_cross only; no outcome-based ranking
P3,10,90,10,201,60,0.29850746268656714,0.2,0.16901408450704225,n_cross only; no outcome-based ranking
