pair,nominal_surface,particle_surface,token_surface,n_cross,n_prompts,raw_rejection,particle_category,median_token_frequency,share_of_pair_cross,meets_support
P1,현상,을,상을,15,5,0.13333333333333333,CASE_OBJECT,572.0,0.07109004739336493,False
P1,때문,에, 때문에,11,6,0.18181818181818182,CASE_ADVERBIAL,995.0,0.052132701421800945,False
P1,원자,는,자는,10,1,0.4,AUXILIARY_PARTICLE,477.0,0.04739336492890995,False
P1,크기,를,기를,9,4,0.1111111111111111,CASE_OBJECT,897.0,0.04265402843601896,False
P1,원리,를,리를,7,4,0.42857142857142855,CASE_OBJECT,593.0,0.03317535545023697,False
P1,크기,가,기가,7,2,0.14285714285714285,CASE_SUBJECT,567.0,0.03317535545023697,False
P1,목적,으로,적으로,6,1,0.16666666666666666,CASE_ADVERBIAL,2718.0,0.02843601895734597,False
P1,에너지,를,지를,6,2,0.16666666666666666,CASE_OBJECT,536.0,0.02843601895734597,False
P1,정리,를,리를,6,1,0.16666666666666666,CASE_OBJECT,593.0,0.02843601895734597,False
P1,크기,는,기는,6,3,0.0,AUXILIARY_PARTICLE,511.0,0.02843601895734597,False
P1,합성,을,성을,6,1,0.3333333333333333,CASE_OBJECT,699.0,0.02843601895734597,False
P1,권리,를,리를,5,1,0.0,CASE_OBJECT,593.0,0.023696682464454975,False
P1,왕자,가,자가,5,2,0.4,CASE_SUBJECT,704.0,0.023696682464454975,False
P1,유권자,가,자가,5,1,0.2,CASE_SUBJECT,704.0,0.023696682464454975,False
P1,유전자,는,자는,5,1,0.0,AUXILIARY_PARTICLE,477.0,0.023696682464454975,False
P1,중간자,의,자의,5,1,0.0,CASE_GENITIVE,611.0,0.023696682464454975,False
P1,광자,는,자는,4,2,0.0,AUXILIARY_PARTICLE,477.0,0.018957345971563982,False
P1,기울기,를,기를,4,1,0.25,CASE_OBJECT,897.0,0.018957345971563982,False
P1,노동자,의,자의,4,1,0.0,CASE_GENITIVE,611.0,0.018957345971563982,False
P1,요리,는,리는,4,1,0.25,AUXILIARY_PARTICLE,643.0,0.018957345971563982,False
P1,입장,을,장을,4,1,0.0,CASE_OBJECT,557.0,0.018957345971563982,False
P1,것,으로, 것으로,3,3,1.0,CASE_ADVERBIAL,718.0,0.014218009478672985,False
P1,떡볶이,는,이는,3,1,0.0,AUXILIARY_PARTICLE,521.0,0.014218009478672985,False
P1,역사,는,사는,3,1,0.0,AUXILIARY_PARTICLE,243.0,0.014218009478672985,False
P1,입자,의,자의,3,1,0.0,CASE_GENITIVE,611.0,0.014218009478672985,False
P1,특성,을,성을,3,2,0.3333333333333333,CASE_OBJECT,699.0,0.014218009478672985,False
P1,힘,이,힘이,3,1,1.0,CASE_SUBJECT,713.0,0.014218009478672985,False
P1,국회,의,회의,2,1,0.0,CASE_GENITIVE,815.0,0.009478672985781991,False
P1,물리학상,을,상을,2,2,0.0,CASE_OBJECT,572.0,0.009478672985781991,False
P1,반대,로,대로,2,2,0.0,CASE_ADVERBIAL,588.0,0.009478672985781991,False
P1,복사,를,사를,2,1,0.0,CASE_OBJECT,584.0,0.009478672985781991,False
P1,비행기,가,기가,2,1,0.5,CASE_SUBJECT,567.0,0.009478672985781991,False
P1,아버지,는,지는,2,2,0.0,AUXILIARY_PARTICLE,661.0,0.009478672985781991,False
P1,위기,가,기가,2,1,0.5,CASE_SUBJECT,567.0,0.009478672985781991,False
P1,유전자,의,자의,2,1,0.5,CASE_GENITIVE,611.0,0.009478672985781991,False
P1,줄기,는,기는,2,1,1.0,AUXILIARY_PARTICLE,511.0,0.009478672985781991,False
P1,컵누들,을,들을,2,1,1.0,CASE_OBJECT,1262.0,0.009478672985781991,False
P1,항공기,가,기가,2,1,0.0,CASE_SUBJECT,567.0,0.009478672985781991,False
P1,간장,을,장을,1,1,0.0,CASE_OBJECT,557.0,0.004739336492890996,False
P1,경기,를,기를,1,1,1.0,CASE_OBJECT,897.0,0.004739336492890996,False
P1,고리,를,리를,1,1,0.0,CASE_OBJECT,593.0,0.004739336492890996,False
P1,공리,는,리는,1,1,1.0,AUXILIARY_PARTICLE,643.0,0.004739336492890996,False
P1,관리자,는,자는,1,1,0.0,AUXILIARY_PARTICLE,477.0,0.004739336492890996,False
P1,국기,를,기를,1,1,1.0,CASE_OBJECT,897.0,0.004739336492890996,False
P1,기,에,기에,1,1,0.0,CASE_ADVERBIAL,847.0,0.004739336492890996,False
P1,길이,는,이는,1,1,1.0,AUXILIARY_PARTICLE,521.0,0.004739336492890996,False
P1,능력,을,력을,1,1,1.0,CASE_OBJECT,526.0,0.004739336492890996,False
P1,단말기,는,기는,1,1,1.0,AUXILIARY_PARTICLE,511.0,0.004739336492890996,False
P1,문자,는,자는,1,1,0.0,AUXILIARY_PARTICLE,477.0,0.004739336492890996,False
P1,사용자,가,자가,1,1,0.0,CASE_SUBJECT,704.0,0.004739336492890996,False
P1,색상,을,상을,1,1,1.0,CASE_OBJECT,572.0,0.004739336492890996,False
P1,수상자,는,자는,1,1,1.0,AUXILIARY_PARTICLE,477.0,0.004739336492890996,False
P1,시기,는,기는,1,1,1.0,AUXILIARY_PARTICLE,511.0,0.004739336492890996,False
P1,실험,이,험이,1,1,0.0,CASE_SUBJECT,713.0,0.004739336492890996,False
P1,양상,을,상을,1,1,0.0,CASE_OBJECT,572.0,0.004739336492890996,False
P1,에너지,는,지는,1,1,0.0,AUXILIARY_PARTICLE,661.0,0.004739336492890996,False
P1,역사,를,사를,1,1,0.0,CASE_OBJECT,584.0,0.004739336492890996,False
P1,영향력,을,력을,1,1,0.0,CASE_OBJECT,526.0,0.004739336492890996,False
P1,요리,를,리를,1,1,0.0,CASE_OBJECT,593.0,0.004739336492890996,False
P1,운영자,가,자가,1,1,1.0,CASE_SUBJECT,704.0,0.004739336492890996,False
P1,으,로,으로,1,1,1.0,CASE_ADVERBIAL,11952.0,0.004739336492890996,False
P1,인기,를,기를,1,1,0.0,CASE_OBJECT,897.0,0.004739336492890996,False
P1,입자,는,자는,1,1,1.0,AUXILIARY_PARTICLE,477.0,0.004739336492890996,False
P1,적,으로,적으로,1,1,1.0,CASE_ADVERBIAL,2718.0,0.004739336492890996,False
P1,전자,는,자는,1,1,0.0,AUXILIARY_PARTICLE,477.0,0.004739336492890996,False
P1,전자,의,자의,1,1,1.0,CASE_GENITIVE,611.0,0.004739336492890996,False
P1,전자기장,을,장을,1,1,0.0,CASE_OBJECT,557.0,0.004739336492890996,False
P1,주,의,주의,1,1,1.0,CASE_GENITIVE,2450.0,0.004739336492890996,False
P1,줄기,가,기가,1,1,1.0,CASE_SUBJECT,567.0,0.004739336492890996,False
P1,지지,를,지를,1,1,1.0,CASE_OBJECT,536.0,0.004739336492890996,False
P1,태극기,는,기는,1,1,1.0,AUXILIARY_PARTICLE,511.0,0.004739336492890996,False
P1,특성,이,성이,1,1,0.0,CASE_SUBJECT,421.0,0.004739336492890996,False
P1,프랑스인,이,인이,1,1,1.0,CASE_SUBJECT,430.0,0.004739336492890996,False
P1,형성,을,성을,1,1,0.0,CASE_OBJECT,699.0,0.004739336492890996,False
P1,훈민정음,을,음을,1,1,0.0,CASE_OBJECT,264.0,0.004739336492890996,False
P2,입자,의,자의,12,1,0.0,CASE_GENITIVE,611.0,0.06091370558375635,False
P2,광자,는,자는,5,1,0.0,AUXILIARY_PARTICLE,477.0,0.025380710659898477,False
P2,물리학상,을,상을,5,2,0.0,CASE_OBJECT,572.0,0.025380710659898477,False
P2,사용자,가,자가,5,2,0.0,CASE_SUBJECT,704.0,0.025380710659898477,False
P2,유전자,의,자의,5,1,0.4,CASE_GENITIVE,611.0,0.025380710659898477,False
P2,인기,를,기를,5,3,0.0,CASE_OBJECT,897.0,0.025380710659898477,False
P2,정리,를,리를,5,2,0.2,CASE_OBJECT,593.0,0.025380710659898477,False
P2,컵누들,이,들이,5,1,0.0,CASE_SUBJECT,1896.0,0.025380710659898477,False
P2,크기,는,기는,5,4,0.0,AUXILIARY_PARTICLE,511.0,0.025380710659898477,False
P2,병력,을,력을,4,1,0.25,CASE_OBJECT,526.0,0.02030456852791878,False
P2,에너지,는,지는,4,2,0.0,AUXILIARY_PARTICLE,661.0,0.02030456852791878,False
P2,유전자,는,자는,4,1,0.0,AUXILIARY_PARTICLE,477.0,0.02030456852791878,False
P2,편집자,가,자가,4,1,0.25,CASE_SUBJECT,704.0,0.02030456852791878,False
P2,한자,는,자는,4,1,0.25,AUXILIARY_PARTICLE,477.0,0.02030456852791878,False
P2,합성,을,성을,4,1,0.25,CASE_OBJECT,699.0,0.02030456852791878,False
P2,것,으로, 것으로,3,2,0.0,CASE_ADVERBIAL,718.0,0.015228426395939087,False
P2,공리,는,리는,3,1,0.0,AUXILIARY_PARTICLE,643.0,0.015228426395939087,False
P2,능력,을,력을,3,3,0.3333333333333333,CASE_OBJECT,526.0,0.015228426395939087,False
P2,사망자,가,자가,3,2,0.0,CASE_SUBJECT,704.0,0.015228426395939087,False
P2,사상,을,상을,3,1,1.0,CASE_OBJECT,572.0,0.015228426395939087,False
P2,사상자,를,자를,3,2,0.3333333333333333,CASE_OBJECT,434.0,0.015228426395939087,False
P2,소정리,는,리는,3,1,0.3333333333333333,AUXILIARY_PARTICLE,643.0,0.015228426395939087,False
P2,스칼라,는,라는,3,1,1.0,AUXILIARY_PARTICLE,1087.0,0.015228426395939087,False
P2,시기,는,기는,3,2,0.3333333333333333,AUXILIARY_PARTICLE,511.0,0.015228426395939087,False
P2,아버지,는,지는,3,3,0.0,AUXILIARY_PARTICLE,661.0,0.015228426395939087,False
P2,원리,는,리는,3,2,0.6666666666666666,AUXILIARY_PARTICLE,643.0,0.015228426395939087,False
P2,원리,를,리를,3,2,0.6666666666666666,CASE_OBJECT,593.0,0.015228426395939087,False
P2,전자,가,자가,3,1,0.3333333333333333,CASE_SUBJECT,704.0,0.015228426395939087,False
P2,특성,을,성을,3,1,0.0,CASE_OBJECT,699.0,0.015228426395939087,False
P2,계수,가,수가,2,1,0.0,CASE_SUBJECT,503.0,0.01015228426395939,False
P2,국회,의,회의,2,2,0.0,CASE_GENITIVE,815.0,0.01015228426395939,False
P2,군사력,을,력을,2,1,0.5,CASE_OBJECT,526.0,0.01015228426395939,False
P2,김성수,가,수가,2,1,0.5,CASE_SUBJECT,503.0,0.01015228426395939,False
P2,단말기,는,기는,2,1,0.0,AUXILIARY_PARTICLE,511.0,0.01015228426395939,False
P2,때문,에, 때문에,2,2,0.0,CASE_ADVERBIAL,995.0,0.01015228426395939,False
P2,떡볶이,는,이는,2,1,0.5,AUXILIARY_PARTICLE,521.0,0.01015228426395939,False
P2,물고기,는,기는,2,1,0.0,AUXILIARY_PARTICLE,511.0,0.01015228426395939,False
P2,사물,을,물을,2,1,0.0,CASE_OBJECT,224.0,0.01015228426395939,False
P2,수상자,가,자가,2,1,0.0,CASE_SUBJECT,704.0,0.01015228426395939,False
P2,에너지,를,지를,2,1,0.0,CASE_OBJECT,536.0,0.01015228426395939,False
P2,역사,를,사를,2,1,0.0,CASE_OBJECT,584.0,0.01015228426395939,False
P2,연구자,는,자는,2,1,0.5,AUXILIARY_PARTICLE,477.0,0.01015228426395939,False
P2,우승자,는,자는,2,1,0.0,AUXILIARY_PARTICLE,477.0,0.01015228426395939,False
P2,인기,가,기가,2,1,0.0,CASE_SUBJECT,567.0,0.01015228426395939,False
P2,임명장,을,장을,2,1,0.0,CASE_OBJECT,557.0,0.01015228426395939,False
P2,입자,는,자는,2,2,0.0,AUXILIARY_PARTICLE,477.0,0.01015228426395939,False
P2,초점,을,점을,2,1,0.0,CASE_OBJECT,234.0,0.01015228426395939,False
P2,카메라,는,라는,2,1,1.0,AUXILIARY_PARTICLE,1087.0,0.01015228426395939,False
P2,크기,가,기가,2,1,0.5,CASE_SUBJECT,567.0,0.01015228426395939,False
P2,크기,를,기를,2,1,0.5,CASE_OBJECT,897.0,0.01015228426395939,False
P2,개수,가,수가,1,1,0.0,CASE_SUBJECT,503.0,0.005076142131979695,False
P2,건물,을,물을,1,1,1.0,CASE_OBJECT,224.0,0.005076142131979695,False
P2,경쟁력,을,력을,1,1,0.0,CASE_OBJECT,526.0,0.005076142131979695,False
P2,과학자,가,자가,1,1,0.0,CASE_SUBJECT,704.0,0.005076142131979695,False
P2,관리자,의,자의,1,1,1.0,CASE_GENITIVE,611.0,0.005076142131979695,False
P2,광자,의,자의,1,1,0.0,CASE_GENITIVE,611.0,0.005076142131979695,False
P2,권력,을,력을,1,1,1.0,CASE_OBJECT,526.0,0.005076142131979695,False
P2,권리,를,리를,1,1,0.0,CASE_OBJECT,593.0,0.005076142131979695,False
P2,기,에,기에,1,1,0.0,CASE_ADVERBIAL,847.0,0.005076142131979695,False
P2,기지,를,지를,1,1,0.0,CASE_OBJECT,536.0,0.005076142131979695,False
P2,매력,을,력을,1,1,1.0,CASE_OBJECT,526.0,0.005076142131979695,False
P2,메시지,를,지를,1,1,0.0,CASE_OBJECT,536.0,0.005076142131979695,False
P2,명장,을,장을,1,1,1.0,CASE_OBJECT,557.0,0.005076142131979695,False
P2,목적,으로,적으로,1,1,0.0,CASE_ADVERBIAL,2718.0,0.005076142131979695,False
P2,배우자,는,자는,1,1,1.0,AUXILIARY_PARTICLE,477.0,0.005076142131979695,False
P2,분자,의,자의,1,1,0.0,CASE_GENITIVE,611.0,0.005076142131979695,False
P2,사망자,를,자를,1,1,0.0,CASE_OBJECT,434.0,0.005076142131979695,False
P2,사회상,을,상을,1,1,1.0,CASE_OBJECT,572.0,0.005076142131979695,False
P2,상,을,상을,1,1,1.0,CASE_OBJECT,572.0,0.005076142131979695,False
P2,상대,로,대로,1,1,0.0,CASE_ADVERBIAL,588.0,0.005076142131979695,False
P2,성자,의,자의,1,1,1.0,CASE_GENITIVE,611.0,0.005076142131979695,False
P2,세기,를,기를,1,1,0.0,CASE_OBJECT,897.0,0.005076142131979695,False
P2,시장,을,장을,1,1,0.0,CASE_OBJECT,557.0,0.005076142131979695,False
P2,식물,을,물을,1,1,0.0,CASE_OBJECT,224.0,0.005076142131979695,False
P2,실험,이,험이,1,1,0.0,CASE_SUBJECT,713.0,0.005076142131979695,False
P2,앙카라,는,라는,1,1,0.0,AUXILIARY_PARTICLE,1087.0,0.005076142131979695,False
P2,요리,를,리를,1,1,0.0,CASE_OBJECT,593.0,0.005076142131979695,False
P2,운영자,의,자의,1,1,1.0,CASE_GENITIVE,611.0,0.005076142131979695,False
P2,원자,의,자의,1,1,0.0,CASE_GENITIVE,611.0,0.005076142131979695,False
P2,중성자,의,자의,1,1,1.0,CASE_GENITIVE,611.0,0.005076142131979695,False
P2,태극기,를,기를,1,1,0.0,CASE_OBJECT,897.0,0.005076142131979695,False
P2,편지,를,지를,1,1,0.0,CASE_OBJECT,536.0,0.005076142131979695,False
P2,표기,를,기를,1,1,0.0,CASE_OBJECT,897.0,0.005076142131979695,False
P2,하와이,는,이는,1,1,1.0,AUXILIARY_PARTICLE,521.0,0.005076142131979695,False
P2,현상,을,상을,1,1,1.0,CASE_OBJECT,572.0,0.005076142131979695,False
P2,화학상,을,상을,1,1,1.0,CASE_OBJECT,572.0,0.005076142131979695,False
P2,힘,이,힘이,1,1,0.0,CASE_SUBJECT,713.0,0.005076142131979695,False
P3,입자,의,자의,12,1,0.08333333333333333,CASE_GENITIVE,611.0,0.05970149253731343,False
P3,참상,을,상을,7,1,0.14285714285714285,CASE_OBJECT,572.0,0.03482587064676617,False
P3,사망자,가,자가,6,3,0.3333333333333333,CASE_SUBJECT,704.0,0.029850746268656716,False
P3,광자,는,자는,5,1,0.0,AUXILIARY_PARTICLE,477.0,0.024875621890547265,False
P3,물리학상,을,상을,5,2,0.0,CASE_OBJECT,572.0,0.024875621890547265,False
P3,유전자,의,자의,5,1,0.6,CASE_GENITIVE,611.0,0.024875621890547265,False
P3,인기,를,기를,5,3,0.4,CASE_OBJECT,897.0,0.024875621890547265,False
P3,입자,는,자는,5,2,0.2,AUXILIARY_PARTICLE,477.0,0.024875621890547265,False
P3,컵누들,이,들이,5,1,0.4,CASE_SUBJECT,1896.0,0.024875621890547265,False
P3,크기,는,기는,5,4,0.0,AUXILIARY_PARTICLE,511.0,0.024875621890547265,False
P3,병력,을,력을,4,1,0.25,CASE_OBJECT,526.0,0.01990049751243781,False
P3,에너지,는,지는,4,2,0.25,AUXILIARY_PARTICLE,661.0,0.01990049751243781,False
P3,유전자,는,자는,4,1,0.0,AUXILIARY_PARTICLE,477.0,0.01990049751243781,False
P3,정리,를,리를,4,1,0.0,CASE_OBJECT,593.0,0.01990049751243781,False
P3,편집자,가,자가,4,1,0.5,CASE_SUBJECT,704.0,0.01990049751243781,False
P3,한자,는,자는,4,1,0.75,AUXILIARY_PARTICLE,477.0,0.01990049751243781,False
P3,것,으로, 것으로,3,2,0.6666666666666666,CASE_ADVERBIAL,718.0,0.014925373134328358,False
P3,공리,는,리는,3,1,1.0,AUXILIARY_PARTICLE,643.0,0.014925373134328358,False
P3,능력,을,력을,3,3,0.0,CASE_OBJECT,526.0,0.014925373134328358,False
P3,사상,을,상을,3,1,0.6666666666666666,CASE_OBJECT,572.0,0.014925373134328358,False
P3,사상자,를,자를,3,2,0.6666666666666666,CASE_OBJECT,434.0,0.014925373134328358,False
P3,스칼라,는,라는,3,1,1.0,AUXILIARY_PARTICLE,1087.0,0.014925373134328358,False
P3,시기,는,기는,3,2,1.0,AUXILIARY_PARTICLE,511.0,0.014925373134328358,False
P3,아버지,는,지는,3,3,0.0,AUXILIARY_PARTICLE,661.0,0.014925373134328358,False
P3,원리,를,리를,3,2,0.6666666666666666,CASE_OBJECT,593.0,0.014925373134328358,False
P3,전자,가,자가,3,1,0.3333333333333333,CASE_SUBJECT,704.0,0.014925373134328358,False
P3,특성,을,성을,3,1,0.0,CASE_OBJECT,699.0,0.014925373134328358,False
P3,계수,가,수가,2,1,0.0,CASE_SUBJECT,503.0,0.009950248756218905,False
P3,국회,의,회의,2,2,0.0,CASE_GENITIVE,815.0,0.009950248756218905,False
P3,군사력,을,력을,2,1,0.5,CASE_OBJECT,526.0,0.009950248756218905,False
P3,김성수,가,수가,2,1,0.5,CASE_SUBJECT,503.0,0.009950248756218905,False
P3,단말기,는,기는,2,1,0.5,AUXILIARY_PARTICLE,511.0,0.009950248756218905,False
P3,떡볶이,는,이는,2,1,0.5,AUXILIARY_PARTICLE,521.0,0.009950248756218905,False
P3,물고기,는,기는,2,1,1.0,AUXILIARY_PARTICLE,511.0,0.009950248756218905,False
P3,사물,을,물을,2,1,0.0,CASE_OBJECT,224.0,0.009950248756218905,False
P3,사용자,가,자가,2,2,0.5,CASE_SUBJECT,704.0,0.009950248756218905,False
P3,소정리,는,리는,2,1,0.5,AUXILIARY_PARTICLE,643.0,0.009950248756218905,False
P3,수상자,가,자가,2,1,1.0,CASE_SUBJECT,704.0,0.009950248756218905,False
P3,에너지,를,지를,2,1,0.0,CASE_OBJECT,536.0,0.009950248756218905,False
P3,역사,를,사를,2,1,0.0,CASE_OBJECT,584.0,0.009950248756218905,False
P3,연구자,는,자는,2,1,0.5,AUXILIARY_PARTICLE,477.0,0.009950248756218905,False
P3,우승자,는,자는,2,1,0.0,AUXILIARY_PARTICLE,477.0,0.009950248756218905,False
P3,인기,가,기가,2,1,1.0,CASE_SUBJECT,567.0,0.009950248756218905,False
P3,임명장,을,장을,2,1,0.0,CASE_OBJECT,557.0,0.009950248756218905,False
P3,초점,을,점을,2,1,0.0,CASE_OBJECT,234.0,0.009950248756218905,False
P3,카메라,는,라는,2,1,1.0,AUXILIARY_PARTICLE,1087.0,0.009950248756218905,False
P3,크기,가,기가,2,1,0.5,CASE_SUBJECT,567.0,0.009950248756218905,False
P3,크기,를,기를,2,1,0.5,CASE_OBJECT,897.0,0.009950248756218905,False
P3,개수,가,수가,1,1,1.0,CASE_SUBJECT,503.0,0.004975124378109453,False
P3,거리,는,리는,1,1,0.0,AUXILIARY_PARTICLE,643.0,0.004975124378109453,False
P3,건물,을,물을,1,1,1.0,CASE_OBJECT,224.0,0.004975124378109453,False
P3,경쟁력,을,력을,1,1,0.0,CASE_OBJECT,526.0,0.004975124378109453,False
P3,과학자,가,자가,1,1,1.0,CASE_SUBJECT,704.0,0.004975124378109453,False
P3,관리자,의,자의,1,1,0.0,CASE_GENITIVE,611.0,0.004975124378109453,False
P3,광자,의,자의,1,1,0.0,CASE_GENITIVE,611.0,0.004975124378109453,False
P3,권력,을,력을,1,1,1.0,CASE_OBJECT,526.0,0.004975124378109453,False
P3,권리,를,리를,1,1,0.0,CASE_OBJECT,593.0,0.004975124378109453,False
P3,기,에,기에,1,1,0.0,CASE_ADVERBIAL,847.0,0.004975124378109453,False
P3,기지,를,지를,1,1,0.0,CASE_OBJECT,536.0,0.004975124378109453,False
P3,농작물,을,물을,1,1,1.0,CASE_OBJECT,224.0,0.004975124378109453,False
P3,때문,에, 때문에,1,1,0.0,CASE_ADVERBIAL,995.0,0.004975124378109453,False
P3,매력,을,력을,1,1,1.0,CASE_OBJECT,526.0,0.004975124378109453,False
P3,메시지,를,지를,1,1,0.0,CASE_OBJECT,536.0,0.004975124378109453,False
P3,명장,을,장을,1,1,1.0,CASE_OBJECT,557.0,0.004975124378109453,False
P3,목적,으로,적으로,1,1,0.0,CASE_ADVERBIAL,2718.0,0.004975124378109453,False
P3,배우자,는,자는,1,1,1.0,AUXILIARY_PARTICLE,477.0,0.004975124378109453,False
P3,분자,의,자의,1,1,0.0,CASE_GENITIVE,611.0,0.004975124378109453,False
P3,사회상,을,상을,1,1,1.0,CASE_OBJECT,572.0,0.004975124378109453,False
P3,상,을,상을,1,1,1.0,CASE_OBJECT,572.0,0.004975124378109453,False
P3,상대,로,대로,1,1,0.0,CASE_ADVERBIAL,588.0,0.004975124378109453,False
P3,성자,의,자의,1,1,0.0,CASE_GENITIVE,611.0,0.004975124378109453,False
P3,세기,를,기를,1,1,0.0,CASE_OBJECT,897.0,0.004975124378109453,False
P3,시장,을,장을,1,1,0.0,CASE_OBJECT,557.0,0.004975124378109453,False
P3,식물,을,물을,1,1,1.0,CASE_OBJECT,224.0,0.004975124378109453,False
P3,실험,이,험이,1,1,0.0,CASE_SUBJECT,713.0,0.004975124378109453,False
P3,아키라,는,라는,1,1,1.0,AUXILIARY_PARTICLE,1087.0,0.004975124378109453,False
P3,앙카라,는,라는,1,1,1.0,AUXILIARY_PARTICLE,1087.0,0.004975124378109453,False
P3,양성자,는,자는,1,1,0.0,AUXILIARY_PARTICLE,477.0,0.004975124378109453,False
P3,요리,를,리를,1,1,0.0,CASE_OBJECT,593.0,0.004975124378109453,False
P3,운영자,의,자의,1,1,1.0,CASE_GENITIVE,611.0,0.004975124378109453,False
P3,원리,는,리는,1,1,0.0,AUXILIARY_PARTICLE,643.0,0.004975124378109453,False
P3,원자,의,자의,1,1,0.0,CASE_GENITIVE,611.0,0.004975124378109453,False
P3,중성자,의,자의,1,1,1.0,CASE_GENITIVE,611.0,0.004975124378109453,False
P3,태극기,를,기를,1,1,0.0,CASE_OBJECT,897.0,0.004975124378109453,False
P3,편지,를,지를,1,1,0.0,CASE_OBJECT,536.0,0.004975124378109453,False
P3,표기,를,기를,1,1,0.0,CASE_OBJECT,897.0,0.004975124378109453,False
P3,하와이,는,이는,1,1,1.0,AUXILIARY_PARTICLE,521.0,0.004975124378109453,False
P3,현상,을,상을,1,1,0.0,CASE_OBJECT,572.0,0.004975124378109453,False
P3,화학상,을,상을,1,1,0.0,CASE_OBJECT,572.0,0.004975124378109453,False
P3,힘,이,힘이,1,1,1.0,CASE_SUBJECT,713.0,0.004975124378109453,False
