workload,pair,model,n_rows,n_prompts,rejection_rate,n_cross,n_split,converged,rank,n_columns,fit_error,formula,log_likelihood,aic,mcfadden_pseudo_r2,misalignment_beta,misalignment_ci_low,misalignment_ci_high,misalignment_p,direction_log_odds,direction_p,adjusted_p_cross,adjusted_p_split,direction_ame_pp,direction_ame_ci_low_pp,direction_ame_ci_high_pp,direction_ame_p,misalignment_p_holm,direction_ame_p_holm
WIKIPEDIA,P1,M0_CONTROLS,62383,996,0.11855794046454964,2684,59699,True,24,24,,"sd_rejected ~ C(fragmentation_bin, Treatment(reference='2')) + C(morph_environment, Treatment(reference='LEXICAL_TO_LEXICAL')) + relative_position + first_token + last_token + proposal_slot + generation_position + token_char_length + eojeol_char_length + draft_entropy + target_entropy + bs(log_token_count, df=4, degree=3, include_intercept=False)",-14122.626009559042,28293.252019118085,0.37813255695743553,,,,,,,,,,,,,,
WIKIPEDIA,P1,M1_CONTROLS_PLUS_AGGREGATE,62383,996,0.11855794046454964,2684,59699,True,25,25,,"sd_rejected ~ C(fragmentation_bin, Treatment(reference='2')) + C(morph_environment, Treatment(reference='LEXICAL_TO_LEXICAL')) + relative_position + first_token + last_token + proposal_slot + generation_position + token_char_length + eojeol_char_length + draft_entropy + target_entropy + bs(log_token_count, df=4, degree=3, include_intercept=False) + misalignment",-14122.596884252052,28295.193768504105,0.3781338394441468,0.01728700921226831,-0.1641527771684567,0.1987267955929933,0.8518651415671303,,,,,,,,,1.0,
WIKIPEDIA,P1,M2_CONTROLS_PLUS_DIRECTION,62383,996,0.11855794046454964,2684,59699,True,25,25,,"sd_rejected ~ C(fragmentation_bin, Treatment(reference='2')) + C(morph_environment, Treatment(reference='LEXICAL_TO_LEXICAL')) + relative_position + first_token + last_token + proposal_slot + generation_position + token_char_length + eojeol_char_length + draft_entropy + target_entropy + bs(log_token_count, df=4, degree=3, include_intercept=False) + C(morph_class, Treatment(reference='WITHIN_SPLIT'))",-14111.86776258318,28273.73552516636,0.3786062793043965,,,,,0.5202914273820295,0.00019319969142007044,0.15378932002246662,0.11615998154570908,3.7629338476757535,1.606749148985464,5.919118546366043,0.0006250772848391862,,
WIKIPEDIA,P1,M3_CONTROLS_PLUS_BOTH,62383,996,0.11855794046454964,2684,59699,True,26,26,,"sd_rejected ~ C(fragmentation_bin, Treatment(reference='2')) + C(morph_environment, Treatment(reference='LEXICAL_TO_LEXICAL')) + relative_position + first_token + last_token + proposal_slot + generation_position + token_char_length + eojeol_char_length + draft_entropy + target_entropy + bs(log_token_count, df=4, degree=3, include_intercept=False) + misalignment + C(morph_class, Treatment(reference='WITHIN_SPLIT'))",-14111.159086171232,28274.318172342464,0.3786374847464966,0.08706928755805264,-0.09429161748549338,0.26843019260159867,0.34672730615790226,0.5471511596914134,0.00010165000468333542,0.15579226110694347,0.11604762670429493,3.974463440264854,1.7806151006326063,6.168311779897102,0.00038413630598022427,,0.0007682726119604485
WIKIPEDIA,P2,M0_CONTROLS,63087,997,0.127363799197933,2834,60253,True,24,24,,"sd_rejected ~ C(fragmentation_bin, Treatment(reference='2')) + C(morph_environment, Treatment(reference='LEXICAL_TO_LEXICAL')) + relative_position + first_token + last_token + proposal_slot + generation_position + token_char_length + eojeol_char_length + draft_entropy + target_entropy + bs(log_token_count, df=4, degree=3, include_intercept=False)",-15536.273298823146,31120.54659764629,0.35421270840558794,,,,,,,,,,,,,,
WIKIPEDIA,P2,M1_CONTROLS_PLUS_AGGREGATE,63087,997,0.127363799197933,2834,60253,True,25,25,,"sd_rejected ~ C(fragmentation_bin, Treatment(reference='2')) + C(morph_environment, Treatment(reference='LEXICAL_TO_LEXICAL')) + relative_position + first_token + last_token + proposal_slot + generation_position + token_char_length + eojeol_char_length + draft_entropy + target_entropy + bs(log_token_count, df=4, degree=3, include_intercept=False) + misalignment",-15535.483211013276,31120.96642202655,0.3542455495288769,-0.08478897099087154,-0.24909935343421444,0.07952141145247135,0.3118255784088041,,,,,,,,,0.9354767352264123,
WIKIPEDIA,P2,M2_CONTROLS_PLUS_DIRECTION,63087,997,0.127363799197933,2834,60253,True,25,25,,"sd_rejected ~ C(fragmentation_bin, Treatment(reference='2')) + C(morph_environment, Treatment(reference='LEXICAL_TO_LEXICAL')) + relative_position + first_token + last_token + proposal_slot + generation_position + token_char_length + eojeol_char_length + draft_entropy + target_entropy + bs(log_token_count, df=4, degree=3, include_intercept=False) + C(morph_class, Treatment(reference='WITHIN_SPLIT'))",-15529.157054257332,31108.314108514664,0.35450850522996724,,,,,0.37539776268069436,0.00289615442153628,0.154499441472381,0.12553845593328017,2.8960985539100843,0.8659969160372584,4.92620019178291,0.0051732722936039715,,
WIKIPEDIA,P2,M3_CONTROLS_PLUS_BOTH,63087,997,0.127363799197933,2834,60253,True,26,26,,"sd_rejected ~ C(fragmentation_bin, Treatment(reference='2')) + C(morph_environment, Treatment(reference='LEXICAL_TO_LEXICAL')) + relative_position + first_token + last_token + proposal_slot + generation_position + token_char_length + eojeol_char_length + draft_entropy + target_entropy + bs(log_token_count, df=4, degree=3, include_intercept=False) + misalignment + C(morph_class, Treatment(reference='WITHIN_SPLIT'))",-15529.05961868237,31110.11923736474,0.3545125552781898,-0.030512930075622478,-0.19931557017793544,0.1382897100266905,0.7231253050155518,0.3655773254129599,0.004678970941583848,0.153738910765971,0.12558304354906294,2.8155867216908046,0.7399046094287938,4.891268833952815,0.00784615613629561,,0.00784615613629561
FLORES,P1,M0_CONTROLS,22801,1012,0.30046927766326037,1861,20940,True,24,24,,"sd_rejected ~ C(fragmentation_bin, Treatment(reference='2')) + C(morph_environment, Treatment(reference='LEXICAL_TO_LEXICAL')) + relative_position + first_token + last_token + proposal_slot + generation_position + token_char_length + eojeol_char_length + draft_entropy + target_entropy + bs(log_token_count, df=4, degree=3, include_intercept=False)",-8892.763518862881,17833.527037725762,0.3619482853887085,,,,,,,,,,,,,,
FLORES,P1,M1_CONTROLS_PLUS_AGGREGATE,22801,1012,0.30046927766326037,1861,20940,True,25,25,,"sd_rejected ~ C(fragmentation_bin, Treatment(reference='2')) + C(morph_environment, Treatment(reference='LEXICAL_TO_LEXICAL')) + relative_position + first_token + last_token + proposal_slot + generation_position + token_char_length + eojeol_char_length + draft_entropy + target_entropy + bs(log_token_count, df=4, degree=3, include_intercept=False) + misalignment",-8892.661048271431,17835.322096542863,0.3619556376067713,-0.0349391389157474,-0.1930960939666056,0.12321781613511079,0.6650262884536631,,,,,,,,,1.0,
FLORES,P1,M2_CONTROLS_PLUS_DIRECTION,22801,1012,0.30046927766326037,1861,20940,True,25,25,,"sd_rejected ~ C(fragmentation_bin, Treatment(reference='2')) + C(morph_environment, Treatment(reference='LEXICAL_TO_LEXICAL')) + relative_position + first_token + last_token + proposal_slot + generation_position + token_char_length + eojeol_char_length + draft_entropy + target_entropy + bs(log_token_count, df=4, degree=3, include_intercept=False) + C(morph_class, Treatment(reference='WITHIN_SPLIT'))",-8884.288958715922,17818.577917431845,0.3625563312026867,,,,,0.4577162093101064,3.144112627888754e-05,0.35250860547968377,0.2944371042485933,5.807150123109045,2.970188742988206,8.644111503229885,6.021405044473461e-05,,
FLORES,P1,M3_CONTROLS_PLUS_BOTH,22801,1012,0.30046927766326037,1861,20940,True,26,26,,"sd_rejected ~ C(fragmentation_bin, Treatment(reference='2')) + C(morph_environment, Treatment(reference='LEXICAL_TO_LEXICAL')) + relative_position + first_token + last_token + proposal_slot + generation_position + token_char_length + eojeol_char_length + draft_entropy + target_entropy + bs(log_token_count, df=4, degree=3, include_intercept=False) + misalignment + C(morph_class, Treatment(reference='WITHIN_SPLIT'))",-8884.22283592022,17820.44567184044,0.3625610754830315,0.028699679525149836,-0.13431759220703832,0.191716951257338,0.7300511158245666,0.46559546033858495,3.6282261502440994e-05,0.3534446633700466,0.2943383291992693,5.910633417077732,2.99973451748553,8.821532316669934,6.898989872186985e-05,,0.00020696969616560952
FLORES,P2,M0_CONTROLS,20862,1012,0.20971143706260187,1848,19014,True,24,24,,"sd_rejected ~ C(fragmentation_bin, Treatment(reference='2')) + C(morph_environment, Treatment(reference='LEXICAL_TO_LEXICAL')) + relative_position + first_token + last_token + proposal_slot + generation_position + token_char_length + eojeol_char_length + draft_entropy + target_entropy + bs(log_token_count, df=4, degree=3, include_intercept=False)",-7024.650518795432,14097.301037590863,0.34435965240221134,,,,,,,,,,,,,,
FLORES,P2,M1_CONTROLS_PLUS_AGGREGATE,20862,1012,0.20971143706260187,1848,19014,True,25,25,,"sd_rejected ~ C(fragmentation_bin, Treatment(reference='2')) + C(morph_environment, Treatment(reference='LEXICAL_TO_LEXICAL')) + relative_position + first_token + last_token + proposal_slot + generation_position + token_char_length + eojeol_char_length + draft_entropy + target_entropy + bs(log_token_count, df=4, degree=3, include_intercept=False) + misalignment",-7022.524093898063,14095.048187796127,0.34455812063278324,-0.17214359273482469,-0.3541280291000558,0.00984084363040641,0.06374222844689167,,,,,,,,,0.2549689137875667,
FLORES,P2,M2_CONTROLS_PLUS_DIRECTION,20862,1012,0.20971143706260187,1848,19014,True,25,25,,"sd_rejected ~ C(fragmentation_bin, Treatment(reference='2')) + C(morph_environment, Treatment(reference='LEXICAL_TO_LEXICAL')) + relative_position + first_token + last_token + proposal_slot + generation_position + token_char_length + eojeol_char_length + draft_entropy + target_entropy + bs(log_token_count, df=4, degree=3, include_intercept=False) + C(morph_class, Treatment(reference='WITHIN_SPLIT'))",-6981.738154406572,14013.476308813144,0.3483648448924107,,,,,1.0693529220580842,1.3590480356648307e-15,0.3215644686721245,0.19621066744290835,12.535380122921616,9.03618679969345,16.034573446149782,2.1980993107856392e-12,,
FLORES,P2,M3_CONTROLS_PLUS_BOTH,20862,1012,0.20971143706260187,1848,19014,True,26,26,,"sd_rejected ~ C(fragmentation_bin, Treatment(reference='2')) + C(morph_environment, Treatment(reference='LEXICAL_TO_LEXICAL')) + relative_position + first_token + last_token + proposal_slot + generation_position + token_char_length + eojeol_char_length + draft_entropy + target_entropy + bs(log_token_count, df=4, degree=3, include_intercept=False) + misalignment + C(morph_class, Treatment(reference='WITHIN_SPLIT'))",-6981.660426333752,14015.320852667504,0.34837209958224125,-0.0337294714219384,-0.2201179855823613,0.15265904273848452,0.7228282463957914,1.0619584533074466,7.831444167721134e-15,0.32065066247763974,0.1962870140690665,12.436364840857323,8.868800714671801,16.003928967042842,8.35379303087646e-12,,3.341517212350584e-11
