pair,stage,backend,batch_size,prompts,generated_tokens,prompts_per_second,generated_tokens_per_second,wall_clock_seconds,peak_allocated_vram_gb,peak_reserved_vram_gb,correctness_parity,parity_definition
P1,target_reference,sdpa,1,32,4096,0.2951375957800718,37.77761225984919,108.42400445602834,11.86584758758545,11.890625,True,exact output token IDs and EOS/max-token stopping position vs singleton cached target
P1,target_reference,sdpa,4,32,4096,1.0638808188784201,136.17674481643778,30.078557139262557,12.127092838287354,12.150390625,False,exact output token IDs and EOS/max-token stopping position vs singleton cached target
P1,target_reference,sdpa,8,32,4096,2.129445027605022,272.5689635334428,15.027389571070671,12.438722133636475,12.541015625,False,exact output token IDs and EOS/max-token stopping position vs singleton cached target
P1,target_reference,sdpa,16,32,4016,4.479193135719932,562.1387385328513,7.144143829122186,13.061980724334717,13.185546875,False,exact output token IDs and EOS/max-token stopping position vs singleton cached target
P1,teacher_forced,sdpa,1,32,4096,16.522425547315862,2114.8704700564303,1.9367616400122643,11.982444286346436,13.185546875,True,exact draft/target argmax IDs and disagreement flags vs batch-size-1 full-sequence scores
P1,teacher_forced,sdpa,4,32,4096,57.522540315438064,7362.885160376072,0.5563036650419235,12.483378887176514,13.185546875,False,exact draft/target argmax IDs and disagreement flags vs batch-size-1 full-sequence scores
P1,teacher_forced,sdpa,8,32,4096,78.33317794550973,10026.646777025246,0.4085114486515522,13.151292324066162,13.244140625,False,exact draft/target argmax IDs and disagreement flags vs batch-size-1 full-sequence scores
P1,teacher_forced,sdpa,16,32,4096,82.48685840141891,10558.317875381621,0.3879405837506056,14.487120628356934,14.611328125,False,exact draft/target argmax IDs and disagreement flags vs batch-size-1 full-sequence scores
P2,target_revision_validation,sdpa,1,32,4051,0.2316886825264438,29.330339153581996,138.11637086048722,11.86987590789795,14.611328125,False,pinned current 4B targets vs saved P3 target IDs; non-parity is repaired per prompt by singleton fallback
P1,speculative_decode,sdpa,1,32,4096,0.11684332570833314,14.955945690666642,273.87101322226226,11.972594738006592,14.65234375,True,"exact target/spec output IDs, valid proposal decisions, and stopping position; invalidated proposals excluded from decisions"
P2,speculative_decode,sdpa,1,32,4051,0.09706927509036498,12.288363543470892,329.66147084347904,11.978768825531006,14.662109375,True,"exact target/spec output IDs, valid proposal decisions, and stopping position; invalidated proposals excluded from decisions"
