timestamp_utc,utilization_gpu_pct,memory_used_mib
2026-09-28T18:23:52.894594+00:00,42,12603
2026-09-28T18:24:05.732287+00:00,39,12695
2026-09-28T18:24:15.822029+00:00,37,12695
2026-09-28T18:24:25.912900+00:00,39,12695
2026-09-28T18:24:36.006552+00:00,37,12695
2026-09-28T18:24:47.621720+00:00,39,12695
2026-09-28T18:24:57.715692+00:00,39,12695
2026-09-28T18:25:07.805674+00:00,40,12695
2026-09-28T18:25:17.896050+00:00,37,12695
2026-09-28T18:25:29.416565+00:00,40,12695
2026-09-28T18:25:39.514295+00:00,38,12695
2026-09-28T18:25:49.602763+00:00,39,12961
2026-09-28T18:25:59.690948+00:00,35,12961
2026-09-28T18:26:12.316975+00:00,0,13121
2026-09-28T18:26:22.413387+00:00,39,13361
2026-09-28T18:26:32.501692+00:00,40,14021
2026-09-28T18:26:42.595677+00:00,40,15481
2026-09-28T18:26:54.466789+00:00,43,15481
2026-09-28T18:27:04.560326+00:00,41,15481
2026-09-28T18:27:14.652843+00:00,41,15481
2026-09-28T18:27:24.745595+00:00,40,15481
2026-09-28T18:27:36.229830+00:00,41,15481
2026-09-28T18:27:46.325144+00:00,41,15481
2026-09-28T18:27:56.417958+00:00,40,15481
2026-09-28T18:28:06.514663+00:00,41,15481
2026-09-28T18:28:18.043907+00:00,40,15481
2026-09-28T18:28:28.130479+00:00,40,15481
2026-09-28T18:28:38.225327+00:00,40,15481
2026-09-28T18:28:48.320102+00:00,40,15481
2026-09-28T18:29:00.429855+00:00,19,15493
2026-09-28T18:29:10.529240+00:00,38,15517
2026-09-28T18:29:20.620279+00:00,39,15521
2026-09-28T18:29:30.737290+00:00,38,15521
2026-09-28T18:29:42.023172+00:00,37,15521
2026-09-28T18:29:52.112072+00:00,37,15521
2026-09-28T18:30:02.204336+00:00,37,15521
2026-09-28T18:30:12.292969+00:00,31,15521
2026-09-28T18:30:24.225464+00:00,39,15521
2026-09-28T18:30:34.316390+00:00,38,15521
2026-09-28T18:30:44.413118+00:00,37,15521
2026-09-28T18:30:54.509707+00:00,37,15521
2026-09-28T18:31:06.019124+00:00,38,15521
2026-09-28T18:31:16.107944+00:00,36,15521
2026-09-28T18:31:26.200358+00:00,39,15521
2026-09-28T18:31:36.287757+00:00,37,15521
2026-09-28T18:31:47.739390+00:00,38,15521
2026-09-28T18:31:57.826478+00:00,37,15521
2026-09-28T18:32:07.917158+00:00,37,15523
2026-09-28T18:32:18.015832+00:00,37,15523
2026-09-28T18:32:29.508330+00:00,37,15523
2026-09-28T18:32:39.604741+00:00,37,15523
2026-09-28T18:32:49.698599+00:00,37,15523
2026-09-28T18:32:59.785685+00:00,38,15523
2026-09-28T18:33:11.303245+00:00,39,15523
2026-09-28T18:33:21.405769+00:00,37,15523
2026-09-28T18:33:31.497229+00:00,39,15523
2026-09-28T18:33:41.588741+00:00,38,15529
2026-09-28T18:33:53.321973+00:00,38,15529
2026-09-28T18:34:03.413675+00:00,39,15533
2026-09-28T18:34:13.513515+00:00,38,15533
2026-09-28T18:34:23.607461+00:00,38,15533
2026-09-28T18:34:35.364877+00:00,34,15533
2026-09-28T18:34:45.452615+00:00,38,15533
2026-09-28T18:34:55.543620+00:00,40,15533
2026-09-28T18:35:05.642051+00:00,38,15533
2026-09-28T18:35:17.260572+00:00,37,15533
2026-09-28T18:35:27.351182+00:00,37,15533
2026-09-28T18:35:37.443825+00:00,39,15533
2026-09-28T18:35:47.533275+00:00,36,15533
2026-09-28T18:35:59.355733+00:00,38,15533
2026-09-28T18:36:09.449805+00:00,40,15533
2026-09-28T18:36:19.541647+00:00,40,15533
2026-09-28T18:36:29.629919+00:00,38,15533
2026-09-28T18:36:41.375699+00:00,40,15533
2026-09-28T18:36:51.465166+00:00,39,15533
2026-09-28T18:37:01.556588+00:00,38,15533
2026-09-28T18:37:11.648957+00:00,40,15533
2026-09-28T18:37:22.983241+00:00,41,15533
2026-09-28T18:37:33.080113+00:00,38,15533
2026-09-28T18:37:43.167621+00:00,38,15533
2026-09-28T18:37:53.260452+00:00,39,15533
2026-09-28T18:38:04.607194+00:00,39,15533
2026-09-28T18:38:14.697373+00:00,40,15533
2026-09-28T18:38:24.789711+00:00,38,15533
2026-09-28T18:38:34.888367+00:00,40,15533
2026-09-28T18:38:46.398324+00:00,40,15533
2026-09-28T18:38:56.497116+00:00,38,15533
2026-09-28T18:39:06.591623+00:00,39,15533
2026-09-28T18:39:16.682804+00:00,37,15533
2026-09-28T18:39:28.147652+00:00,40,15533
2026-09-28T18:39:38.242921+00:00,40,15533
2026-09-28T18:39:48.334757+00:00,39,15533
2026-09-28T18:39:58.426522+00:00,34,15533
2026-09-28T18:40:10.503765+00:00,40,15533
2026-09-28T18:40:20.605242+00:00,40,15533
2026-09-28T18:40:30.711948+00:00,39,15533
2026-09-28T18:40:40.805707+00:00,38,15533
2026-09-28T18:40:52.243936+00:00,36,15533
2026-09-28T18:41:02.334616+00:00,38,15533
2026-09-28T18:41:12.424987+00:00,38,15533
2026-09-28T18:41:22.512731+00:00,37,15533
2026-09-28T18:41:34.006226+00:00,37,15533
2026-09-28T18:41:44.095534+00:00,37,15533
2026-09-28T18:41:54.188954+00:00,37,15533
2026-09-28T18:42:04.278002+00:00,31,15533
2026-09-28T18:42:16.215987+00:00,37,15533
2026-09-28T18:42:26.305771+00:00,38,15533
2026-09-28T18:42:36.391933+00:00,36,15533
2026-09-28T18:42:46.485912+00:00,35,15533
2026-09-28T18:42:57.832761+00:00,36,15533
2026-09-28T18:43:07.925791+00:00,37,15533
2026-09-28T18:43:18.012023+00:00,36,15533
2026-09-28T18:43:28.102146+00:00,36,15533
2026-09-28T18:43:39.646295+00:00,38,15533
2026-09-28T18:43:49.737847+00:00,37,15533
2026-09-28T18:43:59.828184+00:00,36,15533
2026-09-28T18:44:09.920056+00:00,36,15533
2026-09-28T18:44:21.818888+00:00,39,15533
2026-09-28T18:44:31.908792+00:00,37,15533
2026-09-28T18:44:42.006270+00:00,37,15533
2026-09-28T18:44:52.096353+00:00,37,15533
2026-09-28T18:45:03.640758+00:00,38,15533
2026-09-28T18:45:13.734544+00:00,40,15533
2026-09-28T18:45:23.826740+00:00,39,15533
2026-09-28T18:45:33.923240+00:00,33,15533
2026-09-28T18:45:46.253393+00:00,37,15533
2026-09-28T18:45:56.347420+00:00,36,15533
2026-09-28T18:46:06.438394+00:00,39,15533
2026-09-28T18:46:16.524935+00:00,37,15533
2026-09-28T18:46:28.151464+00:00,39,15533
2026-09-28T18:46:38.240852+00:00,40,15533
2026-09-28T18:46:48.330766+00:00,39,15533
2026-09-28T18:46:58.425947+00:00,37,15533
2026-09-28T18:47:09.809677+00:00,33,15533
2026-09-28T18:47:19.900931+00:00,41,15533
2026-09-28T18:47:29.993614+00:00,37,15533
2026-09-28T18:47:40.083007+00:00,38,15533
2026-09-28T18:47:50.597536+00:00,38,15533
2026-09-28T18:48:00.710023+00:00,38,15533
2026-09-28T18:48:10.806128+00:00,38,15533
2026-09-28T18:48:21.179622+00:00,38,15533
2026-09-28T18:49:07.647906+00:00,29,12527
2026-09-28T18:49:17.787059+00:00,40,12695
2026-09-28T18:49:27.875384+00:00,37,12695
2026-09-28T18:49:37.974349+00:00,38,12695
2026-09-28T18:49:48.081569+00:00,36,12695
2026-09-28T18:49:59.657575+00:00,36,12695
2026-09-28T18:50:09.751725+00:00,36,12695
2026-09-28T18:50:19.841386+00:00,37,12695
2026-09-28T18:50:29.931897+00:00,38,12695
2026-09-28T18:50:41.852880+00:00,38,12695
2026-09-28T18:50:51.943062+00:00,40,12695
2026-09-28T18:51:02.040385+00:00,30,12695
2026-09-28T18:51:12.133107+00:00,28,12783
2026-09-28T18:51:23.842988+00:00,28,12799
2026-09-28T18:51:33.933127+00:00,35,12799
2026-09-28T18:51:44.031707+00:00,35,12799
2026-09-28T18:51:54.143324+00:00,30,12799
2026-09-28T18:52:06.186912+00:00,38,12801
2026-09-28T18:52:16.281327+00:00,36,12801
2026-09-28T18:52:26.367026+00:00,36,12801
2026-09-28T18:52:36.460103+00:00,36,12801
2026-09-28T18:52:47.994408+00:00,37,12801
2026-09-28T18:52:58.086577+00:00,38,12801
2026-09-28T18:53:08.176877+00:00,38,12801
2026-09-28T18:53:18.263475+00:00,39,12801
2026-09-28T18:53:29.827543+00:00,37,12801
2026-09-28T18:53:39.919346+00:00,36,12801
2026-09-28T18:53:50.010585+00:00,38,12801
2026-09-28T18:54:00.110632+00:00,38,12801
2026-09-28T18:54:11.579295+00:00,36,12801
2026-09-28T18:54:21.677805+00:00,36,12803
2026-09-28T18:54:31.768251+00:00,37,12803
2026-09-28T18:54:41.856701+00:00,36,12803
2026-09-28T18:54:53.335146+00:00,38,12803
2026-09-28T18:55:03.428502+00:00,37,12803
2026-09-28T18:55:13.517058+00:00,37,12803
2026-09-28T18:55:23.606038+00:00,31,12803
2026-09-28T18:55:35.487344+00:00,36,12803
2026-09-28T18:55:45.582222+00:00,35,12803
2026-09-28T18:55:55.672917+00:00,36,12803
2026-09-28T18:56:05.762486+00:00,37,12803
2026-09-28T18:56:17.597706+00:00,36,12803
2026-09-28T18:56:29.645644+00:00,40,12803
2026-09-28T18:56:39.747957+00:00,39,12803
2026-09-28T18:56:49.836431+00:00,39,12803
2026-09-28T18:57:00.601131+00:00,39,12803
2026-09-28T18:57:10.693460+00:00,38,12803
2026-09-28T18:57:20.783627+00:00,39,12803
2026-09-28T18:57:30.894013+00:00,33,12803
2026-09-28T18:57:42.980092+00:00,38,12803
2026-09-28T18:57:53.073952+00:00,36,12803
2026-09-28T18:58:03.159343+00:00,35,12803
2026-09-28T18:58:13.241222+00:00,37,12803
2026-09-28T18:58:24.832549+00:00,36,12803
2026-09-28T18:58:34.921292+00:00,36,12803
2026-09-28T18:58:45.011056+00:00,37,12803
2026-09-28T18:58:55.103734+00:00,36,12803
2026-09-28T18:59:06.193399+00:00,37,12803
2026-09-28T18:59:16.280496+00:00,36,12803
2026-09-28T18:59:26.366369+00:00,35,12803
2026-09-28T18:59:36.455260+00:00,36,12803
2026-09-28T18:59:48.058097+00:00,37,12803
2026-09-28T18:59:58.153282+00:00,35,12803
2026-09-28T19:00:10.029688+00:00,37,12803
2026-09-28T19:00:20.118545+00:00,34,12803
2026-09-28T19:00:30.214433+00:00,30,12803
2026-09-28T19:00:40.303327+00:00,35,12803
2026-09-28T19:00:50.393308+00:00,37,12803
2026-09-28T19:01:00.501922+00:00,37,12803
2026-09-28T19:01:11.305323+00:00,36,12803
2026-09-28T19:01:21.398164+00:00,36,12803
2026-09-28T19:01:31.489572+00:00,35,12803
2026-09-28T19:01:41.584366+00:00,37,12803
2026-09-28T19:01:53.116541+00:00,35,12803
2026-09-28T19:02:03.210224+00:00,36,12803
2026-09-28T19:02:13.299979+00:00,34,12803
2026-09-28T19:02:23.397985+00:00,33,12803
2026-09-28T19:02:34.950272+00:00,37,12803
2026-09-28T19:02:45.046560+00:00,36,12803
2026-09-28T19:02:55.138816+00:00,37,12803
2026-09-28T19:03:05.228477+00:00,30,12803
2026-09-28T19:03:17.346433+00:00,38,12803
2026-09-28T19:03:27.442920+00:00,36,12803
2026-09-28T19:03:37.529357+00:00,39,12803
2026-09-28T19:03:47.616480+00:00,36,12803
2026-09-28T19:03:59.062866+00:00,37,12803
2026-09-28T19:04:09.160425+00:00,37,12803
2026-09-28T19:04:19.257928+00:00,36,12803
2026-09-28T19:04:29.347049+00:00,36,12803
2026-09-28T19:04:40.678584+00:00,37,12803
2026-09-28T19:04:50.764957+00:00,33,12803
2026-09-28T19:05:00.872047+00:00,37,12803
2026-09-28T19:05:10.961331+00:00,36,12803
2026-09-28T19:05:22.479920+00:00,37,12803
2026-09-28T19:05:32.572808+00:00,37,12803
2026-09-28T19:05:42.680579+00:00,35,12803
2026-09-28T19:05:52.771381+00:00,34,12803
2026-09-28T19:06:04.360414+00:00,33,12803
2026-09-28T19:06:14.448662+00:00,34,12803
2026-09-28T19:06:24.544292+00:00,35,12803
2026-09-28T19:06:34.635352+00:00,35,12803
2026-09-28T19:06:46.102579+00:00,37,12803
2026-09-28T19:06:56.201410+00:00,35,12803
2026-09-28T19:07:06.288820+00:00,36,12803
2026-09-28T19:07:16.379986+00:00,35,12803
2026-09-28T19:07:27.953638+00:00,37,12803
2026-09-28T19:07:38.046075+00:00,36,12803
2026-09-28T19:07:48.141395+00:00,34,12803
2026-09-28T19:07:58.235979+00:00,35,12803
2026-09-28T19:08:09.939645+00:00,35,12803
2026-09-28T19:08:20.036105+00:00,38,12803
2026-09-28T19:08:30.131039+00:00,37,12803
2026-09-28T19:08:40.231219+00:00,36,12803
2026-09-28T19:08:51.992271+00:00,34,12803
2026-09-28T19:09:02.084522+00:00,35,12803
2026-09-28T19:09:12.248837+00:00,35,12803
2026-09-28T19:09:22.340048+00:00,37,12803
2026-09-28T19:09:33.560626+00:00,39,12803
2026-09-28T19:09:43.650539+00:00,39,12803
2026-09-28T19:09:53.740963+00:00,39,12803
2026-09-28T19:10:03.831261+00:00,37,12803
2026-09-28T19:10:15.157677+00:00,40,12803
2026-09-28T19:10:25.248349+00:00,38,12803
2026-09-28T19:10:35.333735+00:00,39,12803
2026-09-28T19:10:45.428521+00:00,32,12803
2026-09-28T19:10:57.315637+00:00,39,12803
2026-09-28T19:11:07.413142+00:00,38,12803
2026-09-28T19:11:17.513155+00:00,38,12803
2026-09-28T19:11:27.610604+00:00,36,12803
2026-09-28T19:11:38.779514+00:00,38,12803
2026-09-28T19:11:48.870757+00:00,37,12803
2026-09-28T19:11:58.956878+00:00,36,12803
2026-09-28T19:12:09.050685+00:00,36,12803
2026-09-28T19:12:20.275653+00:00,37,12803
2026-09-28T19:12:30.378339+00:00,36,12803
2026-09-28T19:12:40.465718+00:00,36,12803
2026-09-28T19:12:50.553568+00:00,32,12803
2026-09-28T19:13:02.424657+00:00,33,12803
2026-09-28T19:13:12.511661+00:00,37,12803
2026-09-28T19:13:22.601917+00:00,36,12803
2026-09-28T19:13:32.692003+00:00,36,12803
2026-09-28T19:13:44.292988+00:00,34,12803
2026-09-28T19:13:54.381955+00:00,36,12803
2026-09-28T19:14:04.473733+00:00,36,12803
2026-09-28T19:14:14.561089+00:00,36,12803
2026-09-28T19:14:26.079572+00:00,35,12803
2026-09-28T19:14:36.167066+00:00,35,12803
2026-09-28T19:14:46.257112+00:00,36,12803
2026-09-28T19:14:57.080075+00:00,36,12803
2026-09-28T19:15:08.343109+00:00,35,12803
2026-09-28T19:15:18.432878+00:00,36,12803
2026-09-28T19:15:28.525618+00:00,36,12803
2026-09-28T19:15:38.613516+00:00,37,12803
2026-09-28T19:15:50.170607+00:00,36,12803
2026-09-28T19:16:00.286806+00:00,35,12803
2026-09-28T19:16:10.376802+00:00,38,12803
2026-09-28T19:16:20.463005+00:00,38,12803
2026-09-28T19:16:31.632692+00:00,40,12803
2026-09-28T19:16:41.766303+00:00,38,12803
2026-09-28T19:16:51.862852+00:00,38,12803
2026-09-28T19:17:01.955009+00:00,38,12803
2026-09-28T19:17:13.234105+00:00,41,12803
2026-09-28T19:17:23.320540+00:00,39,12803
2026-09-28T19:17:33.405256+00:00,39,12803
2026-09-28T19:17:43.492661+00:00,33,12803
2026-09-28T19:17:55.433623+00:00,34,12803
2026-09-28T19:18:05.525472+00:00,36,12803
2026-09-28T19:18:15.615713+00:00,37,12803
2026-09-28T19:18:25.707607+00:00,37,12803
2026-09-28T19:18:37.025956+00:00,36,12803
2026-09-28T19:18:47.113840+00:00,35,12803
2026-09-28T19:18:57.204863+00:00,38,12803
2026-09-28T19:19:07.294060+00:00,30,12803
2026-09-28T19:19:19.414121+00:00,36,12803
2026-09-28T19:19:29.505648+00:00,35,12803
2026-09-28T19:19:39.596544+00:00,34,12803
2026-09-28T19:19:49.681767+00:00,37,12803
2026-09-28T19:20:01.371086+00:00,37,12803
2026-09-28T19:20:11.458896+00:00,38,12803
2026-09-28T19:20:21.551956+00:00,37,12803
2026-09-28T19:20:31.642492+00:00,36,12803
2026-09-28T19:20:43.186666+00:00,36,12803
2026-09-28T19:20:53.275337+00:00,35,12803
2026-09-28T19:21:03.364650+00:00,36,12803
2026-09-28T19:21:13.460804+00:00,30,12803
2026-09-28T19:21:25.312608+00:00,36,12803
2026-09-28T19:21:35.399282+00:00,36,12803
2026-09-28T19:21:45.487037+00:00,35,12803
2026-09-28T19:21:55.582249+00:00,36,12803
2026-09-28T19:22:07.062882+00:00,35,12803
2026-09-28T19:22:17.149221+00:00,37,12803
2026-09-28T19:22:27.234795+00:00,36,12803
2026-09-28T19:22:37.323158+00:00,37,12803
2026-09-28T19:22:49.103647+00:00,39,12803
2026-09-28T19:22:59.194377+00:00,39,12803
2026-09-28T19:23:09.281131+00:00,39,12803
2026-09-28T19:23:19.372111+00:00,37,12803
2026-09-28T19:23:30.963321+00:00,38,12803
2026-09-28T19:23:41.050749+00:00,40,12803
2026-09-28T19:23:51.141449+00:00,39,12803
2026-09-28T19:24:01.235270+00:00,37,12803
2026-09-28T19:24:12.898171+00:00,39,12803
2026-09-28T19:24:22.989021+00:00,34,12803
2026-09-28T19:24:33.085053+00:00,35,12803
2026-09-28T19:24:43.181647+00:00,35,12803
2026-09-28T19:24:54.747726+00:00,34,12803
2026-09-28T19:25:04.846503+00:00,34,12803
2026-09-28T19:25:14.932653+00:00,38,12803
2026-09-28T19:25:25.021509+00:00,35,12803
2026-09-28T19:25:36.755774+00:00,38,12803
2026-09-28T19:25:46.844616+00:00,38,12803
2026-09-28T19:25:56.931825+00:00,37,12803
2026-09-28T19:26:07.023731+00:00,37,12803
2026-09-28T19:26:18.568833+00:00,37,12803
2026-09-28T19:26:28.656716+00:00,37,12803
2026-09-28T19:26:38.747532+00:00,38,12803
2026-09-28T19:26:48.835678+00:00,31,12803
2026-09-28T19:27:00.820278+00:00,38,12803
2026-09-28T19:27:10.910412+00:00,38,12803
2026-09-28T19:27:21.002105+00:00,38,12803
2026-09-28T19:27:31.091294+00:00,39,12803
2026-09-28T19:27:42.591225+00:00,38,12803
2026-09-28T19:27:52.685454+00:00,37,12803
2026-09-28T19:28:02.780915+00:00,38,12803
2026-09-28T19:28:12.869513+00:00,37,12803
2026-09-28T19:28:24.413015+00:00,31,12803
2026-09-28T19:28:34.499635+00:00,36,12803
2026-09-28T19:28:44.601342+00:00,37,12803
2026-09-28T19:28:54.693317+00:00,36,12803
2026-09-28T19:29:06.623037+00:00,39,12803
2026-09-28T19:29:16.715454+00:00,39,12803
2026-09-28T19:29:26.811380+00:00,40,12803
2026-09-28T19:29:36.906823+00:00,38,12803
2026-09-28T19:29:48.459235+00:00,39,12803
2026-09-28T19:29:58.548755+00:00,39,12803
2026-09-28T19:30:08.639120+00:00,38,12803
2026-09-28T19:30:18.817693+00:00,31,12803
2026-09-28T19:30:30.893218+00:00,39,12803
2026-09-28T19:30:40.989215+00:00,40,12803
2026-09-28T19:30:51.089154+00:00,37,12803
2026-09-28T19:31:01.179603+00:00,37,12803
2026-09-28T19:31:12.418033+00:00,38,12803
2026-09-28T19:31:22.504074+00:00,39,12803
2026-09-28T19:31:32.593883+00:00,37,12803
2026-09-28T19:31:42.683567+00:00,37,12803
2026-09-28T19:31:53.986995+00:00,37,12803
2026-09-28T19:32:04.074072+00:00,38,12803
2026-09-28T19:32:14.161473+00:00,38,12803
2026-09-28T19:32:24.257817+00:00,38,12803
2026-09-28T19:32:35.409483+00:00,37,12803
2026-09-28T19:32:45.500855+00:00,38,12803
2026-09-28T19:32:55.595264+00:00,39,12803
2026-09-28T19:33:05.688036+00:00,37,12803
2026-09-28T19:33:16.989204+00:00,35,12803
2026-09-28T19:33:27.074534+00:00,38,12803
2026-09-28T19:33:37.164005+00:00,38,12803
2026-09-28T19:33:47.249223+00:00,38,12803
2026-09-28T19:33:58.433957+00:00,38,12803
2026-09-28T19:34:08.528427+00:00,36,12803
2026-09-28T19:34:18.613221+00:00,37,12803
2026-09-28T19:34:28.707949+00:00,37,12803
2026-09-28T19:34:40.227365+00:00,39,12803
2026-09-28T19:34:50.313994+00:00,37,12803
2026-09-28T19:35:00.407329+00:00,37,12803
2026-09-28T19:35:10.498686+00:00,39,12803
2026-09-28T19:35:21.651097+00:00,37,12803
2026-09-28T19:35:31.740705+00:00,39,12803
2026-09-28T19:35:41.828445+00:00,38,12803
2026-09-28T19:35:51.916104+00:00,37,12803
2026-09-28T19:36:03.486855+00:00,39,12803
2026-09-28T19:36:13.582949+00:00,39,12803
2026-09-28T19:36:23.670301+00:00,39,12803
2026-09-28T19:36:33.760897+00:00,37,12803
2026-09-28T19:36:45.331085+00:00,39,12803
2026-09-28T19:36:55.421944+00:00,39,12803
2026-09-28T19:37:05.510489+00:00,36,12803
2026-09-28T19:37:15.599637+00:00,37,12803
2026-09-28T19:37:26.879804+00:00,37,12803
2026-09-28T19:37:36.966237+00:00,37,12803
2026-09-28T19:37:47.063888+00:00,38,12803
2026-09-28T19:37:57.153309+00:00,36,12803
2026-09-28T19:38:08.684236+00:00,38,12803
2026-09-28T19:38:18.769178+00:00,37,12803
2026-09-28T19:38:28.858696+00:00,37,12803
2026-09-28T19:38:38.946762+00:00,36,12803
2026-09-28T19:38:50.504018+00:00,37,12803
2026-09-28T19:39:00.615714+00:00,36,12803
2026-09-28T19:39:10.702514+00:00,37,12803
2026-09-28T19:39:20.790212+00:00,38,12803
2026-09-28T19:39:31.926243+00:00,37,12803
2026-09-28T19:39:42.014764+00:00,37,12803
2026-09-28T19:39:52.103276+00:00,36,12803
2026-09-28T19:40:02.196364+00:00,36,12803
2026-09-28T19:40:13.613963+00:00,38,12803
2026-09-28T19:40:23.707986+00:00,36,12803
2026-09-28T19:40:33.800268+00:00,37,12803
2026-09-28T19:40:43.894513+00:00,37,12803
2026-09-28T19:40:55.650423+00:00,37,12803
2026-09-28T19:41:05.739564+00:00,32,12803
2026-09-28T19:41:15.843668+00:00,38,12803
2026-09-28T19:41:25.932661+00:00,35,12803
2026-09-28T19:41:37.380141+00:00,37,12803
2026-09-28T19:41:47.468157+00:00,39,12803
2026-09-28T19:41:57.561025+00:00,39,12803
2026-09-28T19:42:07.653322+00:00,34,12803
2026-09-28T19:42:19.456362+00:00,41,12803
2026-09-28T19:42:29.549006+00:00,41,12803
2026-09-28T19:42:39.635905+00:00,41,12803
2026-09-28T19:42:49.727190+00:00,37,12803
2026-09-28T19:43:01.276837+00:00,39,12803
2026-09-28T19:43:11.366201+00:00,39,12803
2026-09-28T19:43:21.462487+00:00,39,12803
2026-09-28T19:43:31.562668+00:00,37,12803
2026-09-28T19:43:42.995066+00:00,38,12803
2026-09-28T19:43:53.091191+00:00,37,12803
2026-09-28T19:44:03.177650+00:00,38,12803
2026-09-28T19:44:13.264905+00:00,30,12803
2026-09-28T19:44:25.266321+00:00,37,12803
2026-09-28T19:44:35.357184+00:00,39,12803
2026-09-28T19:44:45.448178+00:00,38,12863
2026-09-28T19:44:55.538972+00:00,36,12863
2026-09-28T19:45:06.937334+00:00,37,12863
2026-09-28T19:45:17.026332+00:00,36,12863
2026-09-28T19:45:27.114307+00:00,37,12863
2026-09-28T19:45:37.204189+00:00,30,12863
2026-09-28T19:45:49.070376+00:00,37,12863
2026-09-28T19:45:59.162036+00:00,36,12863
2026-09-28T19:46:09.249549+00:00,36,12863
2026-09-28T19:46:19.334607+00:00,37,12863
2026-09-28T19:46:31.085424+00:00,35,12863
2026-09-28T19:46:41.176588+00:00,36,12863
2026-09-28T19:46:51.274691+00:00,37,12863
2026-09-28T19:47:01.368105+00:00,35,12863
2026-09-28T19:47:12.852136+00:00,36,12863
2026-09-28T19:47:22.946562+00:00,36,12863
2026-09-28T19:47:33.033788+00:00,37,12863
2026-09-28T19:47:43.124678+00:00,37,12863
2026-09-28T19:47:54.676091+00:00,36,12863
2026-09-28T19:48:04.765449+00:00,35,12863
2026-09-28T19:48:14.853375+00:00,39,12863
2026-09-28T19:48:24.940752+00:00,36,12863
2026-09-28T19:48:36.451946+00:00,38,12863
2026-09-28T19:48:46.541800+00:00,39,12863
2026-09-28T19:48:56.628675+00:00,38,12863
2026-09-28T19:49:06.725457+00:00,37,12863
2026-09-28T19:49:18.183680+00:00,38,12863
2026-09-28T19:49:28.278446+00:00,40,12863
2026-09-28T19:49:38.364699+00:00,38,12863
2026-09-28T19:49:48.455540+00:00,32,12863
2026-09-28T19:50:00.291410+00:00,35,12863
2026-09-28T19:50:10.378317+00:00,36,12863
2026-09-28T19:50:20.478338+00:00,37,12863
2026-09-28T19:50:30.586957+00:00,36,12863
2026-09-28T19:50:42.042571+00:00,37,12863
2026-09-28T19:50:52.138458+00:00,37,12863
2026-09-28T19:51:02.227379+00:00,35,12863
2026-09-28T19:51:12.326147+00:00,35,12863
2026-09-28T19:51:23.837552+00:00,35,12863
2026-09-28T19:51:33.928518+00:00,35,12863
2026-09-28T19:51:44.015146+00:00,34,12863
2026-09-28T19:51:54.103038+00:00,28,12863
2026-09-28T19:52:06.458160+00:00,34,12863
2026-09-28T19:52:16.550910+00:00,39,12863
2026-09-28T19:52:26.638203+00:00,36,12863
2026-09-28T19:52:36.730655+00:00,35,12863
2026-09-28T19:52:48.432609+00:00,37,12863
2026-09-28T19:52:58.517529+00:00,36,12863
2026-09-28T19:53:08.610583+00:00,36,12863
2026-09-28T19:53:18.701741+00:00,30,12863
2026-09-28T19:53:30.554376+00:00,37,12863
2026-09-28T19:53:40.644116+00:00,36,12863
2026-09-28T19:53:50.744848+00:00,37,12863
2026-09-28T19:54:00.865349+00:00,36,12863
2026-09-28T19:54:12.306619+00:00,36,12863
2026-09-28T19:54:22.392342+00:00,36,12863
2026-09-28T19:54:32.481487+00:00,37,12863
2026-09-28T19:54:42.576832+00:00,37,12863
2026-09-28T19:54:54.115347+00:00,38,12863
2026-09-28T19:55:04.200485+00:00,39,12863
2026-09-28T19:55:14.288464+00:00,38,12863
2026-09-28T19:55:24.380524+00:00,37,12863
2026-09-28T19:55:35.885830+00:00,39,12863
2026-09-28T19:55:45.973534+00:00,39,12863
2026-09-28T19:55:56.059551+00:00,39,12863
2026-09-28T19:56:06.148313+00:00,37,12863
2026-09-28T19:56:17.991739+00:00,39,12863
2026-09-28T19:56:28.083166+00:00,39,12863
2026-09-28T19:56:38.179775+00:00,37,12863
2026-09-28T19:56:48.268855+00:00,35,12863
2026-09-28T19:56:59.806723+00:00,36,12863
2026-09-28T19:57:09.901347+00:00,36,12863
2026-09-28T19:57:19.996257+00:00,35,12863
2026-09-28T19:57:30.125421+00:00,23,12863
2026-09-28T19:57:41.967884+00:00,36,12863
2026-09-28T19:57:52.057814+00:00,37,12863
2026-09-28T19:58:02.147758+00:00,38,12863
2026-09-28T19:58:12.237826+00:00,37,12863
2026-09-28T19:58:24.041433+00:00,38,12863
2026-09-28T19:58:34.145972+00:00,36,12863
2026-09-28T19:58:44.234689+00:00,36,12863
2026-09-28T19:58:54.321620+00:00,36,12863
2026-09-28T19:59:05.815617+00:00,35,12863
2026-09-28T19:59:15.903354+00:00,37,12863
2026-09-28T19:59:25.996399+00:00,36,12863
2026-09-28T19:59:36.086194+00:00,37,12863
2026-09-28T19:59:47.895571+00:00,38,12863
2026-09-28T19:59:57.981120+00:00,39,12863
2026-09-28T20:00:08.070577+00:00,38,12863
2026-09-28T20:00:18.163201+00:00,37,12863
2026-09-28T20:00:29.634690+00:00,37,12863
2026-09-28T20:00:39.728722+00:00,38,12863
2026-09-28T20:00:49.820167+00:00,37,12863
2026-09-28T20:00:59.914285+00:00,37,12863
2026-09-28T20:01:11.265762+00:00,41,12863
2026-09-28T20:01:21.355349+00:00,37,12863
2026-09-28T20:01:31.444972+00:00,39,12863
2026-09-28T20:01:41.534930+00:00,38,12863
2026-09-28T20:01:53.074359+00:00,38,12863
2026-09-28T20:02:03.176288+00:00,40,12863
2026-09-28T20:02:13.263598+00:00,39,12863
2026-09-28T20:02:23.355657+00:00,38,12863
2026-09-28T20:02:35.106719+00:00,38,12863
2026-09-28T20:02:45.194745+00:00,38,12863
2026-09-28T20:02:55.281976+00:00,35,12863
2026-09-28T20:03:05.384845+00:00,29,12863
2026-09-28T20:03:17.529139+00:00,37,12863
2026-09-28T20:03:27.627308+00:00,36,12863
2026-09-28T20:03:37.714992+00:00,36,12863
2026-09-28T20:03:47.803300+00:00,35,12863
2026-09-28T20:03:59.317640+00:00,35,12863
2026-09-28T20:04:09.406614+00:00,36,12863
2026-09-28T20:04:19.502296+00:00,36,12863
2026-09-28T20:04:29.593740+00:00,35,12863
2026-09-28T20:04:41.096260+00:00,36,12863
2026-09-28T20:04:51.186014+00:00,37,12863
2026-09-28T20:05:01.277677+00:00,36,12863
2026-09-28T20:05:11.371421+00:00,28,12863
2026-09-28T20:05:23.206725+00:00,34,12863
2026-09-28T20:05:33.296448+00:00,36,12863
2026-09-28T20:05:43.381927+00:00,34,12863
2026-09-28T20:05:53.478158+00:00,35,12863
2026-09-28T20:06:05.394710+00:00,35,12863
2026-09-28T20:06:15.485537+00:00,36,12863
2026-09-28T20:06:25.583361+00:00,36,12863
2026-09-28T20:06:35.671262+00:00,36,12863
2026-09-28T20:06:47.201074+00:00,37,12863
2026-09-28T20:06:57.289989+00:00,36,12863
2026-09-28T20:07:07.379413+00:00,36,12863
2026-09-28T20:07:17.476302+00:00,36,12863
2026-09-28T20:07:28.831493+00:00,36,12863
2026-09-28T20:07:38.918099+00:00,39,12863
2026-09-28T20:07:49.009636+00:00,38,12863
2026-09-28T20:07:59.109849+00:00,37,12863
2026-09-28T20:08:10.548612+00:00,37,12863
2026-09-28T20:08:20.637935+00:00,38,12863
2026-09-28T20:08:30.735857+00:00,38,12863
2026-09-28T20:08:40.820917+00:00,37,12863
2026-09-28T20:08:52.482071+00:00,38,12863
2026-09-28T20:09:02.576990+00:00,38,12863
2026-09-28T20:09:12.671120+00:00,40,12863
2026-09-28T20:09:22.763022+00:00,37,12863
2026-09-28T20:09:34.279947+00:00,36,12863
2026-09-28T20:09:44.369773+00:00,36,12863
2026-09-28T20:09:54.466038+00:00,37,12863
2026-09-28T20:10:04.561110+00:00,37,12863
2026-09-28T20:10:16.071638+00:00,36,12863
2026-09-28T20:10:26.159640+00:00,35,12863
2026-09-28T20:10:36.250770+00:00,37,12863
2026-09-28T20:10:46.343349+00:00,37,12863
2026-09-28T20:10:58.216980+00:00,36,12863
2026-09-28T20:11:08.305138+00:00,37,12863
2026-09-28T20:11:18.399016+00:00,37,12863
2026-09-28T20:11:28.487073+00:00,37,12863
2026-09-28T20:11:39.963237+00:00,37,12863
2026-09-28T20:11:50.063164+00:00,36,12863
2026-09-28T20:12:00.156890+00:00,36,12863
2026-09-28T20:12:10.255944+00:00,36,12863
2026-09-28T20:12:21.779876+00:00,37,12863
2026-09-28T20:12:31.867680+00:00,38,12863
2026-09-28T20:12:41.955912+00:00,41,12863
2026-09-28T20:12:52.047367+00:00,31,12863
2026-09-28T20:13:03.957903+00:00,37,12863
2026-09-28T20:13:14.053493+00:00,37,12863
2026-09-28T20:13:24.147374+00:00,37,12863
2026-09-28T20:13:34.233957+00:00,39,12863
2026-09-28T20:13:46.357864+00:00,37,12863
2026-09-28T20:13:56.450415+00:00,37,12863
2026-09-28T20:14:06.537930+00:00,39,12863
2026-09-28T20:14:16.631191+00:00,34,12863
2026-09-28T20:14:28.445833+00:00,36,12863
2026-09-28T20:14:38.534076+00:00,39,12863
2026-09-28T20:14:48.620449+00:00,38,12863
2026-09-28T20:14:58.708418+00:00,36,12863
2026-09-28T20:15:10.277016+00:00,38,12863
2026-09-28T20:15:20.368334+00:00,38,12863
2026-09-28T20:15:30.472345+00:00,40,12863
2026-09-28T20:15:40.560251+00:00,37,12863
2026-09-28T20:15:52.093888+00:00,35,12863
2026-09-28T20:16:02.182005+00:00,37,12863
2026-09-28T20:16:12.271150+00:00,36,12863
2026-09-28T20:16:22.371986+00:00,38,12863
2026-09-28T20:16:33.839618+00:00,36,12863
2026-09-28T20:16:43.931193+00:00,37,12863
2026-09-28T20:16:54.027078+00:00,36,12863
2026-09-28T20:17:04.116736+00:00,35,12863
2026-09-28T20:17:15.873290+00:00,36,12863
2026-09-28T20:17:25.965640+00:00,36,12863
2026-09-28T20:17:36.051650+00:00,36,12863
2026-09-28T20:17:46.147273+00:00,36,12863
2026-09-28T20:17:57.666678+00:00,37,12863
2026-09-28T20:18:07.757707+00:00,35,12863
2026-09-28T20:18:17.847593+00:00,37,12863
2026-09-28T20:18:27.937351+00:00,36,12863
2026-09-28T20:18:39.453795+00:00,37,12863
2026-09-28T20:18:49.546321+00:00,36,12863
2026-09-28T20:18:59.632981+00:00,35,12863
2026-09-28T20:19:09.720416+00:00,30,12863
2026-09-28T20:19:21.859040+00:00,34,12863
2026-09-28T20:19:31.951794+00:00,36,12863
2026-09-28T20:19:42.042845+00:00,34,12863
2026-09-28T20:19:52.136550+00:00,37,12863
2026-09-28T20:20:03.880326+00:00,38,12863
2026-09-28T20:20:13.971631+00:00,37,12863
2026-09-28T20:20:24.063816+00:00,36,12863
2026-09-28T20:20:34.154536+00:00,34,12863
2026-09-28T20:20:46.069097+00:00,38,12863
2026-09-28T20:20:56.166033+00:00,40,12863
2026-09-28T20:21:06.256370+00:00,39,12863
2026-09-28T20:21:16.348506+00:00,39,12863
2026-09-28T20:21:27.846182+00:00,38,12863
2026-09-28T20:21:37.941125+00:00,39,12863
2026-09-28T20:21:48.028528+00:00,39,12863
2026-09-28T20:21:58.116035+00:00,37,12863
2026-09-28T20:22:09.667040+00:00,40,12863
2026-09-28T20:22:19.755920+00:00,38,12863
2026-09-28T20:22:29.844769+00:00,38,12863
2026-09-28T20:22:39.941200+00:00,38,12863
2026-09-28T20:22:51.464358+00:00,37,12863
2026-09-28T20:23:01.553592+00:00,37,12863
2026-09-28T20:23:11.641655+00:00,37,12863
2026-09-28T20:23:21.738108+00:00,38,12863
2026-09-28T20:23:33.645971+00:00,39,12863
2026-09-28T20:23:43.740363+00:00,35,12863
2026-09-28T20:23:53.828744+00:00,36,12863
2026-09-28T20:24:03.919111+00:00,37,12863
2026-09-28T20:24:15.440214+00:00,34,12863
2026-09-28T20:24:25.530738+00:00,39,12863
2026-09-28T20:24:35.633217+00:00,37,12863
2026-09-28T20:24:45.724282+00:00,36,12863
2026-09-28T20:24:57.484766+00:00,36,12863
2026-09-28T20:25:07.571417+00:00,37,12863
2026-09-28T20:25:17.667727+00:00,30,12863
2026-09-28T20:25:27.795825+00:00,20,12863
2026-09-28T20:25:39.769063+00:00,37,12863
2026-09-28T20:25:49.860962+00:00,37,12863
2026-09-28T20:25:59.949553+00:00,35,12863
2026-09-28T20:26:10.037422+00:00,37,12863
2026-09-28T20:26:21.467482+00:00,37,12863
2026-09-28T20:26:31.555645+00:00,38,12863
2026-09-28T20:26:41.642970+00:00,37,12863
2026-09-28T20:26:51.735322+00:00,33,12863
2026-09-28T20:27:03.658044+00:00,39,12863
2026-09-28T20:27:13.743536+00:00,39,12863
2026-09-28T20:27:23.835689+00:00,38,12863
2026-09-28T20:27:33.929254+00:00,37,12863
2026-09-28T20:27:45.477124+00:00,37,12863
2026-09-28T20:27:55.566718+00:00,40,12863
2026-09-28T20:28:05.654270+00:00,39,12863
2026-09-28T20:28:15.742099+00:00,36,12863
2026-09-28T20:28:27.311000+00:00,41,12863
2026-09-28T20:28:37.412341+00:00,41,12863
2026-09-28T20:28:47.499019+00:00,38,12863
2026-09-28T20:28:57.592416+00:00,37,12863
2026-09-28T20:29:09.123231+00:00,37,12863
2026-09-28T20:29:19.210889+00:00,37,12863
2026-09-28T20:29:29.298293+00:00,38,12863
2026-09-28T20:29:39.383256+00:00,38,12863
2026-09-28T20:29:50.985952+00:00,37,12863
2026-09-28T20:30:01.080893+00:00,37,12863
2026-09-28T20:30:11.166388+00:00,37,12863
2026-09-28T20:30:21.253098+00:00,30,12863
2026-09-28T20:30:33.468128+00:00,35,12863
2026-09-28T20:30:43.564327+00:00,37,12863
2026-09-28T20:30:53.660566+00:00,36,12863
2026-09-28T20:31:03.751270+00:00,36,12863
2026-09-28T20:31:15.485532+00:00,33,12863
2026-09-28T20:31:25.574544+00:00,37,12863
2026-09-28T20:31:35.662763+00:00,38,12863
2026-09-28T20:31:45.749451+00:00,36,12863
2026-09-28T20:31:57.280983+00:00,35,12863
2026-09-28T20:32:07.369366+00:00,35,12863
2026-09-28T20:32:17.472286+00:00,37,12863
2026-09-28T20:32:27.562741+00:00,30,12863
2026-09-28T20:32:39.493471+00:00,36,12863
2026-09-28T20:32:49.583792+00:00,36,12863
2026-09-28T20:32:59.678368+00:00,38,12863
2026-09-28T20:33:09.770602+00:00,37,12863
2026-09-28T20:33:21.654530+00:00,37,12863
2026-09-28T20:33:31.748681+00:00,40,12863
2026-09-28T20:33:41.834848+00:00,39,12863
2026-09-28T20:33:51.921500+00:00,37,12863
2026-09-28T20:34:03.581948+00:00,39,12863
2026-09-28T20:34:13.671003+00:00,38,12863
2026-09-28T20:34:23.760548+00:00,41,12863
2026-09-28T20:34:33.859249+00:00,36,12863
2026-09-28T20:34:45.386529+00:00,38,12863
2026-09-28T20:34:55.484937+00:00,39,12863
2026-09-28T20:35:05.573409+00:00,39,12863
2026-09-28T20:35:15.665025+00:00,37,12863
2026-09-28T20:35:27.163067+00:00,35,12863
2026-09-28T20:35:37.250291+00:00,37,12863
2026-09-28T20:35:47.337764+00:00,37,12863
2026-09-28T20:35:57.428213+00:00,36,12863
2026-09-28T20:36:09.220497+00:00,36,12863
2026-09-28T20:36:19.313376+00:00,38,12863
2026-09-28T20:36:29.411276+00:00,38,12863
2026-09-28T20:36:39.511555+00:00,30,12863
2026-09-28T20:36:51.567178+00:00,37,12863
2026-09-28T20:37:01.657127+00:00,39,12863
2026-09-28T20:37:11.753486+00:00,37,12863
2026-09-28T20:37:21.845777+00:00,36,12863
2026-09-28T20:37:33.502759+00:00,36,12863
2026-09-28T20:37:43.590110+00:00,37,12863
2026-09-28T20:37:53.699879+00:00,37,12863
2026-09-28T20:38:03.787628+00:00,36,12863
2026-09-28T20:38:15.311696+00:00,38,12863
2026-09-28T20:38:25.405063+00:00,38,12863
2026-09-28T20:38:35.491777+00:00,38,12863
2026-09-28T20:38:45.581956+00:00,32,12863
2026-09-28T20:38:57.468310+00:00,36,12863
2026-09-28T20:39:07.556716+00:00,37,12863
2026-09-28T20:39:17.644203+00:00,39,12863
2026-09-28T20:39:27.733374+00:00,36,12863
2026-09-28T20:39:39.262309+00:00,36,12863
2026-09-28T20:39:49.353125+00:00,36,12863
2026-09-28T20:39:59.445544+00:00,39,12863
2026-09-28T20:40:09.535549+00:00,32,12863
2026-09-28T20:40:21.470432+00:00,39,12863
2026-09-28T20:40:31.555946+00:00,40,12863
2026-09-28T20:40:41.644240+00:00,38,12863
2026-09-28T20:40:51.740551+00:00,37,12863
2026-09-28T20:41:03.372584+00:00,38,12863
2026-09-28T20:41:13.458408+00:00,38,12863
2026-09-28T20:41:23.546819+00:00,38,12863
2026-09-28T20:41:33.642639+00:00,32,12863
2026-09-28T20:41:45.812711+00:00,37,12863
2026-09-28T20:41:55.899585+00:00,37,12863
2026-09-28T20:42:05.988491+00:00,35,12863
2026-09-28T20:42:16.078294+00:00,37,12863
2026-09-28T20:42:27.611992+00:00,37,12863
2026-09-28T20:42:37.701331+00:00,35,12863
2026-09-28T20:42:47.789255+00:00,35,12863
2026-09-28T20:42:57.878024+00:00,36,12863
2026-09-28T20:43:09.846972+00:00,38,12863
2026-09-28T20:43:19.937259+00:00,38,12863
2026-09-28T20:43:30.031094+00:00,37,12863
2026-09-28T20:43:40.126025+00:00,36,12863
2026-09-28T20:43:51.660787+00:00,36,12863
2026-09-28T20:44:01.748046+00:00,37,12863
2026-09-28T20:44:11.840241+00:00,36,12863
2026-09-28T20:44:21.930240+00:00,35,12863
2026-09-28T20:44:33.528507+00:00,36,12863
2026-09-28T20:44:43.619506+00:00,35,12863
2026-09-28T20:44:53.709399+00:00,35,12863
2026-09-28T20:45:03.805245+00:00,35,12863
2026-09-28T20:45:15.693522+00:00,38,12863
2026-09-28T20:45:25.784965+00:00,37,12863
2026-09-28T20:45:35.884852+00:00,37,12863
2026-09-28T20:45:45.973111+00:00,37,12863
2026-09-28T20:45:57.498839+00:00,36,12863
2026-09-28T20:46:07.585723+00:00,37,12863
2026-09-28T20:46:17.677651+00:00,36,12863
2026-09-28T20:46:27.777099+00:00,30,12863
2026-09-28T20:46:39.758537+00:00,39,12863
2026-09-28T20:46:49.845004+00:00,39,12863
2026-09-28T20:46:59.938309+00:00,39,12863
2026-09-28T20:47:10.025264+00:00,34,12863
2026-09-28T20:47:21.998267+00:00,39,12863
2026-09-28T20:47:32.094404+00:00,31,12863
2026-09-28T20:47:42.180827+00:00,38,12863
2026-09-28T20:47:52.270118+00:00,37,12863
2026-09-28T20:48:03.848821+00:00,38,12863
2026-09-28T20:48:13.946076+00:00,38,12863
2026-09-28T20:48:24.035162+00:00,37,12863
2026-09-28T20:48:34.134538+00:00,36,12863
2026-09-28T20:48:45.594613+00:00,35,12863
2026-09-28T20:48:55.680548+00:00,36,12863
2026-09-28T20:49:05.769363+00:00,36,12863
2026-09-28T20:49:15.863516+00:00,37,12863
2026-09-28T20:49:27.390078+00:00,37,12863
2026-09-28T20:49:37.478176+00:00,37,12863
2026-09-28T20:49:47.566401+00:00,36,12863
2026-09-28T20:49:57.658355+00:00,36,12863
2026-09-28T20:50:09.391693+00:00,36,12863
2026-09-28T20:50:19.479198+00:00,37,12863
2026-09-28T20:50:29.568558+00:00,38,12863
2026-09-28T20:50:39.659912+00:00,36,12863
2026-09-28T20:50:51.003200+00:00,36,12863
2026-09-28T20:51:01.093553+00:00,36,12863
2026-09-28T20:51:11.180608+00:00,36,12863
2026-09-28T20:51:21.276245+00:00,36,12863
2026-09-28T20:51:32.634054+00:00,37,12863
2026-09-28T20:51:42.723957+00:00,38,12863
2026-09-28T20:51:52.816993+00:00,37,12863
2026-09-28T20:52:02.913910+00:00,35,12863
2026-09-28T20:52:14.743021+00:00,36,12863
2026-09-28T20:52:24.830824+00:00,36,12863
2026-09-28T20:52:34.917840+00:00,36,12863
2026-09-28T20:52:45.010941+00:00,31,12863
2026-09-28T20:52:56.936550+00:00,32,12863
2026-09-28T20:53:07.026463+00:00,36,12863
2026-09-28T20:53:17.125872+00:00,38,12863
2026-09-28T20:53:27.215216+00:00,36,12863
2026-09-28T20:53:38.715158+00:00,38,12863
2026-09-28T20:53:48.813671+00:00,38,12863
2026-09-28T20:53:58.902635+00:00,39,12863
2026-09-28T20:54:08.993154+00:00,37,12863
2026-09-28T20:54:20.365736+00:00,39,12863
2026-09-28T20:54:30.465816+00:00,38,12863
2026-09-28T20:54:40.553684+00:00,39,12863
2026-09-28T20:54:50.655352+00:00,37,12863
2026-09-28T20:55:02.167657+00:00,35,12863
2026-09-28T20:55:12.253603+00:00,35,12863
2026-09-28T20:55:22.346481+00:00,37,12863
2026-09-28T20:55:32.438560+00:00,37,12863
2026-09-28T20:55:43.849117+00:00,34,12863
2026-09-28T20:55:53.941632+00:00,35,12863
2026-09-28T20:56:04.031959+00:00,34,12863
2026-09-28T20:56:14.123331+00:00,34,12863
2026-09-28T20:56:25.580845+00:00,36,12863
2026-09-28T20:56:35.678274+00:00,37,12863
2026-09-28T20:56:45.770222+00:00,35,12863
2026-09-28T20:56:55.856209+00:00,34,12863
2026-09-28T20:57:07.191118+00:00,36,12863
2026-09-28T20:57:17.281865+00:00,35,12863
2026-09-28T20:57:27.370833+00:00,37,12863
2026-09-28T20:57:37.460998+00:00,37,12863
2026-09-28T20:57:49.190974+00:00,35,12863
2026-09-28T20:57:59.284188+00:00,35,12863
2026-09-28T20:58:09.378261+00:00,36,12863
2026-09-28T20:58:19.466524+00:00,28,12863
2026-09-28T20:58:31.637557+00:00,37,12863
2026-09-28T20:58:41.728458+00:00,36,12863
2026-09-28T20:58:51.814975+00:00,35,12863
2026-09-28T20:59:01.906105+00:00,37,12863
2026-09-28T20:59:13.260084+00:00,36,12863
2026-09-28T20:59:23.353723+00:00,38,12863
2026-09-28T20:59:33.442357+00:00,38,12863
2026-09-28T20:59:43.530650+00:00,33,12863
2026-09-28T20:59:55.315122+00:00,39,12863
2026-09-28T21:00:05.406159+00:00,39,12863
2026-09-28T21:00:15.496417+00:00,39,12863
2026-09-28T21:00:25.588574+00:00,37,12863
2026-09-28T21:00:37.486093+00:00,39,12863
2026-09-28T21:00:47.575788+00:00,39,12863
2026-09-28T21:00:57.660867+00:00,39,12863
2026-09-28T21:01:07.749793+00:00,37,12863
2026-09-28T21:01:19.295946+00:00,38,12863
2026-09-28T21:01:29.387555+00:00,39,12863
2026-09-28T21:01:39.477748+00:00,38,12863
2026-09-28T21:01:49.573217+00:00,36,12863
2026-09-28T21:02:01.129962+00:00,37,12863
2026-09-28T21:02:11.227673+00:00,36,12863
2026-09-28T21:02:21.334850+00:00,36,12863
2026-09-28T21:02:31.421603+00:00,38,12863
2026-09-28T21:02:42.784904+00:00,36,12863
2026-09-28T21:02:52.873617+00:00,36,12863
2026-09-28T21:03:02.959103+00:00,37,12863
2026-09-28T21:03:13.061396+00:00,37,12863
2026-09-28T21:03:24.559332+00:00,37,12863
2026-09-28T21:03:34.646967+00:00,35,12863
2026-09-28T21:03:44.734366+00:00,35,12863
2026-09-28T21:03:54.828608+00:00,29,12863
2026-09-28T21:04:06.941701+00:00,35,12863
2026-09-28T21:04:17.033844+00:00,36,12863
2026-09-28T21:04:27.128732+00:00,37,12863
2026-09-28T21:04:37.230230+00:00,36,12863
2026-09-28T21:04:48.659045+00:00,37,12863
2026-09-28T21:04:58.748768+00:00,34,12863
2026-09-28T21:05:08.845201+00:00,34,12863
2026-09-28T21:05:18.932152+00:00,35,12863
2026-09-28T21:05:30.466986+00:00,36,12863
2026-09-28T21:05:40.552943+00:00,36,12863
2026-09-28T21:05:50.638183+00:00,35,12863
2026-09-28T21:06:00.736814+00:00,30,12863
2026-09-28T21:06:12.625403+00:00,36,12863
2026-09-28T21:06:22.712161+00:00,38,12863
2026-09-28T21:06:32.801140+00:00,39,12863
2026-09-28T21:06:42.889644+00:00,37,12863
2026-09-28T21:06:54.474751+00:00,39,12863
2026-09-28T21:07:04.564111+00:00,39,12863
2026-09-28T21:07:14.653944+00:00,39,12863
2026-09-28T21:07:24.742830+00:00,33,12863
2026-09-28T21:07:36.652983+00:00,36,12863
2026-09-28T21:07:46.740176+00:00,39,12863
2026-09-28T21:07:56.840561+00:00,39,12863
2026-09-28T21:08:06.933522+00:00,38,12863
2026-09-28T21:08:18.468446+00:00,37,12863
2026-09-28T21:08:28.561169+00:00,36,12863
2026-09-28T21:08:38.653137+00:00,37,12863
2026-09-28T21:08:48.739931+00:00,37,12863
2026-09-28T21:09:00.509406+00:00,30,12863
2026-09-28T21:09:10.600214+00:00,36,12863
2026-09-28T21:09:20.691858+00:00,36,12863
2026-09-28T21:09:30.814201+00:00,28,12863
2026-09-28T21:09:43.004042+00:00,29,12863
2026-09-28T21:09:53.089709+00:00,38,12863
2026-09-28T21:10:03.181185+00:00,37,12863
2026-09-28T21:10:13.272154+00:00,37,12863
2026-09-28T21:10:25.117328+00:00,36,12863
2026-09-28T21:10:35.203359+00:00,37,12863
2026-09-28T21:10:45.295008+00:00,37,12863
2026-09-28T21:10:55.383756+00:00,35,12863
2026-09-28T21:11:06.814573+00:00,36,12863
2026-09-28T21:11:16.901522+00:00,37,12863
2026-09-28T21:11:26.992296+00:00,37,12863
2026-09-28T21:11:37.080973+00:00,38,12863
2026-09-28T21:11:48.574321+00:00,36,12863
2026-09-28T21:11:58.670045+00:00,36,12863
2026-09-28T21:12:08.765596+00:00,36,12863
2026-09-28T21:12:18.852753+00:00,37,12863
2026-09-28T21:12:30.774984+00:00,39,12863
2026-09-28T21:12:40.865510+00:00,36,12863
2026-09-28T21:12:50.959721+00:00,39,12863
2026-09-28T21:13:01.060373+00:00,37,12863
2026-09-28T21:13:12.542217+00:00,39,12863
2026-09-28T21:13:22.631360+00:00,39,12863
2026-09-28T21:13:32.718853+00:00,38,12863
2026-09-28T21:13:42.820883+00:00,33,12863
2026-09-28T21:13:54.794867+00:00,40,12863
2026-09-28T21:14:04.881253+00:00,39,12863
2026-09-28T21:14:14.969831+00:00,38,12863
2026-09-28T21:14:25.056889+00:00,37,12863
2026-09-28T21:14:36.583398+00:00,39,12863
2026-09-28T21:14:46.671888+00:00,36,12863
2026-09-28T21:14:56.762285+00:00,35,12863
2026-09-28T21:15:06.854828+00:00,36,12863
2026-09-28T21:15:18.567478+00:00,37,12865
2026-09-28T21:15:28.660342+00:00,38,12865
2026-09-28T21:15:38.750473+00:00,35,12865
2026-09-28T21:15:48.838408+00:00,36,12865
2026-09-28T21:16:00.390240+00:00,36,12865
2026-09-28T21:16:10.488866+00:00,37,12865
2026-09-28T21:16:20.580790+00:00,38,12865
2026-09-28T21:16:30.694336+00:00,36,12865
2026-09-28T21:16:42.131260+00:00,37,12865
2026-09-28T21:16:52.229451+00:00,38,12865
2026-09-28T21:17:02.317183+00:00,38,12865
2026-09-28T21:17:12.416727+00:00,30,12865
2026-09-28T21:17:24.282909+00:00,38,12865
2026-09-28T21:17:34.371225+00:00,38,12865
2026-09-28T21:17:44.464506+00:00,36,12865
2026-09-28T21:17:54.553648+00:00,38,12865
2026-09-28T21:18:06.068021+00:00,36,12865
2026-09-28T21:18:16.155867+00:00,37,12865
2026-09-28T21:18:26.244837+00:00,38,12865
2026-09-28T21:18:36.335856+00:00,38,12865
2026-09-28T21:18:47.823567+00:00,39,12865
2026-09-28T21:18:57.913184+00:00,38,12865
2026-09-28T21:19:08.016076+00:00,36,12865
2026-09-28T21:19:18.102149+00:00,37,12865
2026-09-28T21:19:30.053468+00:00,41,12865
2026-09-28T21:19:40.148679+00:00,38,12865
2026-09-28T21:19:50.242419+00:00,40,12865
2026-09-28T21:20:00.349093+00:00,37,12865
2026-09-28T21:20:12.258283+00:00,38,12865
2026-09-28T21:20:22.346536+00:00,38,12865
2026-09-28T21:20:32.434415+00:00,37,12865
2026-09-28T21:20:42.525890+00:00,33,12865
2026-09-28T21:20:54.122555+00:00,39,12865
2026-09-28T21:21:04.208712+00:00,38,12865
2026-09-28T21:21:14.300716+00:00,39,12865
2026-09-28T21:21:24.390848+00:00,34,12865
2026-09-28T21:21:35.895676+00:00,38,12865
2026-09-28T21:21:45.987075+00:00,38,12865
2026-09-28T21:21:56.077734+00:00,39,12865
2026-09-28T21:22:06.166398+00:00,37,12865
2026-09-28T21:22:17.696888+00:00,38,12865
2026-09-28T21:22:27.786446+00:00,37,12865
2026-09-28T21:22:37.875584+00:00,39,12865
2026-09-28T21:22:47.967869+00:00,37,12865
2026-09-28T21:22:59.331783+00:00,37,12865
2026-09-28T21:23:09.423063+00:00,39,12865
2026-09-28T21:23:19.517259+00:00,38,12865
2026-09-28T21:23:29.602496+00:00,37,12865
2026-09-28T21:23:41.339339+00:00,37,12865
2026-09-28T21:23:51.432390+00:00,37,12865
2026-09-28T21:24:01.519622+00:00,38,12865
2026-09-28T21:24:11.604234+00:00,37,12865
2026-09-28T21:24:22.983460+00:00,37,12865
2026-09-28T21:24:33.075957+00:00,37,12865
2026-09-28T21:24:43.161926+00:00,36,12865
2026-09-28T21:24:53.255528+00:00,37,12865
2026-09-28T21:25:04.758255+00:00,38,12865
2026-09-28T21:25:14.847015+00:00,38,12865
2026-09-28T21:25:24.941274+00:00,39,12865
2026-09-28T21:25:35.029223+00:00,34,12865
2026-09-28T21:25:47.178080+00:00,40,12865
2026-09-28T21:25:57.273315+00:00,33,12865
2026-09-28T21:26:07.366176+00:00,23,12865
2026-09-28T21:26:17.458972+00:00,37,12865
2026-09-28T21:26:29.017291+00:00,39,12865
2026-09-28T21:26:39.103558+00:00,39,12865
2026-09-28T21:26:49.190922+00:00,38,12865
2026-09-28T21:26:59.282759+00:00,37,12865
2026-09-28T21:27:11.128748+00:00,37,12865
2026-09-28T21:27:21.215866+00:00,36,12865
2026-09-28T21:27:31.305804+00:00,36,12865
2026-09-28T21:27:41.403787+00:00,34,12865
2026-09-28T21:27:52.832511+00:00,33,12865
2026-09-28T21:28:02.922761+00:00,37,12865
2026-09-28T21:28:13.016516+00:00,37,12865
2026-09-28T21:28:23.104821+00:00,37,12865
2026-09-28T21:28:34.458460+00:00,34,12865
2026-09-28T21:28:44.550058+00:00,36,12865
2026-09-28T21:28:54.636769+00:00,35,12865
2026-09-28T21:29:04.725655+00:00,37,12865
2026-09-28T21:29:16.058449+00:00,36,12865
2026-09-28T21:29:26.153132+00:00,35,12865
2026-09-28T21:29:36.244228+00:00,34,12865
2026-09-28T21:29:46.333837+00:00,36,12865
2026-09-28T21:29:57.663927+00:00,37,12865
2026-09-28T21:30:07.750413+00:00,35,12865
2026-09-28T21:30:17.836555+00:00,37,12865
2026-09-28T21:30:27.923118+00:00,36,12865
2026-09-28T21:30:39.279012+00:00,36,12865
2026-09-28T21:30:49.366984+00:00,36,12865
2026-09-28T21:30:59.455126+00:00,35,12865
2026-09-28T21:31:09.545790+00:00,29,12865
2026-09-28T21:31:21.699554+00:00,35,12865
2026-09-28T21:31:31.788954+00:00,36,12865
2026-09-28T21:31:41.889251+00:00,34,12865
2026-09-28T21:31:51.985943+00:00,37,12865
2026-09-28T21:32:03.713813+00:00,38,12865
2026-09-28T21:32:13.808829+00:00,38,12865
2026-09-28T21:32:23.897625+00:00,39,12865
2026-09-28T21:32:33.988332+00:00,37,12865
2026-09-28T21:32:45.527741+00:00,39,12865
2026-09-28T21:32:55.618159+00:00,39,12865
2026-09-28T21:33:05.711554+00:00,39,12865
2026-09-28T21:33:15.800976+00:00,38,12865
2026-09-28T21:33:27.560847+00:00,39,12865
2026-09-28T21:33:37.654491+00:00,37,12865
2026-09-28T21:33:47.741871+00:00,35,12865
2026-09-28T21:33:57.841033+00:00,37,12865
2026-09-28T21:34:09.206502+00:00,38,12865
2026-09-28T21:34:19.295401+00:00,38,12865
2026-09-28T21:34:29.381997+00:00,37,12865
2026-09-28T21:34:39.472525+00:00,37,12865
2026-09-28T21:34:51.209187+00:00,36,12865
2026-09-28T21:35:01.295976+00:00,36,12865
2026-09-28T21:35:11.394019+00:00,37,12865
2026-09-28T21:35:21.486067+00:00,36,12865
2026-09-28T21:35:32.882046+00:00,38,12865
2026-09-28T21:35:42.975910+00:00,37,12865
2026-09-28T21:35:53.064252+00:00,37,12865
2026-09-28T21:36:03.154238+00:00,37,12865
2026-09-28T21:36:14.639919+00:00,37,12865
2026-09-28T21:36:24.725870+00:00,37,12865
2026-09-28T21:36:34.820201+00:00,37,12865
2026-09-28T21:36:44.915018+00:00,38,12865
2026-09-28T21:36:56.258266+00:00,39,12865
2026-09-28T21:37:06.351765+00:00,33,12865
2026-09-28T21:37:16.449145+00:00,38,12865
2026-09-28T21:37:26.542536+00:00,37,12865
2026-09-28T21:37:38.462552+00:00,38,12865
2026-09-28T21:37:48.550071+00:00,38,12865
2026-09-28T21:37:58.641021+00:00,38,12865
2026-09-28T21:38:08.729081+00:00,38,12865
2026-09-28T21:38:20.265679+00:00,39,12865
2026-09-28T21:38:30.361839+00:00,39,12865
2026-09-28T21:38:40.447245+00:00,38,12865
2026-09-28T21:38:50.543065+00:00,38,12865
2026-09-28T21:39:01.910685+00:00,39,12865
2026-09-28T21:39:11.996142+00:00,39,12865
2026-09-28T21:39:22.086703+00:00,39,12865
2026-09-28T21:39:32.175608+00:00,37,12865
2026-09-28T21:39:43.924995+00:00,41,12865
2026-09-28T21:39:54.020979+00:00,40,12865
2026-09-28T21:40:04.113355+00:00,38,12865
2026-09-28T21:40:14.198929+00:00,39,12865
2026-09-28T21:40:25.716867+00:00,38,12865
2026-09-28T21:40:35.807774+00:00,37,12865
2026-09-28T21:40:45.894978+00:00,38,12865
2026-09-28T21:40:55.982523+00:00,38,12865
2026-09-28T21:41:07.349968+00:00,38,12865
2026-09-28T21:41:17.445562+00:00,39,12865
2026-09-28T21:41:27.539904+00:00,37,12865
2026-09-28T21:41:37.627684+00:00,37,12865
2026-09-28T21:41:49.353176+00:00,38,12865
2026-09-28T21:41:59.446590+00:00,38,12865
2026-09-28T21:42:09.532110+00:00,37,12865
2026-09-28T21:42:19.626469+00:00,37,12865
2026-09-28T21:42:31.201779+00:00,36,12865
2026-09-28T21:42:41.295282+00:00,37,12865
2026-09-28T21:42:51.386302+00:00,35,12865
2026-09-28T21:43:01.476683+00:00,30,12865
2026-09-28T21:43:13.403310+00:00,37,12865
2026-09-28T21:43:23.494812+00:00,37,12865
2026-09-28T21:43:33.585566+00:00,36,12865
2026-09-28T21:43:43.675769+00:00,37,12865
2026-09-28T21:43:55.082121+00:00,38,12865
2026-09-28T21:44:05.176573+00:00,37,12865
2026-09-28T21:44:15.274291+00:00,37,12865
2026-09-28T21:44:25.361322+00:00,37,12865
2026-09-28T21:44:36.827109+00:00,38,12865
2026-09-28T21:44:46.918171+00:00,39,12865
2026-09-28T21:44:57.007198+00:00,39,12865
2026-09-28T21:45:07.093627+00:00,38,12865
2026-09-28T21:45:18.540167+00:00,40,12865
2026-09-28T21:45:28.630743+00:00,40,12865
2026-09-28T21:45:38.720492+00:00,39,12865
2026-09-28T21:45:48.816778+00:00,37,12865
2026-09-28T21:46:00.311892+00:00,39,12865
2026-09-28T21:46:10.410503+00:00,39,12865
2026-09-28T21:46:20.498671+00:00,36,12865
2026-09-28T21:46:30.603946+00:00,38,12865
2026-09-28T21:46:41.920880+00:00,37,12865
2026-09-28T21:46:52.016889+00:00,38,12865
2026-09-28T21:47:02.106760+00:00,37,12865
2026-09-28T21:47:12.195192+00:00,37,12865
2026-09-28T21:47:24.057043+00:00,36,12865
2026-09-28T21:47:34.149409+00:00,37,12865
2026-09-28T21:47:44.242077+00:00,34,12865
2026-09-28T21:47:54.338429+00:00,38,12865
2026-09-28T21:48:06.118595+00:00,34,12865
2026-09-28T21:48:16.206330+00:00,37,12865
2026-09-28T21:48:26.299752+00:00,38,12865
2026-09-28T21:48:36.387925+00:00,36,12865
2026-09-28T21:48:47.864121+00:00,41,12865
2026-09-28T21:48:57.955084+00:00,37,12865
2026-09-28T21:49:08.049975+00:00,38,12865
2026-09-28T21:49:18.139152+00:00,36,12865
2026-09-28T21:49:30.022399+00:00,38,12865
2026-09-28T21:49:40.118022+00:00,37,12865
2026-09-28T21:49:50.209770+00:00,37,12865
2026-09-28T21:50:00.307914+00:00,38,12865
2026-09-28T21:50:11.827503+00:00,38,12865
2026-09-28T21:50:21.916432+00:00,37,12865
2026-09-28T21:50:32.004834+00:00,39,12865
2026-09-28T21:50:42.091646+00:00,37,12865
2026-09-28T21:50:53.602348+00:00,40,12865
2026-09-28T21:51:03.697035+00:00,39,12865
2026-09-28T21:51:13.793463+00:00,39,12865
2026-09-28T21:51:23.888716+00:00,38,12865
2026-09-28T21:51:35.654588+00:00,39,12865
2026-09-28T21:51:45.744095+00:00,39,12865
2026-09-28T21:51:55.842372+00:00,39,12865
2026-09-28T21:52:05.928727+00:00,37,12865
2026-09-28T21:52:17.559007+00:00,41,12865
2026-09-28T21:52:27.653263+00:00,41,12865
2026-09-28T21:52:37.739064+00:00,38,12865
2026-09-28T21:52:47.828525+00:00,32,12865
2026-09-28T21:52:59.707292+00:00,39,12865
2026-09-28T21:53:09.794998+00:00,35,12865
2026-09-28T21:53:19.887180+00:00,37,12865
2026-09-28T21:53:29.987760+00:00,37,12865
2026-09-28T21:53:42.099932+00:00,34,12865
2026-09-28T21:53:52.190737+00:00,37,12865
2026-09-28T21:54:02.284157+00:00,38,12865
2026-09-28T21:54:12.376065+00:00,35,12865
2026-09-28T21:54:23.863913+00:00,35,12865
2026-09-28T21:54:33.953831+00:00,37,12865
2026-09-28T21:54:44.048470+00:00,35,12865
2026-09-28T21:54:54.140764+00:00,35,12865
2026-09-28T21:55:05.660374+00:00,37,12865
2026-09-28T21:55:15.751927+00:00,36,12865
2026-09-28T21:55:25.843354+00:00,36,12865
2026-09-28T21:55:35.930755+00:00,36,12865
2026-09-28T21:55:47.540226+00:00,36,12865
2026-09-28T21:55:57.628345+00:00,37,12865
2026-09-28T21:56:07.720744+00:00,36,12865
2026-09-28T21:56:17.818574+00:00,36,12865
2026-09-28T21:56:29.683616+00:00,37,12865
2026-09-28T21:56:39.776157+00:00,37,12865
2026-09-28T21:56:49.871904+00:00,37,12865
2026-09-28T21:56:59.968171+00:00,37,12865
2026-09-28T21:57:11.472775+00:00,36,12865
2026-09-28T21:57:21.565335+00:00,39,12865
2026-09-28T21:57:31.652531+00:00,39,12865
2026-09-28T21:57:41.749097+00:00,38,12865
2026-09-28T21:57:53.288323+00:00,36,12865
2026-09-28T21:58:03.380214+00:00,37,12865
2026-09-28T21:58:13.474562+00:00,37,12865
2026-09-28T21:58:23.563177+00:00,30,12865
2026-09-28T21:58:35.496062+00:00,36,12865
2026-09-28T21:58:45.592026+00:00,36,12865
2026-09-28T21:58:55.682978+00:00,46,12905
2026-09-28T21:59:05.775455+00:00,40,12905
2026-09-28T21:59:18.037640+00:00,47,12905
2026-09-28T21:59:28.123815+00:00,46,12905
2026-09-28T21:59:38.217556+00:00,47,12905
2026-09-28T21:59:48.312809+00:00,47,12905
2026-09-29T02:53:41.476269+00:00,100,39215
2026-09-29T02:53:52.869744+00:00,99,39215
2026-09-29T02:54:02.970644+00:00,100,39215
2026-09-29T02:54:13.073130+00:00,100,39459
2026-09-29T02:54:23.167335+00:00,100,39499
2026-09-29T02:54:35.479758+00:00,94,39499
2026-09-29T02:54:45.579352+00:00,99,39499
2026-09-29T02:54:55.673402+00:00,100,39499
2026-09-29T02:55:05.769211+00:00,100,39499
2026-09-29T02:55:17.824574+00:00,43,39499
2026-09-29T02:55:27.924096+00:00,78,39499
2026-09-29T02:55:38.016268+00:00,100,39499
2026-09-29T02:55:48.108639+00:00,100,39499
2026-09-29T02:56:00.735837+00:00,99,39499
2026-09-29T02:56:10.830395+00:00,100,39501
2026-09-29T02:56:20.925401+00:00,98,39501
2026-09-29T02:56:31.027586+00:00,100,39501
2026-09-29T02:56:43.771700+00:00,100,39501
2026-09-29T02:56:53.871535+00:00,100,39501
2026-09-29T02:57:03.973027+00:00,100,39501
2026-09-29T02:57:14.064305+00:00,97,39501
2026-09-29T02:57:26.336826+00:00,100,39501
2026-09-29T02:57:36.439571+00:00,100,39501
2026-09-29T02:57:46.537447+00:00,100,39501
2026-09-29T02:57:56.630244+00:00,100,39501
2026-09-29T02:58:09.522995+00:00,100,39501
2026-09-29T02:58:19.622730+00:00,100,39501
2026-09-29T02:58:29.720408+00:00,100,39501
2026-09-29T02:58:39.820265+00:00,100,39501
2026-09-29T03:01:33.778651+00:00,95,39215
2026-09-29T03:01:43.874790+00:00,100,39471
2026-09-29T03:01:54.013590+00:00,97,39499
2026-09-29T03:02:04.111410+00:00,100,39499
2026-09-29T03:02:14.216984+00:00,100,39499
2026-09-29T03:02:24.967230+00:00,100,39499
2026-09-29T03:02:35.064671+00:00,100,39499
2026-09-29T03:02:45.156383+00:00,100,39499
2026-09-29T03:02:55.248373+00:00,100,39499
2026-09-29T03:03:05.340687+00:00,100,39499
2026-09-29T03:03:15.430545+00:00,100,39499
2026-09-29T03:03:25.520559+00:00,100,39499
2026-09-29T03:03:37.029281+00:00,100,39501
2026-09-29T03:03:47.123017+00:00,99,39501
2026-09-29T03:03:57.221608+00:00,100,39501
2026-09-29T03:04:07.328074+00:00,100,39501
2026-09-29T03:04:19.133053+00:00,100,39501
2026-09-29T03:04:29.228966+00:00,100,39501
2026-09-29T03:04:39.319952+00:00,100,39501
2026-09-29T03:04:49.414956+00:00,100,39501
2026-09-29T03:05:01.110406+00:00,55,39501
2026-09-29T03:05:11.207094+00:00,100,39501
2026-09-29T03:05:21.297765+00:00,100,39501
2026-09-29T03:05:31.393514+00:00,100,39501
2026-09-29T03:05:43.039825+00:00,100,39501
2026-09-29T03:05:53.130653+00:00,100,39501
2026-09-29T03:06:03.232844+00:00,93,39501
2026-09-29T03:06:13.322048+00:00,100,39501
2026-09-29T03:06:24.503425+00:00,97,39501
2026-09-29T03:06:34.597896+00:00,100,39501
2026-09-29T03:06:44.690465+00:00,100,39501
2026-09-29T03:06:54.783302+00:00,100,39501
2026-09-29T03:07:06.067436+00:00,98,39501
2026-09-29T03:07:16.156985+00:00,100,39501
2026-09-29T03:07:26.246423+00:00,100,39501
2026-09-29T03:07:36.335283+00:00,100,39501
2026-09-29T03:07:48.040142+00:00,100,39501
2026-09-29T03:07:58.141246+00:00,100,39501
2026-09-29T03:08:08.231665+00:00,99,39501
2026-09-29T03:08:18.348614+00:00,96,39501
2026-09-29T03:08:29.704058+00:00,99,39501
2026-09-29T03:08:39.793060+00:00,100,39541
2026-09-29T03:08:49.887821+00:00,99,39541
2026-09-29T03:08:59.976059+00:00,97,39541
2026-09-29T03:09:12.076080+00:00,98,39541
2026-09-29T03:09:22.176170+00:00,100,39541
2026-09-29T03:09:32.272484+00:00,100,39541
2026-09-29T03:09:42.372085+00:00,98,39541
2026-09-29T03:09:54.636479+00:00,97,39541
2026-09-29T03:10:04.725217+00:00,100,39541
2026-09-29T03:10:14.819960+00:00,100,39541
2026-09-29T03:10:24.909576+00:00,99,39541
2026-09-29T03:10:36.859102+00:00,100,39541
2026-09-29T03:10:46.951761+00:00,100,39541
2026-09-29T03:10:57.045722+00:00,100,39541
2026-09-29T03:11:07.136873+00:00,100,39541
2026-09-29T03:11:19.064946+00:00,100,39541
2026-09-29T03:11:29.156577+00:00,100,39541
2026-09-29T03:11:39.248942+00:00,100,39541
2026-09-29T03:11:49.342816+00:00,100,39541
2026-09-29T03:12:01.130602+00:00,100,39541
2026-09-29T03:12:11.228307+00:00,100,39541
2026-09-29T03:12:21.330059+00:00,100,39541
2026-09-29T03:12:31.431982+00:00,99,39541
2026-09-29T03:12:43.052496+00:00,100,39541
2026-09-29T03:12:53.142039+00:00,100,39541
2026-09-29T03:13:03.241761+00:00,99,39541
2026-09-29T03:13:13.335046+00:00,100,39541
2026-09-29T03:13:24.908813+00:00,100,39541
2026-09-29T03:13:34.998804+00:00,100,39541
2026-09-29T03:13:45.092133+00:00,100,39541
2026-09-29T03:13:55.186177+00:00,99,39541
2026-09-29T03:14:06.969871+00:00,98,39541
2026-09-29T03:14:17.069581+00:00,98,39541
2026-09-29T03:14:27.160791+00:00,97,39541
2026-09-29T03:14:37.253221+00:00,100,39541
2026-09-29T03:14:48.818660+00:00,100,39541
2026-09-29T03:14:59.912110+00:00,100,39541
2026-09-29T03:15:10.002885+00:00,100,39541
2026-09-29T03:15:20.098687+00:00,100,39541
2026-09-29T03:15:30.856201+00:00,100,39541
2026-09-29T03:15:40.961218+00:00,100,39541
2026-09-29T03:15:51.054624+00:00,99,39541
2026-09-29T03:16:01.148492+00:00,100,39541
2026-09-29T03:16:13.230855+00:00,100,39541
2026-09-29T03:16:23.318734+00:00,100,39541
2026-09-29T03:16:33.407138+00:00,100,39541
2026-09-29T03:16:43.505516+00:00,100,39541
2026-09-29T03:16:55.097927+00:00,98,39541
2026-09-29T03:17:05.184263+00:00,51,39541
2026-09-29T03:17:15.278910+00:00,100,39541
2026-09-29T03:17:25.367100+00:00,100,39541
2026-09-29T03:17:37.125494+00:00,99,39541
2026-09-29T03:17:47.222577+00:00,100,39541
2026-09-29T03:17:57.313031+00:00,100,39541
2026-09-29T03:18:07.402369+00:00,100,39541
2026-09-29T03:18:18.606825+00:00,100,39541
2026-09-29T03:18:28.694852+00:00,100,39541
2026-09-29T03:18:38.789351+00:00,100,39541
2026-09-29T03:18:48.881632+00:00,100,39541
2026-09-29T03:19:00.241155+00:00,100,39541
2026-09-29T03:19:10.338458+00:00,100,39541
2026-09-29T03:19:20.432270+00:00,100,39541
2026-09-29T03:19:30.540476+00:00,100,39541
2026-09-29T03:19:41.941005+00:00,99,39541
2026-09-29T03:19:52.028607+00:00,98,39541
2026-09-29T03:20:02.131033+00:00,100,39541
2026-09-29T03:20:12.218281+00:00,100,39541
2026-09-29T03:20:23.635313+00:00,100,39541
2026-09-29T03:20:33.731739+00:00,97,39541
2026-09-29T03:20:43.827055+00:00,100,39541
2026-09-29T03:20:53.918420+00:00,100,39541
2026-09-29T03:21:05.725828+00:00,100,39541
2026-09-29T03:21:15.820851+00:00,100,39541
2026-09-29T03:21:25.910877+00:00,100,39541
2026-09-29T03:21:36.002382+00:00,97,39541
2026-09-29T03:21:47.993589+00:00,100,39541
2026-09-29T03:21:58.148151+00:00,98,39541
2026-09-29T03:22:08.236658+00:00,100,39541
2026-09-29T03:22:18.330684+00:00,100,39541
2026-09-29T03:22:29.716216+00:00,100,39541
2026-09-29T03:22:39.807890+00:00,100,39541
2026-09-29T03:22:49.895789+00:00,100,39541
2026-09-29T03:22:59.989497+00:00,97,39541
2026-09-29T03:23:11.414048+00:00,97,39541
2026-09-29T03:23:21.512730+00:00,100,39541
2026-09-29T03:23:31.602271+00:00,100,39541
2026-09-29T03:23:41.706066+00:00,100,39541
2026-09-29T03:23:53.442867+00:00,100,39541
2026-09-29T03:24:03.534885+00:00,96,39541
2026-09-29T03:24:13.627215+00:00,97,39541
2026-09-29T03:24:23.720540+00:00,88,39541
2026-09-29T03:24:35.045963+00:00,97,39541
2026-09-29T03:24:45.138973+00:00,100,39541
2026-09-29T03:24:55.231952+00:00,100,39541
2026-09-29T03:25:05.324467+00:00,99,39541
2026-09-29T03:25:17.183011+00:00,100,39541
2026-09-29T03:25:27.274818+00:00,100,39541
2026-09-29T03:25:37.365201+00:00,100,39541
2026-09-29T03:25:47.463149+00:00,100,39541
2026-09-29T03:25:58.766744+00:00,100,39541
2026-09-29T03:26:08.857762+00:00,100,39541
2026-09-29T03:26:18.951649+00:00,100,39541
2026-09-29T03:26:29.041850+00:00,100,39541
2026-09-29T03:26:40.356993+00:00,100,39541
2026-09-29T03:26:50.445305+00:00,100,39541
2026-09-29T03:27:00.552353+00:00,100,39541
2026-09-29T03:27:10.651296+00:00,99,39541
2026-09-29T03:27:22.560220+00:00,100,39541
2026-09-29T03:27:32.657590+00:00,100,39541
2026-09-29T03:27:42.753108+00:00,87,39541
2026-09-29T03:27:52.839652+00:00,98,39541
2026-09-29T03:28:03.914879+00:00,100,39541
2026-09-29T03:28:16.616493+00:00,100,39541
2026-09-29T03:28:26.712760+00:00,100,39541
2026-09-29T03:28:36.806105+00:00,100,39541
2026-09-29T03:28:47.502002+00:00,97,39541
2026-09-29T03:28:57.604601+00:00,100,39541
2026-09-29T03:29:07.699112+00:00,49,39541
2026-09-29T03:29:17.791928+00:00,100,39541
2026-09-29T03:29:30.010534+00:00,100,39541
2026-09-29T03:29:40.102922+00:00,94,37655
2026-09-29T03:29:50.197816+00:00,100,37655
2026-09-29T03:30:00.301707+00:00,100,37655
2026-09-29T03:30:11.799887+00:00,99,37655
2026-09-29T03:30:21.899597+00:00,79,37655
2026-09-29T03:30:31.994490+00:00,100,37655
2026-09-29T03:30:42.090602+00:00,100,37655
2026-09-29T03:30:53.848127+00:00,99,37655
2026-09-29T03:31:03.937147+00:00,100,37655
2026-09-29T03:31:14.031574+00:00,100,37655
2026-09-29T03:31:24.126363+00:00,99,37655
2026-09-29T03:31:35.894639+00:00,90,37655
2026-09-29T03:31:45.983027+00:00,99,37655
2026-09-29T03:31:56.077873+00:00,99,37655
2026-09-29T03:32:06.180708+00:00,99,37655
2026-09-29T03:32:17.644269+00:00,100,37655
2026-09-29T03:32:27.733675+00:00,100,37655
2026-09-29T03:32:37.839636+00:00,100,37655
2026-09-29T03:32:47.927548+00:00,94,37655
2026-09-29T03:33:00.077576+00:00,100,37655
2026-09-29T03:33:10.171082+00:00,100,37655
2026-09-29T03:33:20.261292+00:00,100,37655
2026-09-29T03:33:30.360755+00:00,100,37655
2026-09-29T03:33:41.940280+00:00,83,37655
2026-09-29T03:33:52.036973+00:00,99,37655
2026-09-29T03:34:02.131690+00:00,98,37655
2026-09-29T03:34:12.226834+00:00,99,37655
2026-09-29T03:34:23.815256+00:00,100,37655
2026-09-29T03:34:33.911554+00:00,100,37655
2026-09-29T03:34:43.998915+00:00,99,37655
2026-09-29T03:34:54.087564+00:00,99,37655
2026-09-29T03:35:05.788108+00:00,98,37655
2026-09-29T03:35:15.880930+00:00,100,37655
2026-09-29T03:35:25.980669+00:00,100,37655
2026-09-29T03:35:36.068658+00:00,100,37655
2026-09-29T03:35:47.420563+00:00,99,37655
2026-09-29T03:35:57.507912+00:00,100,37655
2026-09-29T03:36:07.604121+00:00,100,37655
2026-09-29T03:36:17.704991+00:00,100,37655
2026-09-29T03:36:29.601563+00:00,100,37655
2026-09-29T03:36:39.689495+00:00,92,37655
2026-09-29T03:36:49.790250+00:00,100,37655
2026-09-29T03:36:59.882768+00:00,100,37655
2026-09-29T03:37:11.751579+00:00,100,37655
2026-09-29T03:37:21.840301+00:00,100,37655
2026-09-29T03:37:31.933660+00:00,100,37655
2026-09-29T03:37:42.029347+00:00,100,37655
2026-09-29T03:37:53.818409+00:00,100,37655
2026-09-29T03:38:03.908412+00:00,100,37655
2026-09-29T03:38:14.002043+00:00,100,37655
2026-09-29T03:38:24.094789+00:00,100,37655
2026-09-29T03:38:36.254397+00:00,100,37655
2026-09-29T03:38:46.351533+00:00,100,37655
2026-09-29T03:38:56.447755+00:00,100,37655
2026-09-29T03:39:06.549660+00:00,100,37655
2026-09-29T03:39:18.980539+00:00,80,37655
2026-09-29T03:39:29.080741+00:00,100,37655
2026-09-29T03:39:39.189728+00:00,82,37655
2026-09-29T03:39:49.282013+00:00,58,37655
2026-09-29T03:40:01.617217+00:00,100,37655
2026-09-29T03:40:11.712171+00:00,100,37655
2026-09-29T03:40:21.812110+00:00,95,36313
2026-09-29T03:40:31.909200+00:00,39,36269
2026-09-29T03:40:43.837025+00:00,40,36269
2026-09-29T03:40:53.989743+00:00,29,36269
2026-09-29T03:41:04.095329+00:00,45,36269
2026-09-29T03:41:14.186743+00:00,47,36291
2026-09-29T03:41:25.764603+00:00,100,36291
2026-09-29T03:41:35.853667+00:00,100,36291
2026-09-29T03:41:45.939989+00:00,100,36291
2026-09-29T03:41:56.045109+00:00,99,36291
2026-09-29T03:42:07.816701+00:00,97,36291
2026-09-29T03:42:17.904142+00:00,92,36291
2026-09-29T03:42:27.997258+00:00,100,36291
2026-09-29T03:42:38.089997+00:00,95,36291
2026-09-29T03:42:50.159306+00:00,99,36291
2026-09-29T03:43:00.287202+00:00,99,36291
2026-09-29T03:43:10.379832+00:00,99,36291
2026-09-29T03:43:20.483455+00:00,74,36291
2026-09-29T03:43:32.392795+00:00,99,36291
2026-09-29T03:43:42.482451+00:00,100,36291
2026-09-29T03:43:52.571045+00:00,100,36291
2026-09-29T03:44:02.670901+00:00,100,36291
2026-09-29T03:44:14.584083+00:00,100,36291
2026-09-29T03:44:24.679607+00:00,100,36291
2026-09-29T03:44:34.773103+00:00,100,36291
2026-09-29T03:44:44.870623+00:00,100,36291
2026-09-29T03:44:57.233483+00:00,100,36291
2026-09-29T03:45:07.329075+00:00,100,36291
2026-09-29T03:45:17.424582+00:00,100,36291
2026-09-29T03:45:27.525333+00:00,99,36291
2026-09-29T03:45:39.585457+00:00,100,36291
2026-09-29T03:45:49.683433+00:00,99,36291
2026-09-29T03:45:59.779997+00:00,100,36291
2026-09-29T03:46:09.876227+00:00,100,36291
2026-09-29T03:46:22.327661+00:00,100,36291
2026-09-29T03:46:32.425476+00:00,100,36291
2026-09-29T03:46:42.530735+00:00,100,36291
2026-09-29T03:46:52.629302+00:00,100,36291
2026-09-29T03:47:04.510648+00:00,100,36291
2026-09-29T03:47:14.601944+00:00,100,36291
2026-09-29T03:47:24.694091+00:00,100,36293
2026-09-29T03:47:34.791262+00:00,100,36293
2026-09-29T03:47:46.248208+00:00,93,36293
2026-09-29T03:47:56.343043+00:00,93,36293
2026-09-29T03:48:06.444364+00:00,100,36293
2026-09-29T03:48:16.538484+00:00,87,36293
2026-09-29T03:48:28.239058+00:00,100,36293
2026-09-29T03:48:38.328720+00:00,100,36293
2026-09-29T03:48:48.420201+00:00,100,36293
2026-09-29T03:48:58.513114+00:00,100,36293
2026-09-29T03:49:10.829048+00:00,100,36293
2026-09-29T03:49:20.917009+00:00,100,36293
2026-09-29T03:49:31.006531+00:00,99,36293
2026-09-29T03:49:41.100431+00:00,100,36293
2026-09-29T03:49:52.381757+00:00,99,36293
2026-09-29T03:50:02.471572+00:00,100,36293
2026-09-29T03:50:12.560824+00:00,99,36293
2026-09-29T03:50:22.651029+00:00,100,36293
2026-09-29T03:50:34.448943+00:00,100,36293
2026-09-29T03:50:44.547103+00:00,100,36293
2026-09-29T03:50:54.640619+00:00,100,36293
2026-09-29T03:51:04.732901+00:00,99,36293
2026-09-29T03:51:16.812201+00:00,100,36293
2026-09-29T03:51:26.916405+00:00,99,36293
2026-09-29T03:51:37.007071+00:00,98,36293
2026-09-29T03:51:47.100855+00:00,52,36313
2026-09-29T03:51:59.032262+00:00,40,36271
2026-09-29T03:52:09.154158+00:00,37,36271
2026-09-29T03:52:19.251793+00:00,38,36271
2026-09-29T03:52:29.339053+00:00,39,36271
2026-09-29T03:52:40.901781+00:00,100,39639
2026-09-29T03:52:51.005938+00:00,100,39639
2026-09-29T03:53:01.093636+00:00,100,39639
2026-09-29T03:53:11.187259+00:00,100,39639
2026-09-29T03:53:23.300223+00:00,100,39639
2026-09-29T03:53:33.398720+00:00,97,39639
2026-09-29T03:53:43.490547+00:00,100,39639
2026-09-29T03:53:53.586905+00:00,100,39639
2026-09-29T03:54:05.120033+00:00,100,39639
2026-09-29T03:54:15.213109+00:00,97,39639
2026-09-29T03:54:25.305961+00:00,100,39639
2026-09-29T03:54:35.399649+00:00,100,39639
2026-09-29T03:54:47.011835+00:00,100,39639
2026-09-29T03:54:57.109361+00:00,97,39639
2026-09-29T03:55:07.232362+00:00,100,39639
2026-09-29T03:55:17.325134+00:00,100,39639
2026-09-29T03:55:28.816574+00:00,98,39639
2026-09-29T03:55:38.914730+00:00,100,39639
2026-09-29T03:55:49.010952+00:00,100,39639
2026-09-29T03:55:59.104806+00:00,100,39639
2026-09-29T03:56:10.831952+00:00,100,39639
2026-09-29T03:56:20.927908+00:00,100,39639
2026-09-29T03:56:31.020819+00:00,98,39639
2026-09-29T03:56:41.117180+00:00,100,39639
2026-09-29T03:56:52.878330+00:00,100,39639
2026-09-29T03:57:02.968069+00:00,99,39639
2026-09-29T03:57:13.058977+00:00,93,39639
2026-09-29T03:57:23.147960+00:00,100,39639
2026-09-29T03:57:35.229797+00:00,100,39639
2026-09-29T03:57:45.318613+00:00,100,39639
2026-09-29T03:57:55.413358+00:00,99,39639
2026-09-29T03:58:05.503482+00:00,96,39639
2026-09-29T03:58:18.103225+00:00,99,39639
2026-09-29T03:58:28.203068+00:00,99,39639
2026-09-29T03:58:38.296848+00:00,97,39639
2026-09-29T03:58:48.395510+00:00,98,39639
2026-09-29T03:59:00.196975+00:00,98,39639
2026-09-29T03:59:10.295241+00:00,100,39639
2026-09-29T03:59:20.394402+00:00,99,39639
2026-09-29T03:59:30.495916+00:00,100,39639
2026-09-29T03:59:42.104243+00:00,100,39639
2026-09-29T03:59:52.195227+00:00,100,39639
2026-09-29T04:00:02.286688+00:00,97,39639
2026-09-29T04:00:12.376417+00:00,100,39639
2026-09-29T04:00:24.962383+00:00,100,39639
2026-09-29T04:00:35.052051+00:00,97,39639
2026-09-29T04:00:45.141548+00:00,100,39639
2026-09-29T04:00:55.232910+00:00,99,39639
2026-09-29T04:01:07.572499+00:00,97,39639
2026-09-29T04:01:17.664961+00:00,98,39639
2026-09-29T04:01:27.755447+00:00,100,39639
2026-09-29T04:01:37.850161+00:00,100,39639
2026-09-29T04:01:49.715506+00:00,100,39639
2026-09-29T04:01:59.807623+00:00,100,39639
2026-09-29T04:02:09.908383+00:00,93,39639
2026-09-29T04:02:19.999937+00:00,88,39639
2026-09-29T04:02:31.983672+00:00,100,39639
2026-09-29T04:02:42.080271+00:00,97,39639
2026-09-29T04:02:52.168138+00:00,97,39639
2026-09-29T04:03:02.259504+00:00,98,39639
2026-09-29T04:03:14.091225+00:00,100,39639
2026-09-29T04:03:24.194294+00:00,100,39639
2026-09-29T04:03:34.281672+00:00,100,39639
2026-09-29T04:03:44.372518+00:00,100,39639
2026-09-29T04:03:56.595417+00:00,97,39639
2026-09-29T04:04:06.688389+00:00,100,39639
2026-09-29T04:04:16.791737+00:00,100,39639
2026-09-29T04:04:26.885151+00:00,51,39639
2026-09-29T04:04:39.268512+00:00,100,39639
2026-09-29T04:04:49.368698+00:00,99,39639
2026-09-29T04:04:59.467809+00:00,100,39639
2026-09-29T04:05:09.560629+00:00,100,39639
2026-09-29T04:05:21.139800+00:00,100,39639
2026-09-29T04:05:31.241509+00:00,100,39639
2026-09-29T04:05:41.335660+00:00,100,39639
2026-09-29T04:05:51.423922+00:00,100,39639
2026-09-29T04:06:02.898643+00:00,100,39639
2026-09-29T04:06:12.992571+00:00,97,39639
2026-09-29T04:06:23.116981+00:00,100,39639
2026-09-29T04:06:33.210694+00:00,100,39639
2026-09-29T04:06:45.189994+00:00,99,39639
2026-09-29T04:06:55.280314+00:00,96,39639
2026-09-29T04:07:05.371976+00:00,100,39639
2026-09-29T04:07:15.473321+00:00,100,39639
2026-09-29T04:07:27.102197+00:00,100,39639
2026-09-29T04:07:37.198740+00:00,100,39639
2026-09-29T04:07:47.289965+00:00,99,39639
2026-09-29T04:07:57.381754+00:00,100,39639
2026-09-29T04:08:09.629282+00:00,100,39639
2026-09-29T04:08:19.723875+00:00,100,39639
2026-09-29T04:08:29.812294+00:00,97,39639
2026-09-29T04:08:39.904723+00:00,100,39639
2026-09-29T04:08:51.550212+00:00,100,39639
2026-09-29T04:09:01.644209+00:00,99,39639
2026-09-29T04:09:11.737979+00:00,100,39639
2026-09-29T04:09:21.828097+00:00,100,39639
2026-09-29T04:09:34.189925+00:00,98,39639
2026-09-29T04:09:44.294158+00:00,100,39639
2026-09-29T04:09:54.393136+00:00,100,39639
2026-09-29T04:10:04.483464+00:00,100,39639
2026-09-29T04:10:16.402237+00:00,99,39639
2026-09-29T04:10:26.493739+00:00,99,39639
2026-09-29T04:10:36.587563+00:00,100,39639
2026-09-29T04:10:46.678314+00:00,97,39639
2026-09-29T04:10:59.005433+00:00,97,39639
2026-09-29T04:11:09.099524+00:00,100,39639
2026-09-29T04:11:19.194335+00:00,100,39639
2026-09-29T04:11:29.294665+00:00,100,39639
2026-09-29T04:11:41.215549+00:00,100,39639
2026-09-29T04:11:51.310539+00:00,97,39639
2026-09-29T04:12:01.409086+00:00,99,39639
2026-09-29T04:12:11.505883+00:00,100,39639
2026-09-29T04:12:23.294515+00:00,99,39639
2026-09-29T04:12:33.396099+00:00,100,39639
2026-09-29T04:12:43.489608+00:00,99,39639
2026-09-29T04:12:53.586873+00:00,100,39639
2026-09-29T04:13:06.241193+00:00,99,39639
2026-09-29T04:13:16.329790+00:00,99,39639
2026-09-29T04:13:26.427970+00:00,100,39639
2026-09-29T04:13:36.528195+00:00,100,39639
2026-09-29T04:13:48.427940+00:00,100,39639
2026-09-29T04:13:58.521129+00:00,100,39639
2026-09-29T04:14:08.622622+00:00,99,39639
2026-09-29T04:14:18.714089+00:00,100,39639
2026-09-29T04:14:31.115503+00:00,100,39639
2026-09-29T04:14:41.215570+00:00,100,39639
2026-09-29T04:14:51.309465+00:00,100,39639
2026-09-29T04:15:01.403641+00:00,100,39639
2026-09-29T04:15:13.889064+00:00,100,39639
2026-09-29T04:15:23.987825+00:00,100,39639
2026-09-29T04:15:34.084478+00:00,99,39639
2026-09-29T04:15:44.179651+00:00,99,39639
2026-09-29T04:15:55.879024+00:00,100,39639
2026-09-29T04:16:05.966991+00:00,100,39639
2026-09-29T04:16:16.060013+00:00,45,39639
2026-09-29T04:16:26.158774+00:00,100,39639
2026-09-29T04:16:38.623753+00:00,100,39639
2026-09-29T04:16:48.716890+00:00,97,39639
2026-09-29T04:17:01.596851+00:00,96,39639
2026-09-29T04:17:11.690248+00:00,100,39639
2026-09-29T04:17:21.800956+00:00,100,39639
2026-09-29T04:17:31.902515+00:00,100,39639
2026-09-29T04:17:41.992563+00:00,100,39639
2026-09-29T04:17:52.093358+00:00,100,39639
2026-09-29T04:18:03.426010+00:00,100,39639
2026-09-29T04:18:13.524706+00:00,98,39639
2026-09-29T04:18:23.618016+00:00,100,39639
2026-09-29T04:18:33.717506+00:00,100,39639
2026-09-29T04:18:45.877928+00:00,99,39639
2026-09-29T04:18:55.973421+00:00,100,39639
2026-09-29T04:19:06.065698+00:00,99,39639
2026-09-29T04:19:16.156852+00:00,99,39639
2026-09-29T04:19:26.877883+00:00,99,39639
2026-09-29T04:19:36.977276+00:00,100,39639
2026-09-29T04:19:47.076245+00:00,100,39639
2026-09-29T04:19:58.433878+00:00,100,39639
2026-09-29T04:20:08.526350+00:00,100,39639
2026-09-29T04:20:18.627843+00:00,99,39639
2026-09-29T04:20:28.718981+00:00,98,39639
2026-09-29T04:20:40.594160+00:00,100,39639
2026-09-29T04:20:50.698156+00:00,99,39639
2026-09-29T04:21:00.824409+00:00,100,39639
2026-09-29T04:21:10.920261+00:00,100,39639
2026-09-29T04:21:23.268321+00:00,99,39639
2026-09-29T04:21:33.366004+00:00,100,39639
2026-09-29T04:21:43.463397+00:00,100,39639
2026-09-29T04:21:53.562535+00:00,99,39639
2026-09-29T04:22:05.813056+00:00,100,39639
2026-09-29T04:22:18.344514+00:00,100,39639
2026-09-29T04:22:28.433913+00:00,99,39639
2026-09-29T04:22:38.530478+00:00,99,39639
2026-09-29T04:22:49.575250+00:00,97,39639
2026-09-29T04:22:59.675494+00:00,100,39639
2026-09-29T04:23:09.795145+00:00,100,39639
2026-09-29T04:23:20.629626+00:00,97,39639
2026-09-29T04:23:31.897649+00:00,97,39639
2026-09-29T04:23:42.047088+00:00,100,39639
2026-09-29T04:23:52.146373+00:00,100,39639
2026-09-29T04:24:02.247513+00:00,100,39639
2026-09-29T04:24:14.731406+00:00,98,39639
2026-09-29T04:24:24.837958+00:00,99,39639
2026-09-29T04:24:34.929798+00:00,100,39639
2026-09-29T04:24:45.024571+00:00,99,39639
2026-09-29T04:24:56.722887+00:00,99,39639
2026-09-29T04:25:06.820147+00:00,99,39639
2026-09-29T04:25:16.908997+00:00,99,39639
2026-09-29T04:25:27.006886+00:00,97,39639
2026-09-29T04:25:38.192455+00:00,98,39639
2026-09-29T04:25:48.282258+00:00,100,39639
2026-09-29T04:25:58.373654+00:00,100,39639
2026-09-29T04:26:08.468238+00:00,100,39639
2026-09-29T04:26:19.743729+00:00,97,39639
2026-09-29T04:26:29.835662+00:00,100,39639
2026-09-29T04:26:39.933181+00:00,100,39639
2026-09-29T04:26:50.029070+00:00,100,39639
2026-09-29T04:27:01.752080+00:00,100,39639
2026-09-29T04:27:11.851772+00:00,97,39639
2026-09-29T04:27:21.945815+00:00,100,39639
2026-09-29T04:27:32.039762+00:00,100,39639
2026-09-29T04:27:43.880099+00:00,100,39639
2026-09-29T04:27:53.982388+00:00,100,39639
2026-09-29T04:28:04.070138+00:00,99,39639
2026-09-29T04:28:14.159157+00:00,67,39639
2026-09-29T04:28:25.206246+00:00,100,39639
2026-09-29T04:28:35.300335+00:00,100,39639
2026-09-29T04:28:45.397400+00:00,97,39639
2026-09-29T04:28:55.484967+00:00,100,39639
2026-09-29T04:29:06.766525+00:00,99,39639
2026-09-29T04:29:16.879156+00:00,100,39639
2026-09-29T04:29:26.973905+00:00,100,39639
2026-09-29T04:29:37.064841+00:00,99,39639
2026-09-29T04:29:48.587412+00:00,100,39639
2026-09-29T04:29:58.676221+00:00,100,39639
2026-09-29T04:30:08.773974+00:00,100,39639
2026-09-29T04:30:18.866294+00:00,100,39639
2026-09-29T04:30:30.435876+00:00,100,39639
2026-09-29T04:30:40.525372+00:00,100,39639
2026-09-29T04:30:50.616274+00:00,100,39639
2026-09-29T04:31:00.722042+00:00,100,39639
2026-09-29T04:31:11.919233+00:00,100,39639
2026-09-29T04:31:22.011161+00:00,100,39639
2026-09-29T04:31:32.099426+00:00,98,39639
2026-09-29T04:31:42.191577+00:00,100,39639
2026-09-29T04:31:54.109192+00:00,100,39639
2026-09-29T04:32:04.200849+00:00,100,39639
2026-09-29T04:32:14.299892+00:00,97,39639
2026-09-29T04:32:24.394572+00:00,100,39639
2026-09-29T04:32:35.828295+00:00,98,39639
2026-09-29T04:32:45.918199+00:00,100,39639
2026-09-29T04:32:56.018622+00:00,100,39639
2026-09-29T04:33:06.111059+00:00,100,39639
2026-09-29T04:33:18.404272+00:00,100,39639
2026-09-29T04:33:28.493049+00:00,97,39639
2026-09-29T04:33:38.583168+00:00,97,39639
2026-09-29T04:33:48.673678+00:00,99,39639
2026-09-29T04:34:00.158538+00:00,100,39639
2026-09-29T04:34:10.252085+00:00,100,39639
2026-09-29T04:34:20.357675+00:00,100,39639
2026-09-29T04:34:30.457397+00:00,100,39639
2026-09-29T04:34:41.809380+00:00,100,39639
2026-09-29T04:34:51.898173+00:00,100,39639
2026-09-29T04:35:01.996961+00:00,99,39639
2026-09-29T04:35:12.087552+00:00,70,39639
2026-09-29T04:35:23.421902+00:00,99,39639
2026-09-29T04:35:33.518891+00:00,99,39639
2026-09-29T04:35:43.606508+00:00,98,39639
2026-09-29T04:35:53.695849+00:00,100,39639
2026-09-29T04:36:05.086573+00:00,100,39639
2026-09-29T04:36:15.174683+00:00,100,39639
2026-09-29T04:36:25.267284+00:00,100,39639
2026-09-29T04:36:35.361649+00:00,100,39639
2026-09-29T04:36:46.449505+00:00,99,39639
2026-09-29T04:36:56.547381+00:00,100,39639
2026-09-29T04:37:06.645353+00:00,100,39639
2026-09-29T04:37:16.741726+00:00,100,39639
2026-09-29T04:37:27.951526+00:00,100,39639
2026-09-29T04:37:38.042345+00:00,100,39639
2026-09-29T04:37:48.138155+00:00,100,39639
2026-09-29T04:37:58.226303+00:00,99,39639
2026-09-29T04:38:09.217349+00:00,100,39639
2026-09-29T04:38:19.311244+00:00,100,39639
2026-09-29T04:38:29.400125+00:00,100,39639
2026-09-29T04:38:39.500901+00:00,100,39639
2026-09-29T04:38:50.582766+00:00,100,39639
2026-09-29T04:39:00.696145+00:00,100,39639
2026-09-29T04:39:10.785392+00:00,100,39639
2026-09-29T04:39:20.877461+00:00,100,39639
2026-09-29T04:39:32.516829+00:00,100,39639
2026-09-29T04:39:42.612404+00:00,78,39639
2026-09-29T04:39:52.707899+00:00,100,39639
2026-09-29T04:40:02.808741+00:00,100,39639
2026-09-29T04:40:14.081349+00:00,100,39639
2026-09-29T04:40:24.174774+00:00,44,39639
2026-09-29T04:40:34.265514+00:00,99,39639
2026-09-29T04:40:44.365049+00:00,42,39639
2026-09-29T04:40:55.257357+00:00,99,37641
2026-09-29T04:41:05.344090+00:00,100,37641
2026-09-29T04:41:15.429965+00:00,100,37641
2026-09-29T04:41:25.521428+00:00,99,37641
2026-09-29T04:41:36.851654+00:00,99,37641
2026-09-29T04:41:46.950269+00:00,99,37641
2026-09-29T04:41:57.039865+00:00,100,37641
2026-09-29T04:42:07.132256+00:00,100,37641
2026-09-29T04:42:18.318342+00:00,100,37641
2026-09-29T04:42:28.414915+00:00,90,37641
2026-09-29T04:42:38.507468+00:00,99,37641
2026-09-29T04:42:48.600521+00:00,100,37641
2026-09-29T04:42:59.762356+00:00,100,37641
2026-09-29T04:43:09.863485+00:00,100,37641
2026-09-29T04:43:19.959554+00:00,100,37641
2026-09-29T04:43:30.072476+00:00,45,36403
2026-09-29T04:43:41.474236+00:00,41,36407
2026-09-29T04:43:51.637339+00:00,98,36429
2026-09-29T04:44:01.722974+00:00,99,36429
2026-09-29T04:44:11.818897+00:00,99,36429
2026-09-29T04:44:22.486577+00:00,100,36429
2026-09-29T04:44:32.574555+00:00,99,36429
2026-09-29T04:44:42.676679+00:00,99,36429
2026-09-29T04:44:52.774825+00:00,99,36429
2026-09-29T04:45:05.051867+00:00,99,36429
2026-09-29T04:45:15.149800+00:00,99,36429
2026-09-29T04:45:25.239984+00:00,99,36429
2026-09-29T04:45:35.330420+00:00,99,36429
2026-09-29T04:45:47.007195+00:00,99,36429
2026-09-29T04:45:57.097519+00:00,99,36429
2026-09-29T04:46:07.191631+00:00,99,36429
2026-09-29T04:46:17.534266+00:00,99,36429
2026-09-29T04:46:28.637559+00:00,77,36429
2026-09-29T04:46:38.736413+00:00,38,36409
2026-09-29T04:46:48.828695+00:00,100,39537
2026-09-29T04:46:58.922348+00:00,97,39537
2026-09-29T04:47:10.676247+00:00,100,39537
2026-09-29T04:47:20.771488+00:00,100,39537
2026-09-29T04:47:30.890555+00:00,99,39537
2026-09-29T04:47:40.988314+00:00,100,39537
2026-09-29T04:47:52.753581+00:00,98,39537
2026-09-29T04:48:02.852252+00:00,100,39537
2026-09-29T04:48:12.943668+00:00,100,39537
2026-09-29T04:48:23.047019+00:00,100,39537
2026-09-29T04:48:34.436195+00:00,98,39537
2026-09-29T04:48:44.527992+00:00,100,39537
2026-09-29T04:48:54.623788+00:00,100,39537
2026-09-29T04:49:04.723802+00:00,99,39537
2026-09-29T04:49:16.579018+00:00,100,39537
2026-09-29T04:49:26.678908+00:00,100,39537
2026-09-29T04:49:36.771859+00:00,100,39537
2026-09-29T04:49:46.865314+00:00,100,39537
2026-09-29T04:49:58.822602+00:00,100,39537
2026-09-29T04:50:08.912926+00:00,100,39537
2026-09-29T04:50:19.004483+00:00,100,39537
2026-09-29T04:50:29.102160+00:00,97,39537
2026-09-29T04:50:41.260170+00:00,99,39537
2026-09-29T04:50:51.352983+00:00,100,39537
2026-09-29T04:51:01.444744+00:00,100,39537
2026-09-29T04:51:11.540431+00:00,100,39537
2026-09-29T04:51:23.363708+00:00,100,39537
2026-09-29T04:51:33.463739+00:00,97,39537
2026-09-29T04:51:43.570418+00:00,100,39537
2026-09-29T04:51:53.666201+00:00,100,39537
2026-09-29T04:52:05.778837+00:00,97,39537
2026-09-29T04:52:15.873723+00:00,96,39537
2026-09-29T04:52:25.973617+00:00,100,39537
2026-09-29T04:52:36.070479+00:00,100,39537
2026-09-29T04:52:48.389330+00:00,100,39537
2026-09-29T04:52:58.486773+00:00,100,39537
2026-09-29T04:53:08.585456+00:00,100,39537
2026-09-29T04:53:18.681518+00:00,100,39537
2026-09-29T04:53:31.077196+00:00,100,39537
2026-09-29T04:53:41.167822+00:00,98,39537
2026-09-29T04:53:51.254918+00:00,100,39537
2026-09-29T04:54:01.345519+00:00,98,39537
2026-09-29T04:54:13.270165+00:00,100,39537
2026-09-29T04:54:23.369276+00:00,100,39537
2026-09-29T04:54:33.466045+00:00,100,39537
2026-09-29T04:54:43.555350+00:00,100,39537
2026-09-29T04:54:55.357612+00:00,100,39537
2026-09-29T04:55:05.455013+00:00,100,39537
2026-09-29T04:55:15.549594+00:00,100,39537
2026-09-29T04:55:25.646314+00:00,100,39537
2026-09-29T04:55:37.518123+00:00,100,39537
2026-09-29T04:55:47.619811+00:00,97,39537
2026-09-29T04:55:57.714365+00:00,100,39537
2026-09-29T04:56:07.804875+00:00,97,39537
2026-09-29T04:56:20.129783+00:00,97,39537
2026-09-29T04:56:30.247962+00:00,100,39537
2026-09-29T04:56:40.337500+00:00,100,39537
2026-09-29T04:56:50.427266+00:00,99,39537
2026-09-29T04:57:02.743181+00:00,97,39537
2026-09-29T04:57:12.840697+00:00,100,39537
2026-09-29T04:57:22.934959+00:00,100,39537
2026-09-29T04:57:33.026071+00:00,83,39537
2026-09-29T04:57:44.865609+00:00,100,39537
2026-09-29T04:57:54.957870+00:00,100,39537
2026-09-29T04:58:05.049611+00:00,100,39537
2026-09-29T04:58:15.147607+00:00,51,39537
2026-09-29T04:58:26.976721+00:00,100,39537
2026-09-29T04:58:37.071589+00:00,99,39537
2026-09-29T04:58:47.162514+00:00,100,39537
2026-09-29T04:58:57.252721+00:00,100,39537
2026-09-29T04:59:09.419742+00:00,100,39537
2026-09-29T04:59:19.515088+00:00,97,39537
2026-09-29T04:59:29.608606+00:00,100,39537
2026-09-29T04:59:39.698668+00:00,97,39537
2026-09-29T04:59:51.628196+00:00,100,39537
2026-09-29T05:00:01.721150+00:00,99,39537
2026-09-29T05:00:11.808387+00:00,100,39537
2026-09-29T05:00:21.900654+00:00,100,39537
2026-09-29T05:00:34.232320+00:00,100,39537
2026-09-29T05:00:44.326854+00:00,99,39537
2026-09-29T05:00:54.425609+00:00,100,39537
2026-09-29T05:01:04.517300+00:00,97,39537
2026-09-29T05:01:16.562572+00:00,100,39537
2026-09-29T05:01:26.657355+00:00,100,39537
2026-09-29T05:01:36.750730+00:00,100,39537
2026-09-29T05:01:46.844900+00:00,100,39537
2026-09-29T05:01:58.420273+00:00,100,39537
2026-09-29T05:02:08.507906+00:00,100,39537
2026-09-29T05:02:18.601992+00:00,99,39537
2026-09-29T05:02:28.699570+00:00,100,39537
2026-09-29T05:02:40.490603+00:00,99,39537
2026-09-29T05:02:50.589701+00:00,98,39537
2026-09-29T05:03:00.695266+00:00,100,39537
2026-09-29T05:03:10.785627+00:00,99,39537
2026-09-29T05:03:23.133073+00:00,100,39537
2026-09-29T05:03:33.225324+00:00,100,39537
2026-09-29T05:03:43.322348+00:00,100,39537
2026-09-29T05:03:53.417537+00:00,100,39537
2026-09-29T05:04:05.354739+00:00,100,39537
2026-09-29T05:04:15.453619+00:00,100,39537
2026-09-29T05:04:25.542341+00:00,100,39537
2026-09-29T05:04:35.646007+00:00,100,39537
2026-09-29T05:04:47.322977+00:00,100,39537
2026-09-29T05:04:57.415866+00:00,100,39537
2026-09-29T05:05:07.509807+00:00,99,39537
2026-09-29T05:05:17.613192+00:00,100,39537
2026-09-29T05:05:29.894487+00:00,100,39537
2026-09-29T05:05:39.989884+00:00,99,39537
2026-09-29T05:05:50.083273+00:00,100,39537
2026-09-29T05:06:00.204735+00:00,100,39537
2026-09-29T05:06:12.023600+00:00,100,39537
2026-09-29T05:06:22.119694+00:00,100,39537
2026-09-29T05:06:32.216215+00:00,100,39537
2026-09-29T05:06:42.313525+00:00,99,39537
2026-09-29T05:06:55.070737+00:00,99,39537
2026-09-29T05:07:05.161697+00:00,100,39537
2026-09-29T05:07:15.255888+00:00,97,39537
2026-09-29T05:07:25.353832+00:00,100,39537
2026-09-29T05:07:37.108170+00:00,100,39537
2026-09-29T05:07:47.203760+00:00,100,39537
2026-09-29T05:07:57.292240+00:00,98,39537
2026-09-29T05:08:07.388066+00:00,100,39537
2026-09-29T05:08:19.344840+00:00,96,39537
2026-09-29T05:08:29.442243+00:00,100,39537
2026-09-29T05:08:39.535817+00:00,100,39537
2026-09-29T05:08:49.627135+00:00,97,39537
2026-09-29T05:09:01.389478+00:00,100,39537
2026-09-29T05:09:11.483756+00:00,99,39537
2026-09-29T05:09:21.575115+00:00,100,39537
2026-09-29T05:09:31.665387+00:00,99,39537
2026-09-29T05:09:43.229227+00:00,100,39537
2026-09-29T05:09:53.325148+00:00,51,39537
2026-09-29T05:10:03.481541+00:00,84,39537
2026-09-29T05:10:13.575536+00:00,100,39537
2026-09-29T05:10:25.438784+00:00,99,39537
2026-09-29T05:10:35.532019+00:00,100,39537
2026-09-29T05:10:45.629176+00:00,97,39537
2026-09-29T05:10:55.722198+00:00,100,39537
2026-09-29T05:11:07.126134+00:00,99,39537
2026-09-29T05:11:17.224588+00:00,100,39537
2026-09-29T05:11:27.384483+00:00,100,39537
2026-09-29T05:11:37.481146+00:00,98,39537
2026-09-29T05:11:49.096543+00:00,100,39537
2026-09-29T05:11:59.188975+00:00,100,39537
2026-09-29T05:12:09.280533+00:00,100,39537
2026-09-29T05:12:19.377869+00:00,99,39537
2026-09-29T05:12:31.101280+00:00,100,39537
2026-09-29T05:12:41.191899+00:00,100,39537
2026-09-29T05:12:51.291435+00:00,100,39537
2026-09-29T05:13:01.382623+00:00,100,39537
2026-09-29T05:13:12.951834+00:00,100,39537
2026-09-29T05:13:23.041486+00:00,100,39537
2026-09-29T05:13:33.139541+00:00,100,39537
2026-09-29T05:13:43.234624+00:00,100,39537
2026-09-29T05:13:54.667544+00:00,99,39537
2026-09-29T05:14:04.763122+00:00,99,39537
2026-09-29T05:14:14.853935+00:00,100,39537
2026-09-29T05:14:24.951576+00:00,100,39537
2026-09-29T05:14:36.866644+00:00,100,39537
2026-09-29T05:14:46.960256+00:00,99,39537
2026-09-29T05:14:57.051632+00:00,100,39537
2026-09-29T05:15:07.140125+00:00,97,39537
2026-09-29T05:15:18.761680+00:00,99,39537
2026-09-29T05:15:28.851074+00:00,96,39537
2026-09-29T05:15:38.943569+00:00,100,39537
2026-09-29T05:15:49.031213+00:00,100,39537
2026-09-29T05:16:00.473753+00:00,99,39537
2026-09-29T05:16:10.573017+00:00,100,39537
2026-09-29T05:16:20.667541+00:00,95,39537
2026-09-29T05:16:30.765635+00:00,100,39537
2026-09-29T05:16:42.775002+00:00,100,39537
2026-09-29T05:16:52.864242+00:00,99,39537
2026-09-29T05:17:02.956271+00:00,100,39537
2026-09-29T05:17:13.053373+00:00,100,39537
2026-09-29T05:17:24.914820+00:00,100,39537
2026-09-29T05:17:35.017668+00:00,99,39537
2026-09-29T05:17:45.112314+00:00,100,39537
2026-09-29T05:17:55.205924+00:00,100,39537
2026-09-29T05:18:06.592837+00:00,100,39537
2026-09-29T05:18:16.681999+00:00,100,39537
2026-09-29T05:18:26.773270+00:00,99,39537
2026-09-29T05:18:36.867309+00:00,99,39537
2026-09-29T05:18:48.374529+00:00,99,39537
2026-09-29T05:18:58.463392+00:00,100,39537
2026-09-29T05:19:08.562279+00:00,100,39537
2026-09-29T05:19:18.651792+00:00,100,39537
2026-09-29T05:19:30.535336+00:00,99,39537
2026-09-29T05:19:40.634330+00:00,100,39537
2026-09-29T05:19:50.729073+00:00,100,39537
2026-09-29T05:20:00.848449+00:00,100,39537
2026-09-29T05:20:12.514393+00:00,100,39537
2026-09-29T05:20:22.605845+00:00,96,39537
2026-09-29T05:20:32.696516+00:00,100,39537
2026-09-29T05:20:42.786552+00:00,100,39537
2026-09-29T05:20:54.991792+00:00,100,39537
2026-09-29T05:21:05.079649+00:00,81,39537
2026-09-29T05:21:15.177385+00:00,100,39537
2026-09-29T05:21:25.273329+00:00,99,39537
2026-09-29T05:21:37.405311+00:00,52,39537
2026-09-29T05:21:47.505583+00:00,100,39537
2026-09-29T05:21:57.595586+00:00,100,39537
2026-09-29T05:22:07.692321+00:00,98,39537
2026-09-29T05:22:19.583594+00:00,100,39537
2026-09-29T05:22:29.677499+00:00,100,39537
2026-09-29T05:22:39.774191+00:00,100,39537
2026-09-29T05:22:49.866263+00:00,99,39537
2026-09-29T05:23:02.418134+00:00,97,39537
2026-09-29T05:23:12.514194+00:00,99,39537
2026-09-29T05:23:22.603399+00:00,100,39537
2026-09-29T05:23:32.700780+00:00,98,39537
2026-09-29T05:23:44.557883+00:00,100,39537
2026-09-29T05:23:54.649212+00:00,100,39537
2026-09-29T05:24:04.739652+00:00,100,39537
2026-09-29T05:24:14.833509+00:00,97,39537
2026-09-29T05:24:26.758575+00:00,100,39537
2026-09-29T05:24:36.871704+00:00,100,39537
2026-09-29T05:24:46.960537+00:00,97,39537
2026-09-29T05:24:57.050336+00:00,100,39537
2026-09-29T05:25:09.011040+00:00,96,39537
2026-09-29T05:25:19.101779+00:00,100,39537
2026-09-29T05:25:29.199286+00:00,100,39537
2026-09-29T05:25:39.296651+00:00,100,39537
2026-09-29T05:25:51.294378+00:00,100,39537
2026-09-29T05:26:01.387807+00:00,100,39537
2026-09-29T05:26:11.485077+00:00,100,39537
2026-09-29T05:26:21.574936+00:00,100,39537
2026-09-29T05:26:33.749295+00:00,100,39537
2026-09-29T05:26:43.842029+00:00,99,39537
2026-09-29T05:26:53.931533+00:00,100,39537
2026-09-29T05:27:04.028105+00:00,100,39537
2026-09-29T05:27:15.747868+00:00,100,39537
2026-09-29T05:27:25.850208+00:00,97,39537
2026-09-29T05:27:35.948563+00:00,100,39537
2026-09-29T05:27:46.049959+00:00,100,39537
2026-09-29T05:27:58.201506+00:00,100,39537
2026-09-29T05:28:08.293722+00:00,99,39537
2026-09-29T05:28:18.383825+00:00,100,39537
2026-09-29T05:28:28.475213+00:00,100,39537
2026-09-29T05:28:40.483709+00:00,100,39537
2026-09-29T05:28:50.700777+00:00,100,39537
2026-09-29T05:29:00.814087+00:00,100,39537
2026-09-29T05:29:10.903698+00:00,100,39537
2026-09-29T05:29:23.021380+00:00,100,39537
2026-09-29T05:29:33.114795+00:00,100,39537
2026-09-29T05:29:43.208955+00:00,100,39537
2026-09-29T05:29:53.304866+00:00,100,39537
2026-09-29T05:30:05.411141+00:00,99,39537
2026-09-29T05:30:15.507874+00:00,100,39537
2026-09-29T05:30:25.607647+00:00,100,39537
2026-09-29T05:30:35.701048+00:00,98,39537
2026-09-29T05:30:47.531397+00:00,100,39537
2026-09-29T05:30:57.632027+00:00,100,39537
2026-09-29T05:31:07.726912+00:00,100,39537
2026-09-29T05:31:17.817617+00:00,97,39537
2026-09-29T05:31:29.850056+00:00,100,39537
2026-09-29T05:31:39.941383+00:00,97,39537
2026-09-29T05:31:50.029185+00:00,100,39537
2026-09-29T05:32:00.136876+00:00,100,39537
2026-09-29T05:32:12.027107+00:00,93,39537
2026-09-29T05:32:22.115818+00:00,99,39537
2026-09-29T05:32:32.212154+00:00,100,39537
2026-09-29T05:32:42.308186+00:00,100,39537
2026-09-29T05:32:54.771070+00:00,98,39537
2026-09-29T05:33:04.867064+00:00,99,39537
2026-09-29T05:33:14.964573+00:00,43,39537
2026-09-29T05:33:25.069875+00:00,99,39537
2026-09-29T05:33:37.156668+00:00,38,39537
2026-09-29T05:33:47.251533+00:00,100,37673
2026-09-29T05:33:57.356214+00:00,100,37673
2026-09-29T05:34:07.451667+00:00,100,37673
2026-09-29T05:34:19.287545+00:00,100,37673
2026-09-29T05:34:29.382007+00:00,100,37673
2026-09-29T05:34:39.474906+00:00,95,37673
2026-09-29T05:34:49.568753+00:00,100,37673
2026-09-29T05:35:01.249661+00:00,100,37673
2026-09-29T05:35:11.339548+00:00,100,37673
2026-09-29T05:35:21.432377+00:00,100,37673
2026-09-29T05:35:31.529659+00:00,100,37673
2026-09-29T05:35:43.461624+00:00,100,37673
2026-09-29T05:35:53.557128+00:00,100,37673
2026-09-29T05:36:03.654762+00:00,99,37673
2026-09-29T05:36:13.750614+00:00,100,37673
2026-09-29T05:36:25.856963+00:00,38,36219
2026-09-29T05:36:35.961294+00:00,42,36219
2026-09-29T05:36:46.056645+00:00,72,36241
2026-09-29T05:36:56.148573+00:00,100,36241
2026-09-29T05:37:08.304102+00:00,100,36241
2026-09-29T05:37:18.403698+00:00,100,36241
2026-09-29T05:37:28.494635+00:00,100,36241
2026-09-29T05:37:38.588356+00:00,100,36241
2026-09-29T05:37:50.219064+00:00,100,36241
2026-09-29T05:38:00.326862+00:00,100,36241
2026-09-29T05:38:10.418134+00:00,99,36241
2026-09-29T05:38:20.517299+00:00,100,36241
2026-09-29T05:38:32.618538+00:00,100,36241
2026-09-29T05:38:42.709095+00:00,99,36241
2026-09-29T05:38:52.801771+00:00,100,36241
2026-09-29T05:39:02.905936+00:00,99,36241
2026-09-29T05:39:14.885120+00:00,100,36241
2026-09-29T05:39:24.984986+00:00,92,36263
2026-09-29T05:39:35.086613+00:00,35,36221
2026-09-29T05:39:45.178513+00:00,99,39321
2026-09-29T05:39:57.058039+00:00,100,39321
2026-09-29T05:40:07.149747+00:00,98,39321
2026-09-29T05:40:17.241400+00:00,100,39321
2026-09-29T05:40:27.340418+00:00,99,39321
2026-09-29T05:40:39.011337+00:00,100,39321
2026-09-29T05:40:49.112688+00:00,99,39321
2026-09-29T05:40:59.206411+00:00,100,39321
2026-09-29T05:41:09.297708+00:00,100,39321
2026-09-29T05:41:21.456753+00:00,100,39321
2026-09-29T05:41:31.551657+00:00,100,39321
2026-09-29T05:41:41.643384+00:00,100,39321
2026-09-29T05:41:51.739370+00:00,100,39321
2026-09-29T05:42:04.362734+00:00,98,39321
2026-09-29T05:42:14.462893+00:00,100,39321
2026-09-29T05:42:24.559231+00:00,97,39321
2026-09-29T05:42:34.659377+00:00,100,39321
2026-09-29T05:42:47.242876+00:00,100,39321
2026-09-29T05:42:57.354875+00:00,97,39321
2026-09-29T05:43:07.445660+00:00,100,39321
2026-09-29T05:43:17.542525+00:00,97,39321
2026-09-29T05:43:29.905224+00:00,100,39321
2026-09-29T05:43:40.007899+00:00,100,39321
2026-09-29T05:43:50.106504+00:00,100,39321
2026-09-29T05:44:00.208757+00:00,99,39321
2026-09-29T05:44:12.232032+00:00,98,39321
2026-09-29T05:44:22.324530+00:00,100,39321
2026-09-29T05:44:32.415197+00:00,100,39321
2026-09-29T05:44:42.510844+00:00,99,39321
2026-09-29T05:44:54.553028+00:00,100,39321
2026-09-29T05:45:04.648548+00:00,100,39321
2026-09-29T05:45:14.754213+00:00,97,39321
2026-09-29T05:45:24.850707+00:00,100,39321
2026-09-29T05:45:36.915620+00:00,100,39321
2026-09-29T05:45:47.011669+00:00,100,39321
2026-09-29T05:45:57.112975+00:00,98,39321
2026-09-29T05:46:07.212926+00:00,100,39321
2026-09-29T05:46:19.330528+00:00,100,39321
2026-09-29T05:46:29.422748+00:00,100,39321
2026-09-29T05:46:39.521088+00:00,99,39321
2026-09-29T05:46:49.615675+00:00,100,39321
2026-09-29T05:47:01.447712+00:00,99,39321
2026-09-29T05:47:11.543007+00:00,100,39321
2026-09-29T05:47:21.635221+00:00,100,39321
2026-09-29T05:47:31.732419+00:00,100,39321
2026-09-29T05:47:43.756788+00:00,99,39321
2026-09-29T05:47:53.854536+00:00,100,39321
2026-09-29T05:48:03.947112+00:00,99,39321
2026-09-29T05:48:14.037140+00:00,100,39321
2026-09-29T05:48:25.782880+00:00,100,39321
2026-09-29T05:48:35.885326+00:00,100,39321
2026-09-29T05:48:45.977384+00:00,100,39321
2026-09-29T05:48:56.102911+00:00,96,39321
2026-09-29T05:49:08.358658+00:00,100,39321
2026-09-29T05:49:18.449447+00:00,100,39321
2026-09-29T05:49:28.544571+00:00,100,39321
2026-09-29T05:49:38.643589+00:00,100,39321
2026-09-29T05:49:50.256540+00:00,100,39321
2026-09-29T05:50:00.361794+00:00,100,39321
2026-09-29T05:50:10.459561+00:00,100,39321
2026-09-29T05:50:20.552322+00:00,100,39321
2026-09-29T05:50:32.870382+00:00,100,39321
2026-09-29T05:50:42.962906+00:00,99,39321
2026-09-29T05:50:53.055364+00:00,100,39321
2026-09-29T05:51:03.143758+00:00,46,39321
2026-09-29T05:51:15.546557+00:00,100,39321
2026-09-29T05:51:25.640129+00:00,100,39321
2026-09-29T05:51:35.735818+00:00,100,39321
2026-09-29T05:51:45.825515+00:00,97,39321
2026-09-29T05:51:57.725008+00:00,100,39321
2026-09-29T05:52:07.826664+00:00,100,39321
2026-09-29T05:52:17.923591+00:00,100,39321
2026-09-29T05:52:28.020410+00:00,99,39321
2026-09-29T05:52:40.769827+00:00,99,39321
2026-09-29T05:52:50.867646+00:00,99,39321
2026-09-29T05:53:00.967159+00:00,99,39321
2026-09-29T05:53:11.113958+00:00,100,39321
2026-09-29T05:53:22.916080+00:00,100,39321
2026-09-29T05:53:33.016533+00:00,62,39321
2026-09-29T05:53:43.171547+00:00,78,39321
2026-09-29T05:53:53.265419+00:00,100,39321
2026-09-29T05:54:05.215337+00:00,100,39321
2026-09-29T05:54:15.313029+00:00,97,39321
2026-09-29T05:54:25.407267+00:00,100,39321
2026-09-29T05:54:35.503320+00:00,100,39321
2026-09-29T05:54:47.710162+00:00,100,39321
2026-09-29T05:54:57.806749+00:00,95,39321
2026-09-29T05:55:07.898027+00:00,100,39321
2026-09-29T05:55:17.990216+00:00,100,39321
2026-09-29T05:55:30.500095+00:00,99,39321
2026-09-29T05:55:40.592829+00:00,99,39321
2026-09-29T05:55:50.687448+00:00,99,39321
2026-09-29T05:56:00.878889+00:00,98,39321
2026-09-29T05:56:13.036153+00:00,100,39321
2026-09-29T05:56:23.132182+00:00,97,39321
2026-09-29T05:56:33.221997+00:00,100,39321
2026-09-29T05:56:43.421222+00:00,100,39321
2026-09-29T05:56:55.629766+00:00,100,39321
2026-09-29T05:57:05.731581+00:00,100,39321
2026-09-29T05:57:15.829783+00:00,100,39321
2026-09-29T05:57:25.929362+00:00,85,39321
2026-09-29T05:57:38.137792+00:00,100,39321
2026-09-29T05:57:48.232939+00:00,100,39321
2026-09-29T05:57:58.325145+00:00,100,39321
2026-09-29T05:58:08.423189+00:00,100,39321
2026-09-29T05:58:20.700698+00:00,97,39321
2026-09-29T05:58:30.811102+00:00,100,39321
2026-09-29T05:58:40.901603+00:00,100,39321
2026-09-29T05:58:50.997383+00:00,100,39321
2026-09-29T05:59:02.970924+00:00,100,39321
2026-09-29T05:59:13.061635+00:00,100,39321
2026-09-29T05:59:23.151080+00:00,100,39321
2026-09-29T05:59:33.248888+00:00,100,39321
2026-09-29T05:59:44.823820+00:00,100,39321
2026-09-29T05:59:54.915380+00:00,97,39321
2026-09-29T06:00:05.009991+00:00,99,39321
2026-09-29T06:00:15.110313+00:00,100,39321
2026-09-29T06:00:26.456712+00:00,99,39321
2026-09-29T06:00:36.555699+00:00,100,39321
2026-09-29T06:00:46.650005+00:00,100,39321
2026-09-29T06:00:56.743253+00:00,98,39321
2026-09-29T06:01:08.373515+00:00,100,39321
2026-09-29T06:01:18.474987+00:00,100,39321
2026-09-29T06:01:28.566649+00:00,100,39321
2026-09-29T06:01:38.658946+00:00,100,39321
2026-09-29T06:01:50.445223+00:00,99,39321
2026-09-29T06:02:00.566474+00:00,100,39321
2026-09-29T06:02:10.662394+00:00,100,39321
2026-09-29T06:02:20.755891+00:00,100,39321
2026-09-29T06:02:33.161042+00:00,100,39321
2026-09-29T06:02:43.259722+00:00,100,39321
2026-09-29T06:02:53.359194+00:00,80,39321
2026-09-29T06:03:03.456036+00:00,43,39321
2026-09-29T06:03:15.279770+00:00,96,39321
2026-09-29T06:03:25.370633+00:00,100,39321
2026-09-29T06:03:35.466556+00:00,100,39321
2026-09-29T06:03:45.558954+00:00,100,39321
2026-09-29T06:03:57.182751+00:00,100,39321
2026-09-29T06:04:07.274379+00:00,100,39321
2026-09-29T06:04:17.366307+00:00,100,39321
2026-09-29T06:04:27.464871+00:00,100,39321
2026-09-29T06:04:39.539899+00:00,97,39321
2026-09-29T06:04:49.633579+00:00,100,39321
2026-09-29T06:04:59.729803+00:00,100,39321
2026-09-29T06:05:09.818827+00:00,100,39321
2026-09-29T06:05:21.772279+00:00,100,39321
2026-09-29T06:05:31.862908+00:00,100,39321
2026-09-29T06:05:41.954090+00:00,100,39321
2026-09-29T06:05:52.048118+00:00,97,39321
2026-09-29T06:06:04.392219+00:00,100,39321
2026-09-29T06:06:14.481668+00:00,100,39321
2026-09-29T06:06:24.582502+00:00,100,39321
2026-09-29T06:06:34.672844+00:00,100,39321
2026-09-29T06:06:46.821848+00:00,100,39321
2026-09-29T06:06:56.918435+00:00,100,39321
2026-09-29T06:07:07.010522+00:00,97,39321
2026-09-29T06:07:17.110902+00:00,100,39321
2026-09-29T06:07:29.419602+00:00,99,39321
2026-09-29T06:07:39.507939+00:00,100,39381
2026-09-29T06:07:49.602878+00:00,100,39381
2026-09-29T06:07:59.700165+00:00,98,39381
2026-09-29T06:08:11.805715+00:00,100,39381
2026-09-29T06:08:21.952740+00:00,100,39381
2026-09-29T06:08:32.048039+00:00,100,39381
2026-09-29T06:08:42.138246+00:00,98,39381
2026-09-29T06:08:54.653506+00:00,100,39381
2026-09-29T06:09:04.744876+00:00,100,39381
2026-09-29T06:09:14.840707+00:00,97,39381
2026-09-29T06:09:24.933482+00:00,100,39381
2026-09-29T06:09:36.993910+00:00,100,39381
2026-09-29T06:09:47.092464+00:00,92,39381
2026-09-29T06:09:57.188544+00:00,92,39381
2026-09-29T06:10:07.286997+00:00,100,39381
